date,source_cutoff,house,primary,incumbent,challenger,challenger_rank,actual,actual_rank_canonical,outcome,inc_support5,inc_support10,inc_family_support,inc_weighted_rr,chal_support5,chal_support10,chal_family_support,chal_weighted_rr,support5_adv,support10_adv,family_adv,weighted_rr_adv,rr_adv,inc_primary_only,inc_low_diversity,challenger_multi_support,challenger_multi_family,primary_member_count
2026-02-13,2026-02-12,Faridabad,HARUF_PYRAMID,32,39,6,46,68,NEUTRAL,1,1,1,0.02933582275558528,0,1,1,0.026773529315035495,-1,0,0,-0.0025622934405497844,-0.0092838726091381,1,1,0,0,1
2026-02-13,2026-02-12,Faridabad,HARUF_PYRAMID,32,93,7,46,68,NEUTRAL,1,1,1,0.02933582275558528,0,2,2,0.025086952652215236,-1,1,1,-0.0042488701033700435,-0.08708747967113661,1,1,1,1,1
2026-02-13,2026-02-12,Faridabad,HARUF_PYRAMID,32,34,8,46,68,NEUTRAL,1,1,1,0.02933582275558528,0,1,1,0.022063685683654057,-1,0,0,-0.007272137071931223,-0.1077504148003583,1,1,0,0,1
2026-02-13,2026-02-12,Ghaziabad,DATE_TRIAD,35,46,6,95,96,NEUTRAL,2,3,3,0.05479985392601784,0,1,1,0.01838817184066309,-2,-2,-2,-0.03641168208535475,-1.1235070264106561,0,0,0,0,1
2026-02-13,2026-02-12,Ghaziabad,DATE_TRIAD,35,74,7,95,96,NEUTRAL,2,3,3,0.05479985392601784,3,5,5,0.06677632203947718,1,2,2,0.011976468113459343,0.03228058662515676,0,0,1,1,1
2026-02-13,2026-02-12,Ghaziabad,DATE_TRIAD,35,44,8,95,96,NEUTRAL,2,3,3,0.05479985392601784,0,2,2,0.022376668931540465,-2,-1,-1,-0.032423184994477376,-0.9607873259326902,0,0,1,1,1
2026-02-13,2026-02-12,Gali,G_SQUARE_HARMONICS,27,42,6,88,89,NEUTRAL,2,3,2,0.04789569193144243,0,3,3,0.035678143519871953,-2,0,1,-0.012217548411570474,-0.22122817413824347,0,0,1,1,1
2026-02-13,2026-02-12,Gali,G_SQUARE_HARMONICS,27,52,7,88,89,NEUTRAL,2,3,2,0.04789569193144243,1,3,3,0.0393881391467519,-1,0,1,-0.00850755278469053,-0.12466442245834852,0,0,1,1,1
2026-02-13,2026-02-12,Gali,G_SQUARE_HARMONICS,27,62,8,88,89,NEUTRAL,2,3,2,0.04789569193144243,0,1,1,0.018059808588042216,-2,-2,-1,-0.02983588334340021,-0.5668140777353166,0,0,0,0,1
2026-02-14,2026-02-13,Deshawar,HARUF_PYRAMID,83,35,6,28,24,NEUTRAL,5,5,5,0.07121162054972324,1,3,3,0.07594677814878627,-4,-2,-2,0.004735157599063025,0.12517186677777414,0,0,1,1,1
2026-02-14,2026-02-13,Deshawar,HARUF_PYRAMID,83,37,7,28,24,NEUTRAL,5,5,5,0.07121162054972324,0,2,2,0.023948230400261183,-5,-3,-3,-0.047263390149462056,-0.9055520200524154,0,0,1,1,1
2026-02-14,2026-02-13,Deshawar,HARUF_PYRAMID,83,53,8,28,24,NEUTRAL,5,5,5,0.07121162054972324,2,6,6,0.0894534517446881,-3,1,1,0.018241831194964864,0.5009880093925345,0,0,1,1,1
2026-02-14,2026-02-13,Faridabad,HARUF_PYRAMID,24,42,6,84,32,NEUTRAL,1,2,2,0.04480663617385164,0,2,2,0.03322816655162723,-1,0,0,-0.011578469622224405,-0.2034714051239489,0,0,1,1,1
2026-02-14,2026-02-13,Faridabad,HARUF_PYRAMID,24,04,7,84,32,NEUTRAL,1,2,2,0.04480663617385164,3,6,6,0.08003969852056703,2,4,4,0.03523306234671539,1.0400152462562517,0,0,1,1,1
2026-02-14,2026-02-13,Faridabad,HARUF_PYRAMID,24,29,8,84,32,NEUTRAL,1,2,2,0.04480663617385164,1,2,2,0.047660876010457785,0,0,0,0.002854239836606147,0.15864656700345703,0,0,1,1,1
2026-02-14,2026-02-13,Ghaziabad,DATE_TRIAD,65,24,6,59,63,NEUTRAL,1,2,2,0.030394087097520707,1,2,2,0.035947902098532394,0,0,0,0.005553815001011687,0.1798449130675842,0,0,1,1,1
2026-02-14,2026-02-13,Ghaziabad,DATE_TRIAD,65,33,7,59,63,NEUTRAL,1,2,2,0.030394087097520707,2,3,3,0.044564745458076,1,1,1,0.01417065836055529,0.37721892517312816,0,0,1,1,1
2026-02-14,2026-02-13,Ghaziabad,DATE_TRIAD,65,42,8,59,63,NEUTRAL,1,2,2,0.030394087097520707,2,3,3,0.038906325311167625,1,1,1,0.008512238213646918,0.18293385424112463,0,0,1,1,1
2026-02-14,2026-02-13,Gali,G_SQUARE_HARMONICS,22,28,6,35,44,NEUTRAL,1,1,1,0.033015751619201006,1,3,3,0.07529179795831516,0,2,2,0.04227604633911415,1.01235067325235,1,1,1,1,1
2026-02-14,2026-02-13,Gali,G_SQUARE_HARMONICS,22,81,7,35,44,NEUTRAL,1,1,1,0.033015751619201006,1,2,2,0.041842152156148914,0,1,1,0.008826400536947908,0.18002056291584045,1,1,1,1,1
2026-02-14,2026-02-13,Gali,G_SQUARE_HARMONICS,22,82,8,35,44,NEUTRAL,1,1,1,0.033015751619201006,2,3,3,0.054134892455139146,1,2,2,0.02111914083593814,0.5011244934353174,1,1,1,1,1
2026-02-15,2026-02-14,Deshawar,HARUF_PYRAMID,77,25,6,54,28,NEUTRAL,3,4,4,0.08285547649446745,0,1,1,0.02691378028826265,-3,-3,-3,-0.0559416962062048,-1.3269231422093921,0,0,0,0,1
2026-02-15,2026-02-14,Deshawar,HARUF_PYRAMID,77,27,7,54,28,NEUTRAL,3,4,4,0.08285547649446745,1,2,2,0.050797731940270804,-2,-2,-2,-0.032057744554196646,-0.35285711445680334,0,0,1,1,1
2026-02-15,2026-02-14,Deshawar,HARUF_PYRAMID,77,52,8,54,28,NEUTRAL,3,4,4,0.08285547649446745,0,1,1,0.018805715728077533,-3,-3,-3,-0.06404976076638992,-1.4771422103949392,0,0,0,0,1
2026-02-15,2026-02-14,Faridabad,HARUF_PYRAMID,90,99,6,31,40,NEUTRAL,1,1,1,0.025161967802639792,0,2,2,0.02614050739034228,-1,1,1,0.0009785395877024879,0.027635978464878697,1,1,1,1,1
2026-02-15,2026-02-14,Faridabad,HARUF_PYRAMID,90,04,7,31,40,NEUTRAL,1,1,1,0.025161967802639792,1,3,3,0.04722254000682349,0,2,2,0.022060572204183695,0.5060140325393383,1,1,1,1,1
2026-02-15,2026-02-14,Faridabad,HARUF_PYRAMID,90,40,8,31,40,NEUTRAL,1,1,1,0.025161967802639792,0,2,2,0.033851752235091424,-1,1,1,0.008689784432451633,0.2258470719129777,1,1,1,1,1
2026-02-15,2026-02-14,Ghaziabad,DATE_TRIAD,68,76,6,19,30,NEUTRAL,1,2,2,0.031534571547826705,0,1,1,0.021897557292105192,-1,-1,-1,-0.009637014255721513,-0.14983121323055304,0,0,0,0,1
2026-02-15,2026-02-14,Ghaziabad,DATE_TRIAD,68,95,7,19,30,NEUTRAL,1,2,2,0.031534571547826705,6,7,7,0.18984004810620325,5,5,5,0.15830547655837654,2.8113029941410272,0,0,1,1,1
2026-02-15,2026-02-14,Ghaziabad,DATE_TRIAD,68,13,8,19,30,NEUTRAL,1,2,2,0.031534571547826705,4,6,6,0.12284383331134398,3,4,4,0.09130926176351728,2.1901701833091844,0,0,1,1,1
2026-02-15,2026-02-14,Gali,G_SQUARE_HARMONICS,34,38,6,18,44,NEUTRAL,2,3,3,0.03766711582118057,1,2,2,0.043716282276586194,-1,-1,-1,0.006049166455405625,0.018347726420870014,0,0,1,1,1
2026-02-15,2026-02-14,Gali,G_SQUARE_HARMONICS,34,43,7,18,44,NEUTRAL,2,3,3,0.03766711582118057,0,2,2,0.024125679567436713,-2,-1,-1,-0.013541436253743856,-0.332990459994202,0,0,1,1,1
2026-02-15,2026-02-14,Gali,G_SQUARE_HARMONICS,34,45,8,18,44,NEUTRAL,2,3,3,0.03766711582118057,0,1,1,0.01804248153946878,-2,-2,-2,-0.019624634281711788,-0.4374107497215898,0,0,0,0,1
2026-02-16,2026-02-15,Deshawar,HARUF_PYRAMID,52,54,6,07,67,NEUTRAL,1,1,1,0.023971365525262366,5,6,6,0.16430344608274106,4,5,5,0.1403320805574787,2.536754832399744,1,1,1,1,1
2026-02-16,2026-02-15,Deshawar,HARUF_PYRAMID,52,22,7,07,67,NEUTRAL,1,1,1,0.023971365525262366,0,1,1,0.02455939558846463,-1,0,0,0.0005880300632022627,0.0528256254635977,1,1,0,0,1
2026-02-16,2026-02-15,Deshawar,HARUF_PYRAMID,52,24,8,07,67,NEUTRAL,1,1,1,0.023971365525262366,0,1,1,0.023608169765821307,-1,0,0,-0.00036319575944105884,0.036028247932605506,1,1,0,0,1
2026-02-16,2026-02-15,Faridabad,HARUF_PYRAMID,14,41,6,59,9,NEUTRAL,3,4,4,0.06898861583855076,1,4,4,0.04910754836142374,-2,0,0,-0.01988106747712702,-0.40202761810861665,0,0,1,1,1
2026-02-16,2026-02-15,Faridabad,HARUF_PYRAMID,14,15,7,59,9,NEUTRAL,3,4,4,0.06898861583855076,0,2,2,0.03470892107727364,-3,-2,-2,-0.03427969476127712,-0.704877568992814,0,0,1,1,1
2026-02-16,2026-02-15,Faridabad,HARUF_PYRAMID,14,51,8,59,9,NEUTRAL,3,4,4,0.06898861583855076,0,1,1,0.019645019380289903,-3,-3,-3,-0.049343596458260856,-0.9708211319224341,0,0,0,0,1
2026-02-16,2026-02-15,Ghaziabad,LOOKBACK_5,47,40,6,00,18,NEUTRAL,1,5,5,0.049049293964619226,1,2,2,0.03518965809489035,0,-3,-3,-0.013859635869728874,-0.27546484159620466,0,0,1,1,1
2026-02-16,2026-02-15,Ghaziabad,LOOKBACK_5,47,52,7,00,18,NEUTRAL,1,5,5,0.049049293964619226,0,2,2,0.03116669243084718,-1,-3,-3,-0.017882601533772045,-0.3102139353486839,0,0,1,1,1
2026-02-16,2026-02-15,Ghaziabad,LOOKBACK_5,47,74,8,00,18,NEUTRAL,1,5,5,0.049049293964619226,0,2,2,0.02818928660561876,-1,-3,-3,-0.020860007359000465,-0.3687666632979587,0,0,1,1,1
2026-02-16,2026-02-15,Gali,G_SQUARE_HARMONICS,15,19,6,95,15,NEUTRAL,1,2,2,0.03624871142399677,2,3,3,0.08362351419019079,1,1,1,0.04737480276619402,0.892833441602527,0,0,1,1,1
2026-02-16,2026-02-15,Gali,G_SQUARE_HARMONICS,15,51,7,95,15,NEUTRAL,1,2,2,0.03624871142399677,1,2,2,0.037233534729632964,0,0,0,0.0009848233056361927,0.03480817514564649,0,0,1,1,1
2026-02-16,2026-02-15,Gali,G_SQUARE_HARMONICS,15,91,8,95,15,NEUTRAL,1,2,2,0.03624871142399677,1,2,2,0.06736705902049785,0,0,0,0.031118347596501075,0.7109356104033189,0,0,1,1,1
2026-02-17,2026-02-16,Deshawar,HARUF_PYRAMID,45,54,6,97,23,NEUTRAL,2,4,4,0.05463556789890117,3,4,4,0.06563882465963979,1,0,0,0.011003256760738614,0.12700540196826027,0,0,1,1,1
2026-02-17,2026-02-16,Deshawar,HARUF_PYRAMID,45,47,7,97,23,NEUTRAL,2,4,4,0.05463556789890117,0,1,1,0.023256103427347834,-2,-3,-3,-0.031379464471553334,-0.5489124883669942,0,0,0,0,1
2026-02-17,2026-02-16,Deshawar,HARUF_PYRAMID,45,74,8,97,23,NEUTRAL,2,4,4,0.05463556789890117,0,1,1,0.019082988072749794,-2,-3,-3,-0.03555257982615138,-0.6225294120292375,0,0,0,0,1
2026-02-17,2026-02-16,Faridabad,HARUF_PYRAMID,14,41,6,36,43,NEUTRAL,1,3,3,0.049454307501506735,0,2,2,0.03419018155229373,-1,-1,-1,-0.015264125949213003,-0.25927374185418084,0,0,1,1,1
2026-02-17,2026-02-16,Faridabad,HARUF_PYRAMID,14,35,7,36,43,NEUTRAL,1,3,3,0.049454307501506735,0,1,1,0.027034326799418595,-1,-2,-2,-0.02241998070208814,-0.3886560794090287,0,0,0,0,1
2026-02-17,2026-02-16,Faridabad,HARUF_PYRAMID,14,45,8,36,43,NEUTRAL,1,3,3,0.049454307501506735,0,2,2,0.03436188869668399,-1,-1,-1,-0.015092418804822746,-0.22949247569956976,0,0,1,1,1
2026-02-17,2026-02-16,Ghaziabad,LOOKBACK_5,91,99,6,98,100,NEUTRAL,2,3,3,0.0828323447482702,5,6,6,0.1382979466739221,3,3,3,0.05546560192565189,0.7053103764832374,0,0,1,1,1
2026-02-17,2026-02-16,Ghaziabad,LOOKBACK_5,91,40,7,98,100,NEUTRAL,2,3,3,0.0828323447482702,1,2,2,0.03749650786474215,-1,-1,-1,-0.04533583688352805,-0.9589683650741211,0,0,1,1,1
2026-02-17,2026-02-16,Ghaziabad,LOOKBACK_5,91,80,8,98,100,NEUTRAL,2,3,3,0.0828323447482702,0,4,4,0.03998014535560331,-2,1,1,-0.042852199392666886,-0.8857443741676256,0,0,1,1,1
2026-02-17,2026-02-16,Gali,G_SQUARE_HARMONICS,42,45,6,49,7,NEUTRAL,1,1,1,0.031121381966750992,2,3,2,0.05646181362340391,1,2,1,0.02534043165665292,0.4600422579162047,1,1,1,1,1
2026-02-17,2026-02-16,Gali,G_SQUARE_HARMONICS,42,49,7,49,7,RESCUE,1,1,1,0.031121381966750992,0,1,1,0.022981049699830523,-1,0,0,-0.008140332266920468,-0.1302085807758837,1,1,0,0,1
2026-02-17,2026-02-16,Gali,G_SQUARE_HARMONICS,42,54,8,49,7,NEUTRAL,1,1,1,0.031121381966750992,1,3,2,0.035643091294352544,0,2,1,0.004521709327601552,0.12033772662523512,1,1,1,1,1
2026-02-18,2026-02-17,Deshawar,HARUF_PYRAMID,93,34,6,33,1,NEUTRAL,1,2,2,0.033616588335198344,0,1,1,0.02881588897415287,-1,-1,-1,-0.004800699361045473,-0.06372668553999988,0,0,0,0,1
2026-02-18,2026-02-17,Deshawar,HARUF_PYRAMID,93,36,7,33,1,NEUTRAL,1,2,2,0.033616588335198344,0,1,1,0.027046811802923572,-1,-1,-1,-0.006569776532274772,-0.0908295422640496,0,0,0,0,1
2026-02-18,2026-02-17,Deshawar,HARUF_PYRAMID,93,43,8,33,1,NEUTRAL,1,2,2,0.033616588335198344,0,1,1,0.024100311989782044,-1,-1,-1,-0.0095162763454163,-0.1343140978465054,0,0,0,0,1
2026-02-18,2026-02-17,Faridabad,HARUF_PYRAMID,04,40,6,01,49,NEUTRAL,3,6,6,0.08036377053808635,1,5,5,0.07090343708276896,-2,-1,-1,-0.009460333455317396,-0.14719292935982176,0,0,1,1,1
2026-02-18,2026-02-17,Faridabad,HARUF_PYRAMID,04,46,7,01,49,NEUTRAL,3,6,6,0.08036377053808635,2,4,4,0.0577925622094963,-1,-2,-2,-0.022571208328590053,-0.23523027781044292,0,0,1,1,1
2026-02-18,2026-02-17,Faridabad,HARUF_PYRAMID,04,64,8,01,49,NEUTRAL,3,6,6,0.08036377053808635,1,2,2,0.044573733860774095,-2,-4,-4,-0.03579003667731226,-0.5642666869906274,0,0,1,1,1
2026-02-18,2026-02-17,Ghaziabad,LOOKBACK_5,59,91,6,81,89,NEUTRAL,2,3,3,0.10891545849618361,0,3,3,0.03789914945545955,-2,0,0,-0.07101630904072406,-0.9811268739499787,0,0,1,1,1
2026-02-18,2026-02-17,Ghaziabad,LOOKBACK_5,59,95,7,81,89,NEUTRAL,2,3,3,0.10891545849618361,2,4,4,0.13155565392445845,0,1,1,0.022640195428274834,0.3750929832584442,0,0,1,1,1
2026-02-18,2026-02-17,Ghaziabad,LOOKBACK_5,59,01,8,81,89,NEUTRAL,2,3,3,0.10891545849618361,2,4,4,0.08286290903066484,0,1,1,-0.02605254946551877,-0.23029656381327546,0,0,1,1,1
2026-02-18,2026-02-17,Gali,G_SQUARE_HARMONICS,14,15,6,88,95,NEUTRAL,1,1,1,0.03440239211063165,0,1,1,0.03121277506763557,-1,0,0,-0.0031896170429960777,-0.04843412623613447,1,1,0,0,1
2026-02-18,2026-02-17,Gali,G_SQUARE_HARMONICS,14,19,7,88,95,NEUTRAL,1,1,1,0.03440239211063165,0,1,1,0.028048430742586748,-1,0,0,-0.006353961368044898,-0.09608227938982228,1,1,0,0,1
2026-02-18,2026-02-17,Gali,G_SQUARE_HARMONICS,14,31,8,88,95,NEUTRAL,1,1,1,0.03440239211063165,0,2,2,0.030705402593889927,-1,1,1,-0.00369698951674172,-0.015389133688303636,1,1,1,1,1
2026-02-19,2026-02-18,Deshawar,HARUF_PYRAMID,23,32,6,63,29,NEUTRAL,1,2,2,0.04104397199193132,0,2,2,0.03399894688673779,-1,0,0,-0.007045025105193531,-0.10336921099514584,0,0,1,1,1
2026-02-19,2026-02-18,Deshawar,HARUF_PYRAMID,23,99,7,63,29,NEUTRAL,1,2,2,0.04104397199193132,2,5,5,0.09041164513723744,1,3,3,0.04936767314530612,0.7236596785348818,0,0,1,1,1
2026-02-19,2026-02-18,Deshawar,HARUF_PYRAMID,23,29,8,63,29,NEUTRAL,1,2,2,0.04104397199193132,0,2,2,0.042234260809349985,-1,0,0,0.0011902888174186652,0.011560633253580033,0,0,1,1,1
2026-02-19,2026-02-18,Faridabad,HARUF_PYRAMID,03,05,6,86,75,NEUTRAL,2,4,4,0.07754127398282842,0,3,3,0.051772720669155774,-2,-1,-1,-0.02576855331367265,-0.47448991067412094,0,0,1,1,1
2026-02-19,2026-02-18,Faridabad,HARUF_PYRAMID,03,23,7,86,75,NEUTRAL,2,4,4,0.07754127398282842,0,1,1,0.03144763228885138,-2,-3,-3,-0.04609364169397704,-0.7897104978354977,0,0,0,0,1
2026-02-19,2026-02-18,Faridabad,HARUF_PYRAMID,03,25,8,86,75,NEUTRAL,2,4,4,0.07754127398282842,0,1,1,0.03125428243398428,-2,-3,-3,-0.04628699154884414,-0.7660777874481339,0,0,0,0,1
2026-02-19,2026-02-18,Ghaziabad,LOOKBACK_5,89,19,6,50,73,NEUTRAL,2,3,3,0.07127233727251653,2,5,5,0.08271424187425892,0,2,2,0.011441904601742395,0.17974269314903513,0,0,1,1,1
2026-02-19,2026-02-18,Ghaziabad,LOOKBACK_5,89,91,7,50,73,NEUTRAL,2,3,3,0.07127233727251653,1,5,5,0.06920148019012322,-1,2,2,-0.00207085708239331,-0.016340631479494494,0,0,1,1,1
2026-02-19,2026-02-18,Ghaziabad,LOOKBACK_5,89,01,8,50,73,NEUTRAL,2,3,3,0.07127233727251653,1,6,6,0.0895125744067174,-1,3,3,0.018240237134200865,0.3851111999564012,0,0,1,1,1
2026-02-19,2026-02-18,Gali,G_SQUARE_HARMONICS,22,28,6,88,9,NEUTRAL,1,1,1,0.03297021944755702,0,2,2,0.03546036985038649,-1,1,1,0.0024901504028294677,0.07561956697829436,1,1,1,1,1
2026-02-19,2026-02-18,Gali,G_SQUARE_HARMONICS,22,81,7,88,9,NEUTRAL,1,1,1,0.03297021944755702,2,4,4,0.07789064520337857,1,3,3,0.04492042575582155,0.6801458899908559,1,1,1,1,1
2026-02-19,2026-02-18,Gali,G_SQUARE_HARMONICS,22,82,8,88,9,NEUTRAL,1,1,1,0.03297021944755702,0,1,1,0.021949629786794565,-1,0,0,-0.011020589660762456,-0.16249234805840962,1,1,0,0,1
2026-02-20,2026-02-19,Deshawar,HARUF_PYRAMID,34,39,6,81,95,NEUTRAL,1,1,1,0.03639790434081645,3,6,5,0.08044174991884862,2,5,4,0.04404384557803216,0.9278197129217398,1,1,1,1,1
2026-02-20,2026-02-19,Deshawar,HARUF_PYRAMID,34,43,7,81,95,NEUTRAL,1,1,1,0.03639790434081645,0,1,1,0.03152773880376723,-1,0,0,-0.00487016553704922,-0.04349105736980269,1,1,0,0,1
2026-02-20,2026-02-19,Deshawar,HARUF_PYRAMID,34,93,8,81,95,NEUTRAL,1,1,1,0.03639790434081645,2,4,4,0.07800183956534698,1,3,3,0.04160393522453053,0.8737160936772104,1,1,1,1,1
2026-02-20,2026-02-19,Faridabad,HARUF_PYRAMID,30,70,6,29,88,NEUTRAL,1,1,1,0.039046374773798395,0,1,1,0.024522441924921548,-1,0,0,-0.014523932848876847,-0.2462478697400972,1,1,0,0,1
2026-02-20,2026-02-19,Faridabad,HARUF_PYRAMID,30,01,7,29,88,NEUTRAL,1,1,1,0.039046374773798395,3,7,7,0.17875592341998725,2,6,6,0.13970954864618884,2.617063198476375,1,1,1,1,1
2026-02-20,2026-02-19,Faridabad,HARUF_PYRAMID,30,10,8,29,88,NEUTRAL,1,1,1,0.039046374773798395,1,3,3,0.05683464875380746,0,2,2,0.017788273980009067,0.32314577060117544,1,1,1,1,1
2026-02-20,2026-02-19,Ghaziabad,LOOKBACK_5,00,98,6,78,18,NEUTRAL,6,9,8,0.18750855149483203,0,3,3,0.042481211363865276,-6,-6,-5,-0.14502734013096674,-2.1185363329480977,0,0,1,1,1
2026-02-20,2026-02-19,Ghaziabad,LOOKBACK_5,00,89,7,78,18,NEUTRAL,6,9,8,0.18750855149483203,0,2,2,0.03549869832427886,-6,-7,-6,-0.15200985317055316,-2.2208656990206728,0,0,1,1,1
2026-02-20,2026-02-19,Ghaziabad,LOOKBACK_5,00,49,8,78,18,NEUTRAL,6,9,8,0.18750855149483203,1,2,2,0.05427604118539513,-5,-7,-6,-0.1332325103094369,-1.901972726275133,0,0,1,1,1
2026-02-20,2026-02-19,Gali,G_SQUARE_HARMONICS,22,28,6,34,43,NEUTRAL,2,3,3,0.10198551230283891,0,1,1,0.03421364920260427,-2,-2,-2,-0.06777186310023464,-1.1510395036446717,0,0,0,0,1
2026-02-20,2026-02-19,Gali,G_SQUARE_HARMONICS,22,81,7,34,43,NEUTRAL,2,3,3,0.10198551230283891,2,4,4,0.07957054060433436,0,1,1,-0.02241497169850455,-0.5530894923732268,0,0,1,1,1
2026-02-20,2026-02-19,Gali,G_SQUARE_HARMONICS,22,82,8,34,43,NEUTRAL,2,3,3,0.10198551230283891,0,2,2,0.02903756896043692,-2,-1,-1,-0.07294794334240198,-1.2147572149555625,0,0,1,1,1
2026-02-21,2026-02-20,Deshawar,HARUF_PYRAMID,21,22,6,78,73,NEUTRAL,1,1,1,0.04053823555313509,0,2,2,0.042942207002615224,-1,1,1,0.0024039714494801315,0.08072478592224619,1,1,1,1,1
2026-02-21,2026-02-20,Deshawar,HARUF_PYRAMID,21,23,7,78,73,NEUTRAL,1,1,1,0.04053823555313509,0,1,1,0.0316616378759527,-1,0,0,-0.008876597677182393,-0.1063167483922991,1,1,0,0,1
2026-02-21,2026-02-20,Deshawar,HARUF_PYRAMID,21,31,8,78,73,NEUTRAL,1,1,1,0.04053823555313509,0,1,1,0.03792574138532957,-1,0,0,-0.0026124941678055194,0.0008132233296104241,1,1,0,0,1
2026-02-21,2026-02-20,Faridabad,HARUF_PYRAMID,23,32,6,70,21,NEUTRAL,1,1,1,0.038817426000374834,0,1,1,0.03406487593819277,-1,0,0,-0.004752550062182066,-0.04531504324444685,1,1,0,0,1
2026-02-21,2026-02-20,Faridabad,HARUF_PYRAMID,23,37,7,70,21,NEUTRAL,1,1,1,0.038817426000374834,0,2,2,0.037527909182658754,-1,1,1,-0.0012895168177160798,0.04002768732087825,1,1,1,1,1
2026-02-21,2026-02-20,Faridabad,HARUF_PYRAMID,23,67,8,70,21,NEUTRAL,1,1,1,0.038817426000374834,0,1,1,0.02235621374854905,-1,0,0,-0.016461212251825785,-0.2152116628517829,1,1,0,0,1
2026-02-21,2026-02-20,Ghaziabad,LOOKBACK_5,18,81,6,40,67,NEUTRAL,2,4,4,0.06716844130460074,2,5,5,0.07413337498619231,0,1,1,0.0069649336815915674,0.10112034581133988,0,0,1,1,1
2026-02-21,2026-02-20,Ghaziabad,LOOKBACK_5,18,98,7,40,67,NEUTRAL,2,4,4,0.06716844130460074,0,2,2,0.036280158853286296,-2,-2,-2,-0.030888282451314447,-0.4899344773157206,0,0,1,1,1
2026-02-21,2026-02-20,Ghaziabad,LOOKBACK_5,18,00,8,40,67,NEUTRAL,2,4,4,0.06716844130460074,3,8,7,0.1988930857664953,1,4,3,0.13172464446189458,1.981586564044183,0,0,1,1,1
2026-02-21,2026-02-20,Gali,G_SQUARE_HARMONICS,34,36,6,36,6,RESCUE,5,5,5,0.21085523070839537,1,2,2,0.05259549366300004,-4,-3,-3,-0.15825973704539534,-1.9884095255082501,0,0,1,1,1
2026-02-21,2026-02-20,Gali,G_SQUARE_HARMONICS,34,37,7,36,6,NEUTRAL,5,5,5,0.21085523070839537,1,2,2,0.05634920593456563,-4,-3,-3,-0.15450602477382974,-2.0193997065860807,0,0,1,1,1
2026-02-21,2026-02-20,Gali,G_SQUARE_HARMONICS,34,43,8,36,6,NEUTRAL,5,5,5,0.21085523070839537,2,3,3,0.10123205043440608,-3,-2,-2,-0.10962318027398929,-1.4542772276750677,0,0,1,1,1
2026-02-22,2026-02-21,Deshawar,HARUF_PYRAMID,99,29,6,95,17,NEUTRAL,3,4,4,0.07065115721415291,0,2,2,0.04729167335860529,-3,-2,-2,-0.02335948385554762,-0.27006202256647416,0,0,1,1,1
2026-02-22,2026-02-21,Deshawar,HARUF_PYRAMID,99,79,7,95,17,NEUTRAL,3,4,4,0.07065115721415291,0,3,3,0.0412344898686797,-3,-1,-1,-0.029416667345473213,-0.3160843332897294,0,0,1,1,1
2026-02-22,2026-02-21,Deshawar,HARUF_PYRAMID,99,92,8,95,17,NEUTRAL,3,4,4,0.07065115721415291,1,2,2,0.04084208083333629,-2,-2,-2,-0.029809076380816618,-0.2966806831799794,0,0,1,1,1
2026-02-22,2026-02-21,Faridabad,HARUF_PYRAMID,31,35,6,89,94,NEUTRAL,3,5,5,0.17136753656570367,1,4,4,0.06183974796787299,-2,-1,-1,-0.10952778859783067,-1.7158493036600895,0,0,1,1,1
2026-02-22,2026-02-21,Faridabad,HARUF_PYRAMID,31,53,7,89,94,NEUTRAL,3,5,5,0.17136753656570367,1,3,3,0.05854493755512401,-2,-2,-2,-0.11282259901057966,-1.8601328291713124,0,0,1,1,1
2026-02-22,2026-02-21,Faridabad,HARUF_PYRAMID,31,00,8,89,94,NEUTRAL,3,5,5,0.17136753656570367,1,7,6,0.07770074599444851,-2,2,1,-0.09366679057125515,-1.5348647790791965,0,0,1,1,1
2026-02-22,2026-02-21,Ghaziabad,LOOKBACK_5,50,05,6,54,32,NEUTRAL,1,2,2,0.0499196204277445,1,4,3,0.09658934268208683,0,2,1,0.04666972225434233,0.7402953541087414,0,0,1,1,1
2026-02-22,2026-02-21,Ghaziabad,LOOKBACK_5,50,18,7,54,32,NEUTRAL,1,2,2,0.0499196204277445,0,2,2,0.04193846738714324,-1,0,0,-0.007981153040601256,-0.0871184627514906,0,0,1,1,1
2026-02-22,2026-02-21,Ghaziabad,LOOKBACK_5,50,81,8,54,32,NEUTRAL,1,2,2,0.0499196204277445,1,3,3,0.05041854408637707,0,1,1,0.0004989236586325704,0.012389152481108723,0,0,1,1,1
2026-02-22,2026-02-21,Gali,G_SQUARE_HARMONICS,13,16,6,52,67,NEUTRAL,2,2,2,0.07810970142989095,1,2,2,0.07108322299935474,-1,0,0,-0.007026478430536207,-0.014377048207444787,0,0,1,1,1
2026-02-22,2026-02-21,Gali,G_SQUARE_HARMONICS,13,31,7,52,67,NEUTRAL,2,2,2,0.07810970142989095,0,1,1,0.037407644256133035,-2,-1,-1,-0.04070205717375791,-0.5762153803793442,0,0,0,0,1
2026-02-22,2026-02-21,Gali,G_SQUARE_HARMONICS,13,35,8,52,67,NEUTRAL,2,2,2,0.07810970142989095,1,3,3,0.05811536137556831,-1,1,1,-0.019994340054322636,-0.2830826514477782,0,0,1,1,1
2026-02-23,2026-02-22,Deshawar,HARUF_PYRAMID,89,91,6,61,43,NEUTRAL,1,1,1,0.03349502580243893,0,1,1,0.02634720966126243,-1,0,0,-0.007147816141176502,-0.07547095357492828,1,1,0,0,1
2026-02-23,2026-02-22,Deshawar,HARUF_PYRAMID,89,98,7,61,43,NEUTRAL,1,1,1,0.03349502580243893,0,1,1,0.023426890358719317,-1,0,0,-0.010068135443719615,-0.10535807150325782,1,1,0,0,1
2026-02-23,2026-02-22,Deshawar,HARUF_PYRAMID,89,09,8,61,43,NEUTRAL,1,1,1,0.03349502580243893,0,2,2,0.0584342991093597,-1,1,1,0.024939273306920764,0.45999000489465053,1,1,1,1,1
2026-02-23,2026-02-22,Faridabad,HARUF_PYRAMID,54,46,6,64,8,NEUTRAL,1,1,1,0.03243145993506215,1,5,5,0.07664471496565044,0,4,4,0.04421325503058829,0.8042498584917024,1,1,1,1,1
2026-02-23,2026-02-22,Faridabad,HARUF_PYRAMID,54,55,7,64,8,NEUTRAL,1,1,1,0.03243145993506215,3,5,5,0.14255032105025445,2,4,4,0.1101188611151923,1.5724131468087543,1,1,1,1,1
2026-02-23,2026-02-22,Faridabad,HARUF_PYRAMID,54,64,8,64,8,RESCUE,1,1,1,0.03243145993506215,1,2,2,0.05453521959564904,0,1,1,0.02210375966058689,0.30341394061111304,1,1,1,1,1
2026-02-23,2026-02-22,Ghaziabad,LOOKBACK_5,78,87,6,29,52,NEUTRAL,2,3,3,0.07482239354142586,0,2,2,0.03448680535674643,-2,-1,-1,-0.04033558818467943,-0.5463993930943927,0,0,1,1,1
2026-02-23,2026-02-22,Ghaziabad,LOOKBACK_5,78,50,7,29,52,NEUTRAL,2,3,3,0.07482239354142586,0,2,2,0.03849658477689068,-2,-1,-1,-0.036325808764535186,-0.47362850557104597,0,0,1,1,1
2026-02-23,2026-02-22,Ghaziabad,LOOKBACK_5,78,05,8,29,52,NEUTRAL,2,3,3,0.07482239354142586,0,3,3,0.05815408366764105,-2,0,0,-0.016668309873784815,-0.17283376393339456,0,0,1,1,1
2026-02-23,2026-02-22,Gali,G_SQUARE_HARMONICS,57,71,6,66,72,NEUTRAL,2,3,3,0.07134352229070792,0,1,1,0.03896044158503271,-2,-2,-2,-0.032383080705675214,-0.3861280569016021,0,0,0,0,1
2026-02-23,2026-02-22,Gali,G_SQUARE_HARMONICS,57,72,7,66,72,NEUTRAL,2,3,3,0.07134352229070792,2,3,2,0.07477732694784484,0,0,-1,0.003433804657136913,0.08796941607418174,0,0,1,1,1
2026-02-23,2026-02-22,Gali,G_SQUARE_HARMONICS,57,74,8,66,72,NEUTRAL,2,3,3,0.07134352229070792,1,2,2,0.04331267418434331,-1,-1,-1,-0.028030848106364616,-0.30576553825351205,0,0,1,1,1
2026-02-24,2026-02-23,Deshawar,HARUF_PYRAMID,16,38,6,27,59,NEUTRAL,5,6,6,0.16696519444072147,1,3,3,0.05755485265315137,-4,-3,-3,-0.1094103417875701,-1.5333627611376968,0,0,1,1,1
2026-02-24,2026-02-23,Deshawar,HARUF_PYRAMID,16,39,7,27,59,NEUTRAL,5,6,6,0.16696519444072147,1,2,2,0.04968268866159577,-4,-4,-4,-0.1172825057791257,-1.5854191469928618,0,0,1,1,1
2026-02-24,2026-02-23,Deshawar,HARUF_PYRAMID,16,61,8,27,59,NEUTRAL,5,6,6,0.16696519444072147,4,6,6,0.2426353751683853,-1,0,0,0.07567018072766382,0.8966222857602166,0,0,1,1,1
2026-02-24,2026-02-23,Faridabad,HARUF_PYRAMID,79,97,6,12,64,NEUTRAL,1,1,1,0.030980759801709678,0,1,1,0.027034347513117698,-1,0,0,-0.00394641228859198,-0.03470573635032642,1,1,0,0,1
2026-02-24,2026-02-23,Faridabad,HARUF_PYRAMID,79,27,7,12,64,NEUTRAL,1,1,1,0.030980759801709678,0,1,1,0.03540041838200215,-1,0,0,0.00441965858029247,0.09600397981422021,1,1,0,0,1
2026-02-24,2026-02-23,Faridabad,HARUF_PYRAMID,79,69,8,12,64,NEUTRAL,1,1,1,0.030980759801709678,0,2,2,0.03543363762169776,-1,1,1,0.004452877819988082,0.06610687459681469,1,1,1,1,1
2026-02-24,2026-02-23,Ghaziabad,LOOKBACK_5,40,04,6,44,69,NEUTRAL,1,3,3,0.05129593801751716,1,3,3,0.06973156183247761,0,0,0,0.01843562381496045,0.26714688163998634,0,0,1,1,1
2026-02-24,2026-02-23,Ghaziabad,LOOKBACK_5,40,78,7,44,69,NEUTRAL,1,3,3,0.05129593801751716,1,3,3,0.07096750828258477,0,0,0,0.019671570265067613,0.2789695112503241,0,0,1,1,1
2026-02-24,2026-02-23,Ghaziabad,LOOKBACK_5,40,87,8,44,69,NEUTRAL,1,3,3,0.05129593801751716,0,3,3,0.04097134677943469,-1,0,0,-0.010324591238082471,-0.1250062400900549,0,0,1,1,1
2026-02-24,2026-02-23,Gali,G_SQUARE_HARMONICS,44,46,6,84,85,NEUTRAL,1,1,1,0.035386864399813214,0,1,1,0.030157660893992577,-1,0,0,-0.005229203505820637,-0.05715003158262005,1,1,0,0,1
2026-02-24,2026-02-23,Gali,G_SQUARE_HARMONICS,44,63,7,84,85,NEUTRAL,1,1,1,0.035386864399813214,2,3,3,0.1466031809866655,1,2,2,0.11121631658685228,1.2711126236952537,1,1,1,1,1
2026-02-24,2026-02-23,Gali,G_SQUARE_HARMONICS,44,64,8,84,85,NEUTRAL,1,1,1,0.035386864399813214,0,1,1,0.023968385483730294,-1,0,0,-0.01141847891608292,-0.12680872188140624,1,1,0,0,1
2026-02-25,2026-02-24,Deshawar,HARUF_PYRAMID,78,81,6,68,24,NEUTRAL,3,4,4,0.15860692909141194,1,5,5,0.0712985120920087,-2,1,1,-0.08730841699940324,-0.9411508248142191,0,0,1,1,1
2026-02-25,2026-02-24,Deshawar,HARUF_PYRAMID,78,87,7,68,24,NEUTRAL,3,4,4,0.15860692909141194,0,2,2,0.03799093581670129,-3,-2,-2,-0.12061599327471065,-1.3107649112780415,0,0,1,1,1
2026-02-25,2026-02-24,Deshawar,HARUF_PYRAMID,78,99,8,68,24,NEUTRAL,3,4,4,0.15860692909141194,2,5,5,0.10962296703465048,-1,1,1,-0.04898396205676146,-0.4276532363072434,0,0,1,1,1
2026-02-25,2026-02-24,Faridabad,HARUF_PYRAMID,92,12,6,86,84,NEUTRAL,1,2,2,0.046517670261649505,4,6,6,0.3042677266275483,3,4,4,0.2577500563658988,3.504073753519758,0,0,1,1,1
2026-02-25,2026-02-24,Faridabad,HARUF_PYRAMID,92,21,7,86,84,NEUTRAL,1,2,2,0.046517670261649505,4,6,5,0.16666231912428245,3,4,3,0.12014464886263294,1.705791946414422,0,0,1,1,1
2026-02-25,2026-02-24,Faridabad,HARUF_PYRAMID,92,23,8,86,84,NEUTRAL,1,2,2,0.046517670261649505,0,1,1,0.040062602633153754,-1,-1,-1,-0.00645506762849575,-0.07736641046235349,0,0,0,0,1
2026-02-25,2026-02-24,Ghaziabad,LOOKBACK_5,54,40,6,83,30,NEUTRAL,2,5,5,0.07958692253203387,0,4,4,0.05454418346345302,-2,-1,-1,-0.025042739068580844,-0.3000676604564738,0,0,1,1,1
2026-02-25,2026-02-24,Ghaziabad,LOOKBACK_5,54,04,7,83,30,NEUTRAL,2,5,5,0.07958692253203387,1,6,5,0.14378063553067977,-1,1,0,0.0641937129986459,1.0213202540690738,0,0,1,1,1
2026-02-25,2026-02-24,Ghaziabad,LOOKBACK_5,54,55,8,83,30,NEUTRAL,2,5,5,0.07958692253203387,4,7,7,0.1601758521650664,2,2,2,0.08058892963303255,1.1491004557657634,0,0,1,1,1
2026-02-25,2026-02-24,Gali,G_SQUARE_HARMONICS,48,58,6,12,19,NEUTRAL,4,5,4,0.13229003952836255,0,1,1,0.03906043706733339,-4,-4,-3,-0.09322960246102915,-1.0762316735816764,0,0,0,0,1
2026-02-25,2026-02-24,Gali,G_SQUARE_HARMONICS,48,80,7,12,19,NEUTRAL,4,5,4,0.13229003952836255,1,2,2,0.097039448775348,-3,-3,-2,-0.03525059075301455,-0.2546371021239202,0,0,1,1,1
2026-02-25,2026-02-24,Gali,G_SQUARE_HARMONICS,48,81,8,12,19,NEUTRAL,4,5,4,0.13229003952836255,1,2,2,0.07136558903675734,-3,-3,-2,-0.060924450491605206,-0.7395063166140078,0,0,1,1,1
2026-02-26,2026-02-25,Deshawar,HARUF_PYRAMID,59,95,6,57,2,NEUTRAL,1,3,3,0.0531556035901339,1,4,4,0.07253734364535672,0,1,1,0.019381740055222814,0.16887351480167712,0,0,1,1,1
2026-02-26,2026-02-25,Deshawar,HARUF_PYRAMID,59,05,7,57,2,NEUTRAL,1,3,3,0.0531556035901339,1,2,2,0.07370746117584398,0,-1,-1,0.020551857585710077,0.34234593964075954,0,0,1,1,1
2026-02-26,2026-02-25,Deshawar,HARUF_PYRAMID,59,50,8,57,2,NEUTRAL,1,3,3,0.0531556035901339,0,1,1,0.02774644498132055,-1,-2,-2,-0.02540915860881335,-0.3157349363481924,0,0,0,0,1
2026-02-26,2026-02-25,Faridabad,DATE_TRIAD,29,56,6,99,100,NEUTRAL,2,3,3,0.0806247245822879,0,1,1,0.035781654292395194,-2,-2,-2,-0.0448430702898927,-0.7214401463537933,0,0,0,0,1
2026-02-26,2026-02-25,Faridabad,DATE_TRIAD,29,79,7,99,100,NEUTRAL,2,3,3,0.0806247245822879,0,1,1,0.029214517784027838,-2,-2,-2,-0.051410206798260055,-0.8300649629428374,0,0,0,0,1
2026-02-26,2026-02-25,Faridabad,DATE_TRIAD,29,02,8,99,100,NEUTRAL,2,3,3,0.0806247245822879,0,3,3,0.05112650643176926,-2,0,0,-0.029498218150518632,-0.5586244964750925,0,0,1,1,1
2026-02-26,2026-02-25,Ghaziabad,LOOKBACK_5,92,45,6,18,30,NEUTRAL,2,4,4,0.07220352330506219,1,2,2,0.0710323527191885,-1,-2,-2,-0.001171170585873696,-0.04899850411367168,0,0,1,1,1
2026-02-26,2026-02-25,Ghaziabad,LOOKBACK_5,92,54,7,18,30,NEUTRAL,2,4,4,0.07220352330506219,1,3,3,0.07077372895714096,-1,-1,-1,-0.0014297943479212316,0.043372261746437824,0,0,1,1,1
2026-02-26,2026-02-25,Ghaziabad,LOOKBACK_5,92,16,8,18,30,NEUTRAL,2,4,4,0.07220352330506219,1,3,3,0.061839446480947156,-1,-1,-1,-0.010364076824115033,-0.11520347792281682,0,0,1,1,1
2026-02-26,2026-02-25,Gali,G_SQUARE_HARMONICS,57,71,6,75,9,NEUTRAL,2,2,2,0.08646712866743397,0,1,1,0.041905528301559615,-2,-1,-1,-0.04456160036587436,-0.518546988034095,0,0,0,0,1
2026-02-26,2026-02-25,Gali,G_SQUARE_HARMONICS,57,72,7,75,9,NEUTRAL,2,2,2,0.08646712866743397,0,1,1,0.03229252443684162,-2,-1,-1,-0.05417460423059235,-0.6354703494721621,0,0,0,0,1
2026-02-26,2026-02-25,Gali,G_SQUARE_HARMONICS,57,73,8,75,9,NEUTRAL,2,2,2,0.08646712866743397,0,1,1,0.026555239375042106,-2,-1,-1,-0.05991188929239187,-0.7005415186819295,0,0,0,0,1
2026-02-27,2026-02-26,Deshawar,HARUF_PYRAMID,73,78,6,53,72,NEUTRAL,1,1,1,0.03791858776258669,2,3,3,0.1558816111001584,1,2,2,0.11796302333757172,1.2962219639980301,1,1,1,1,1
2026-02-27,2026-02-26,Deshawar,HARUF_PYRAMID,73,79,7,53,72,NEUTRAL,1,1,1,0.03791858776258669,0,3,3,0.04827475741700469,-1,2,2,0.010356169654417997,0.1841156481191863,1,1,1,1,1
2026-02-27,2026-02-26,Deshawar,HARUF_PYRAMID,73,87,8,53,72,NEUTRAL,1,1,1,0.03791858776258669,0,1,1,0.030790748272685867,-1,0,0,-0.007127839489900825,-0.03417357531417736,1,1,0,0,1
2026-02-27,2026-02-26,Faridabad,DATE_TRIAD,57,59,6,70,76,NEUTRAL,1,1,1,0.0411104272376998,0,1,1,0.04605208175958591,-1,0,0,0.004941654521886107,0.09634401668145559,1,1,0,0,1
2026-02-27,2026-02-26,Faridabad,DATE_TRIAD,57,80,7,70,76,NEUTRAL,1,1,1,0.0411104272376998,0,2,2,0.04684034863325232,-1,1,1,0.00572992139555252,0.15496389222252832,1,1,1,1,1
2026-02-27,2026-02-26,Faridabad,DATE_TRIAD,57,00,8,70,76,NEUTRAL,1,1,1,0.0411104272376998,6,9,7,0.24211740452618988,5,8,6,0.20100697728849007,3.0105155119763842,1,1,1,1,1
2026-02-27,2026-02-26,Ghaziabad,RASHI_FAMILY,38,87,6,68,53,NEUTRAL,2,2,2,0.06080963351175611,1,2,2,0.06130141954392401,-1,0,0,0.0004917860321679013,0.15245296090790006,0,0,1,1,1
2026-02-27,2026-02-26,Ghaziabad,RASHI_FAMILY,38,92,7,68,53,NEUTRAL,2,2,2,0.06080963351175611,0,2,2,0.03908969423476954,-2,0,0,-0.021719939276986573,-0.24721199656665405,0,0,1,1,1
2026-02-27,2026-02-26,Ghaziabad,RASHI_FAMILY,38,09,8,68,53,NEUTRAL,2,2,2,0.06080963351175611,0,2,2,0.0552317188525243,-2,0,0,-0.005577914659231811,0.002548314733568091,0,0,1,1,1
2026-02-27,2026-02-26,Gali,G_SQUARE_HARMONICS,27,42,6,83,84,NEUTRAL,2,2,2,0.06547395469179308,0,1,1,0.04097396035969159,-2,-1,-1,-0.02449999433210149,-0.2955353489502443,0,0,0,0,1
2026-02-27,2026-02-26,Gali,G_SQUARE_HARMONICS,27,52,7,83,84,NEUTRAL,2,2,2,0.06547395469179308,1,5,4,0.0753967318695145,-1,3,2,0.009922777177721415,0.1387484491502997,0,0,1,1,1
2026-02-27,2026-02-26,Gali,G_SQUARE_HARMONICS,27,62,8,83,84,NEUTRAL,2,2,2,0.06547395469179308,0,1,1,0.027729100949900415,-2,-1,-1,-0.03774485374189267,-0.4374214926402571,0,0,0,0,1
2026-02-28,2026-02-27,Deshawar,HARUF_PYRAMID,49,73,6,27,58,NEUTRAL,1,1,1,0.04301956320980071,0,1,1,0.03339979034479379,-1,0,0,-0.009619772865006919,-0.11346278639557988,1,1,0,0,1
2026-02-28,2026-02-27,Deshawar,HARUF_PYRAMID,49,93,7,27,58,NEUTRAL,1,1,1,0.04301956320980071,1,2,2,0.059212235502248856,0,1,1,0.016192672292448147,0.4221076448845288,1,1,1,1,1
2026-02-28,2026-02-27,Deshawar,HARUF_PYRAMID,49,94,8,27,58,NEUTRAL,1,1,1,0.04301956320980071,1,2,2,0.06542089755538348,0,1,1,0.022401334345582773,0.23219631451719513,1,1,1,1,1
2026-03-01,2026-02-28,Faridabad,DATE_TRIAD,35,42,6,02,12,NEUTRAL,2,2,2,0.06338661103040015,0,1,1,0.036906045823720916,-2,-1,-1,-0.026480565206679234,-0.36804013923543477,0,0,0,0,1
2026-03-01,2026-02-28,Faridabad,DATE_TRIAD,35,64,7,02,12,NEUTRAL,2,2,2,0.06338661103040015,0,2,2,0.05037914056495063,-2,0,0,-0.01300747046544952,-0.16554307357660292,0,0,1,1,1
2026-03-01,2026-02-28,Faridabad,DATE_TRIAD,35,55,8,02,12,NEUTRAL,2,2,2,0.06338661103040015,0,2,2,0.043803423156229135,-2,0,0,-0.019583187874171015,-0.23235916374138899,0,0,1,1,1
2026-03-01,2026-02-28,Ghaziabad,RASHI_FAMILY,05,38,6,10,21,NEUTRAL,1,2,2,0.05801614508827833,0,3,3,0.06021163551697695,-1,1,1,0.0021954904286986196,-0.009864524125190788,0,0,1,1,1
2026-03-01,2026-02-28,Ghaziabad,RASHI_FAMILY,05,86,7,10,21,NEUTRAL,1,2,2,0.05801614508827833,2,4,4,0.12413081550487703,1,2,2,0.06611467041659871,0.7788538702701902,0,0,1,1,1
2026-03-01,2026-02-28,Ghaziabad,RASHI_FAMILY,05,87,8,10,21,NEUTRAL,1,2,2,0.05801614508827833,0,1,1,0.02537948580157677,-1,-1,-1,-0.03263665928670156,-0.407350949408978,0,0,0,0,1
2026-03-01,2026-02-28,Gali,G_SQUARE_HARMONICS,13,16,6,92,93,NEUTRAL,2,2,2,0.08243762419010732,1,3,3,0.0724871872393368,-1,1,1,-0.009950436950770525,-0.11519727316977468,0,0,1,1,1
2026-03-01,2026-02-28,Gali,G_SQUARE_HARMONICS,13,18,7,92,93,NEUTRAL,2,2,2,0.08243762419010732,0,1,1,0.05201312380539019,-2,-1,-1,-0.030424500384717126,-0.31695563306111696,0,0,0,0,1
2026-03-01,2026-02-28,Gali,G_SQUARE_HARMONICS,13,31,8,92,93,NEUTRAL,2,2,2,0.08243762419010732,0,1,1,0.04005606681202588,-2,-1,-1,-0.04238155737808144,-0.4513537286156396,0,0,0,0,1
2026-03-02,2026-03-01,Deshawar,HARUF_PYRAMID,49,73,6,68,80,NEUTRAL,1,1,1,0.04140206425517802,0,2,2,0.04335368515001363,-1,1,1,0.0019516208948356095,0.053882949051003104,1,1,1,1,1
2026-03-02,2026-03-01,Deshawar,HARUF_PYRAMID,49,93,7,68,80,NEUTRAL,1,1,1,0.04140206425517802,0,1,1,0.04499368455562882,-1,0,0,0.0035916203004508,0.0794183326614491,1,1,0,0,1
2026-03-02,2026-03-01,Deshawar,HARUF_PYRAMID,49,94,8,68,80,NEUTRAL,1,1,1,0.04140206425517802,1,3,3,0.06826397033968848,0,2,2,0.02686190608451046,0.24927090810035812,1,1,1,1,1
2026-03-02,2026-03-01,Faridabad,DATE_TRIAD,72,46,6,91,92,NEUTRAL,1,3,3,0.06033779759229723,0,2,2,0.05066343130088431,-1,-1,-1,-0.009674366291412918,-0.11011178100881158,0,0,1,1,1
2026-03-02,2026-03-01,Faridabad,DATE_TRIAD,72,53,7,91,92,NEUTRAL,1,3,3,0.06033779759229723,0,1,1,0.03602756994265253,-1,-2,-2,-0.024310227649644703,-0.3279070955586736,0,0,0,0,1
2026-03-02,2026-03-01,Faridabad,DATE_TRIAD,72,44,8,91,92,NEUTRAL,1,3,3,0.06033779759229723,0,1,1,0.03353007879702467,-1,-2,-2,-0.026807718795272557,-0.3354825543530186,0,0,0,0,1
2026-03-02,2026-03-01,Ghaziabad,RASHI_FAMILY,81,04,6,10,10,NEUTRAL,2,4,4,0.08060712643223743,1,3,2,0.11027122289644971,-1,-1,-2,0.02966409646421228,0.39368875278991067,0,0,1,1,1
2026-03-02,2026-03-01,Ghaziabad,RASHI_FAMILY,81,05,7,10,10,NEUTRAL,2,4,4,0.08060712643223743,1,3,2,0.0854561502198018,-1,-1,-2,0.004849023787564369,0.11462572290892459,0,0,1,1,1
2026-03-02,2026-03-01,Ghaziabad,RASHI_FAMILY,81,86,8,10,10,NEUTRAL,2,4,4,0.08060712643223743,1,2,2,0.043245304012399094,-1,-2,-2,-0.037361822419838334,-0.4081003389371993,0,0,1,1,1
2026-03-02,2026-03-01,Gali,G_SQUARE_HARMONICS,59,79,6,30,49,NEUTRAL,1,1,1,0.04310490195265392,1,3,3,0.09311171771197593,0,2,2,0.05000681575932201,0.5812411707489082,1,1,1,1,1
2026-03-02,2026-03-01,Gali,G_SQUARE_HARMONICS,59,90,7,30,49,NEUTRAL,1,1,1,0.04310490195265392,0,1,1,0.034275922256569086,-1,0,0,-0.008828979696084836,-0.08362041381283236,1,1,0,0,1
2026-03-02,2026-03-01,Gali,G_SQUARE_HARMONICS,59,91,8,30,49,NEUTRAL,1,1,1,0.04310490195265392,1,3,3,0.06276667361857283,0,2,2,0.019661771665918905,0.23970423991325157,1,1,1,1,1
2026-03-03,2026-03-02,Deshawar,HARUF_PYRAMID,55,56,6,49,43,NEUTRAL,1,1,1,0.04301914947913018,0,1,1,0.04313437817827588,-1,0,0,0.00011522869914570161,-0.0076115603503205675,1,1,0,0,1
2026-03-03,2026-03-02,Deshawar,HARUF_PYRAMID,55,59,7,49,43,NEUTRAL,1,1,1,0.04301914947913018,1,2,2,0.06406497788893317,0,1,1,0.021045828409802993,0.2822735214238483,1,1,1,1,1
2026-03-03,2026-03-02,Deshawar,HARUF_PYRAMID,55,65,8,49,43,NEUTRAL,1,1,1,0.04301914947913018,0,2,2,0.039445946344430556,-1,1,1,-0.0035732031346996235,-0.014777522058998793,1,1,1,1,1
2026-03-03,2026-03-02,Faridabad,DATE_TRIAD,54,03,6,06,16,NEUTRAL,2,2,2,0.04948576438255824,0,3,3,0.08202831171472036,-2,1,1,0.03254254733216212,0.3018598187851409,0,0,1,1,1
2026-03-03,2026-03-02,Faridabad,DATE_TRIAD,54,57,7,06,16,NEUTRAL,2,2,2,0.04948576438255824,0,1,1,0.03489152244818375,-2,-1,-1,-0.014594241934374488,-0.19537826249401335,0,0,0,0,1
2026-03-03,2026-03-02,Faridabad,DATE_TRIAD,54,24,8,06,16,NEUTRAL,2,2,2,0.04948576438255824,0,1,1,0.04434028899653122,-2,-1,-1,-0.005145475386027019,-0.05946526117996698,0,0,0,0,1
2026-03-03,2026-03-02,Ghaziabad,RASHI_FAMILY,29,45,6,13,20,NEUTRAL,2,2,2,0.09666325038692385,1,2,2,0.07320153548359505,-1,0,0,-0.023461714903328795,-0.2997930546246438,0,0,1,1,1
2026-03-03,2026-03-02,Ghaziabad,RASHI_FAMILY,29,47,7,13,20,NEUTRAL,2,2,2,0.09666325038692385,0,1,1,0.0437227170410154,-2,-1,-1,-0.052940533345908446,-0.6608873954266936,0,0,0,0,1
2026-03-03,2026-03-02,Ghaziabad,RASHI_FAMILY,29,56,8,13,20,NEUTRAL,2,2,2,0.09666325038692385,0,1,1,0.0429039121383329,-2,-1,-1,-0.05375933824859094,-0.6646602104594495,0,0,0,0,1
2026-03-03,2026-03-02,Gali,G_SQUARE_HARMONICS,03,30,6,17,30,NEUTRAL,6,8,7,0.28081702242758266,6,7,6,0.3472162243144341,0,-1,-1,0.06639920188685144,0.7944095179984476,0,0,1,1,1
2026-03-03,2026-03-02,Gali,G_SQUARE_HARMONICS,03,36,7,17,30,NEUTRAL,6,8,7,0.28081702242758266,0,1,1,0.04398872440232953,-6,-7,-6,-0.23682829802525313,-2.592486177125711,0,0,0,0,1
2026-03-03,2026-03-02,Gali,G_SQUARE_HARMONICS,03,63,8,17,30,NEUTRAL,6,8,7,0.28081702242758266,0,1,1,0.036283901981717,-6,-7,-6,-0.24453312044586567,-2.680891947506296,0,0,0,0,1
2026-03-04,2026-03-03,Deshawar,HARUF_PYRAMID,25,45,6,19,84,NEUTRAL,1,1,1,0.04969806616873798,0,2,2,0.053875381413501906,-1,1,1,0.004177315244763925,0.0895969247745238,1,1,1,1,1
2026-03-04,2026-03-03,Deshawar,HARUF_PYRAMID,25,52,7,19,84,NEUTRAL,1,1,1,0.04969806616873798,0,1,1,0.03605172956230524,-1,0,0,-0.01364633660643274,-0.13408149725244473,1,1,0,0,1
2026-03-04,2026-03-03,Deshawar,HARUF_PYRAMID,25,54,8,19,84,NEUTRAL,1,1,1,0.04969806616873798,0,2,2,0.054048947850873386,-1,1,1,0.004350881682135405,0.08034480240906322,1,1,1,1,1
2026-03-04,2026-03-03,Faridabad,DATE_TRIAD,68,13,6,66,9,NEUTRAL,1,2,2,0.05904440491607125,0,1,1,0.05340811876702048,-1,-1,-1,-0.005636286149050769,-0.07842032216058992,0,0,0,0,1
2026-03-04,2026-03-03,Faridabad,DATE_TRIAD,68,22,7,66,9,NEUTRAL,1,2,2,0.05904440491607125,0,1,1,0.042412172883155935,-1,-1,-1,-0.016632232032915313,-0.19471487591978331,0,0,0,0,1
2026-03-04,2026-03-03,Faridabad,DATE_TRIAD,68,44,8,66,9,NEUTRAL,1,2,2,0.05904440491607125,0,2,2,0.043234823549781407,-1,0,0,-0.015809581366289842,-0.14302582376957695,0,0,1,1,1
2026-03-04,2026-03-03,Ghaziabad,RASHI_FAMILY,86,04,6,65,12,NEUTRAL,3,6,6,0.12740913905366144,1,3,3,0.0991607667308569,-2,-3,-3,-0.02824837232280454,-0.24594349370761437,0,0,1,1,1
2026-03-04,2026-03-03,Ghaziabad,RASHI_FAMILY,86,10,7,65,12,NEUTRAL,3,6,6,0.12740913905366144,3,4,4,0.3743202577841203,0,-2,-2,0.24691111873045887,2.284781999505065,0,0,1,1,1
2026-03-04,2026-03-03,Ghaziabad,RASHI_FAMILY,86,29,8,65,12,NEUTRAL,3,6,6,0.12740913905366144,0,1,1,0.05085254075136153,-3,-5,-5,-0.07655659830229991,-0.756299391232969,0,0,0,0,1
2026-03-04,2026-03-03,Gali,G_SQUARE_HARMONICS,02,08,6,90,91,NEUTRAL,1,5,5,0.09099138089414337,0,2,2,0.0689850711141895,-1,-3,-3,-0.022006309779953867,-0.2143048337727521,0,0,1,1,1
2026-03-04,2026-03-03,Gali,G_SQUARE_HARMONICS,02,12,7,90,91,NEUTRAL,1,5,5,0.09099138089414337,1,2,2,0.08375862879341556,0,-3,-3,-0.00723275210072781,-0.02096950525842578,0,0,1,1,1
2026-03-04,2026-03-03,Gali,G_SQUARE_HARMONICS,02,18,8,90,91,NEUTRAL,1,5,5,0.09099138089414337,1,2,2,0.07716874936703892,0,-3,-3,-0.013822631527104445,-0.12270955092626523,0,0,1,1,1
2026-03-05,2026-03-04,Deshawar,HARUF_PYRAMID,14,15,6,54,12,NEUTRAL,1,1,1,0.05722418318812668,0,1,1,0.050670015185307005,-1,0,0,-0.006554168002819674,-0.057644726689378034,1,1,0,0,1
2026-03-05,2026-03-04,Deshawar,HARUF_PYRAMID,14,41,7,54,12,NEUTRAL,1,1,1,0.05722418318812668,0,1,1,0.03878252965961061,-1,0,0,-0.018441653528516067,-0.1862775011573733,1,1,0,0,1
2026-03-05,2026-03-04,Deshawar,HARUF_PYRAMID,14,44,8,54,12,NEUTRAL,1,1,1,0.05722418318812668,1,2,2,0.05725183809393244,0,1,1,2.7654905805758745e-05,0.08089137704309801,1,1,1,1,1
2026-03-05,2026-03-04,Faridabad,DATE_TRIAD,63,56,6,07,17,NEUTRAL,1,2,2,0.05352668445932855,1,2,2,0.056649732753785216,0,0,0,0.0031230482944566637,0.08395221643020068,0,0,1,1,1
2026-03-05,2026-03-04,Faridabad,DATE_TRIAD,63,79,7,07,17,NEUTRAL,1,2,2,0.05352668445932855,0,1,1,0.03629208891112069,-1,-1,-1,-0.01723459554820786,-0.1640333698091872,0,0,0,0,1
2026-03-05,2026-03-04,Faridabad,DATE_TRIAD,63,02,8,07,17,NEUTRAL,1,2,2,0.05352668445932855,3,8,8,0.14217836023036073,2,6,6,0.08865167577103218,0.9492213422473242,0,0,1,1,1
2026-03-05,2026-03-04,Ghaziabad,G_SQUARE_HARMONICS,14,15,6,46,19,NEUTRAL,1,1,1,0.060397886582510524,2,5,4,0.12484432410133825,1,4,3,0.06444643751882773,0.6584478434891511,1,1,1,1,1
2026-03-05,2026-03-04,Ghaziabad,G_SQUARE_HARMONICS,14,16,7,46,19,NEUTRAL,1,1,1,0.060397886582510524,0,2,2,0.07380867142415991,-1,1,1,0.013410784841649384,0.1693699392543243,1,1,1,1,1
2026-03-05,2026-03-04,Ghaziabad,G_SQUARE_HARMONICS,14,34,8,46,19,NEUTRAL,1,1,1,0.060397886582510524,0,4,4,0.07286679167298218,-1,3,3,0.01246890509047166,0.1269098112229896,1,1,1,1,1
2026-03-05,2026-03-04,Gali,G_SQUARE_HARMONICS,79,97,6,74,80,NEUTRAL,2,4,4,0.10785300564971435,2,4,4,0.09487693677704491,0,0,0,-0.012976068872669444,-0.12143214541057534,0,0,1,1,1
2026-03-05,2026-03-04,Gali,G_SQUARE_HARMONICS,79,07,7,74,80,NEUTRAL,2,4,4,0.10785300564971435,0,1,1,0.07017301431026718,-2,-3,-3,-0.037679991339447175,-0.4109527886376425,0,0,0,0,1
2026-03-05,2026-03-04,Gali,G_SQUARE_HARMONICS,79,70,8,74,80,NEUTRAL,2,4,4,0.10785300564971435,0,1,1,0.030315942321149057,-2,-3,-3,-0.0775370633285653,-0.8203378242879695,0,0,0,0,1
2026-03-06,2026-03-05,Deshawar,HARUF_PYRAMID,27,57,6,36,65,NEUTRAL,3,5,5,0.1623608713935094,3,5,5,0.19566313942439065,0,0,0,0.03330226803088124,0.4793165393160068,0,0,1,1,1
2026-03-06,2026-03-05,Deshawar,HARUF_PYRAMID,27,72,7,36,65,NEUTRAL,3,5,5,0.1623608713935094,1,3,3,0.08665615539989596,-2,-2,-2,-0.07570471599361345,-0.5388286070929154,0,0,1,1,1
2026-03-06,2026-03-05,Deshawar,HARUF_PYRAMID,27,75,8,36,65,NEUTRAL,3,5,5,0.1623608713935094,2,3,3,0.11425623708587535,-1,-2,-2,-0.048104634307634064,-0.28612431252601,0,0,1,1,1
2026-03-06,2026-03-05,Faridabad,DATE_TRIAD,57,80,6,36,45,NEUTRAL,1,2,2,0.06534249926405233,0,1,1,0.03827521892256767,-1,-1,-1,-0.027067280341484666,-0.26743115077627555,0,0,0,0,1
2026-03-06,2026-03-05,Faridabad,DATE_TRIAD,57,93,7,36,45,NEUTRAL,1,2,2,0.06534249926405233,0,3,3,0.05164990847207345,-1,1,1,-0.013692590791978883,-0.11251274418664098,0,0,1,1,1
2026-03-06,2026-03-05,Faridabad,DATE_TRIAD,57,00,8,36,45,NEUTRAL,1,2,2,0.06534249926405233,1,7,6,0.12646950956894232,0,5,4,0.061127010304889984,0.6042331739052356,0,0,1,1,1
2026-03-06,2026-03-05,Ghaziabad,G_SQUARE_HARMONICS,05,06,6,02,2,NEUTRAL,3,3,3,0.13322753057764383,1,4,2,0.116672488728145,-2,1,-1,-0.01655504184949884,-0.20606944988096476,0,0,1,1,1
2026-03-06,2026-03-05,Ghaziabad,G_SQUARE_HARMONICS,05,08,7,02,2,NEUTRAL,3,3,3,0.13322753057764383,1,4,3,0.12026487503760157,-2,1,0,-0.012962655540042264,-0.11591483779951273,0,0,1,1,1
2026-03-06,2026-03-05,Ghaziabad,G_SQUARE_HARMONICS,05,20,8,02,2,NEUTRAL,3,3,3,0.13322753057764383,1,2,2,0.06002150221372124,-2,-1,-1,-0.07320602836392259,-0.7744293054172413,0,0,1,1,1
2026-03-06,2026-03-05,Gali,G_SQUARE_HARMONICS,51,52,6,45,4,NEUTRAL,1,1,1,0.04213982716771196,0,1,1,0.04525715046403956,-1,0,0,0.0031173232963275996,0.04629148052085075,1,1,0,0,1
2026-03-06,2026-03-05,Gali,G_SQUARE_HARMONICS,51,54,7,45,4,NEUTRAL,1,1,1,0.04213982716771196,0,1,1,0.03777164715137562,-1,0,0,-0.004368180016336341,-0.03318183953084247,1,1,0,0,1
2026-03-06,2026-03-05,Gali,G_SQUARE_HARMONICS,51,57,8,45,4,NEUTRAL,1,1,1,0.04213982716771196,3,5,5,0.1339367383606262,2,4,4,0.09179691119291424,0.9259145099676209,1,1,1,1,1
2026-03-07,2026-03-06,Deshawar,HARUF_PYRAMID,15,51,6,38,48,NEUTRAL,2,3,3,0.09457496601830691,0,2,2,0.06124390373368397,-2,-1,-1,-0.03333106228462294,-0.38521420407123785,0,0,1,1,1
2026-03-07,2026-03-06,Deshawar,HARUF_PYRAMID,15,56,7,38,48,NEUTRAL,2,3,3,0.09457496601830691,0,1,1,0.04844865948896326,-2,-2,-2,-0.04612630652934365,-0.5242618977256126,0,0,0,0,1
2026-03-07,2026-03-06,Deshawar,HARUF_PYRAMID,15,65,8,38,48,NEUTRAL,2,3,3,0.09457496601830691,0,1,1,0.04252584418377244,-2,-2,-2,-0.052049121834534466,-0.5697305538781672,0,0,0,0,1
2026-03-07,2026-03-06,Faridabad,DATE_TRIAD,90,24,6,62,66,NEUTRAL,1,1,1,0.05872774258948138,0,1,1,0.05137946952378826,-1,0,0,-0.00734827306569312,-0.06675376833586255,1,1,0,0,1
2026-03-07,2026-03-06,Faridabad,DATE_TRIAD,90,51,7,62,66,NEUTRAL,1,1,1,0.05872774258948138,0,2,2,0.049861442196829024,-1,1,1,-0.008866300392652356,-0.03265458877201599,1,1,1,1,1
2026-03-07,2026-03-06,Faridabad,DATE_TRIAD,90,57,8,62,66,NEUTRAL,1,1,1,0.05872774258948138,0,1,1,0.045665562228659515,-1,0,0,-0.013062180360821865,-0.09818596821742814,1,1,0,0,1
2026-03-07,2026-03-06,Ghaziabad,G_SQUARE_HARMONICS,27,29,6,60,14,NEUTRAL,1,1,1,0.06316492898491509,1,2,2,0.08067455109477646,0,1,1,0.017509622109861372,0.13834497866424322,1,1,1,1,1
2026-03-07,2026-03-06,Ghaziabad,G_SQUARE_HARMONICS,27,62,7,60,14,NEUTRAL,1,1,1,0.06316492898491509,0,2,2,0.05045678906512092,-1,1,1,-0.012708139919794172,-0.10044012649614015,1,1,1,1,1
2026-03-07,2026-03-06,Ghaziabad,G_SQUARE_HARMONICS,27,72,8,60,14,NEUTRAL,1,1,1,0.06316492898491509,0,1,1,0.0396569262489863,-1,0,0,-0.02350800273592879,-0.20227628230153455,1,1,0,0,1
2026-03-07,2026-03-06,Gali,G_SQUARE_HARMONICS,55,59,6,22,39,NEUTRAL,1,2,1,0.05250631443342584,1,2,1,0.060140137754804694,0,0,0,0.007633823321378852,0.11071408829243928,0,1,1,0,1
2026-03-07,2026-03-06,Gali,G_SQUARE_HARMONICS,55,94,7,22,39,NEUTRAL,1,2,1,0.05250631443342584,0,1,1,0.04266317364739383,-1,-1,0,-0.00984314078603201,-0.08261055289764913,0,1,0,0,1
2026-03-07,2026-03-06,Gali,G_SQUARE_HARMONICS,55,95,8,22,39,NEUTRAL,1,2,1,0.05250631443342584,2,4,3,0.09063631916225036,1,2,2,0.03813000472882452,0.4247570998865224,0,1,1,1,1
2026-03-08,2026-03-07,Deshawar,HARUF_PYRAMID,48,84,6,45,39,NEUTRAL,1,1,1,0.04530483852941001,0,1,1,0.03625021475406558,-1,0,0,-0.009054623775344432,-0.08397015828309662,1,1,0,0,1
2026-03-08,2026-03-07,Deshawar,HARUF_PYRAMID,48,18,7,45,39,NEUTRAL,1,1,1,0.04530483852941001,2,5,5,0.13706170986686625,1,4,4,0.09175687133745625,1.1065905270647647,1,1,1,1,1
2026-03-08,2026-03-07,Deshawar,HARUF_PYRAMID,48,28,8,45,39,NEUTRAL,1,1,1,0.04530483852941001,1,2,2,0.06751722903297176,0,1,1,0.022212390503561753,0.21368169815787397,1,1,1,1,1
2026-03-08,2026-03-07,Faridabad,DATE_TRIAD,54,02,6,29,36,NEUTRAL,1,1,1,0.052789771929933296,2,6,6,0.24677063052608983,1,5,5,0.19398085859615655,1.757170517968366,1,1,1,1,1
2026-03-08,2026-03-07,Faridabad,DATE_TRIAD,54,52,7,29,36,NEUTRAL,1,1,1,0.052789771929933296,0,2,2,0.05933405111643625,-1,1,1,0.006544279186502952,0.05595398730355111,1,1,1,1,1
2026-03-08,2026-03-07,Faridabad,DATE_TRIAD,54,74,8,29,36,NEUTRAL,1,1,1,0.052789771929933296,0,1,1,0.03634184037943653,-1,0,0,-0.016447931550496765,-0.14688094926154238,1,1,0,0,1
2026-03-08,2026-03-07,Ghaziabad,G_SQUARE_HARMONICS,63,68,6,78,89,NEUTRAL,1,1,1,0.05160559568462404,1,2,2,0.07823947195555432,0,1,1,0.02663387627093028,0.2595484451958209,1,1,1,1,1
2026-03-08,2026-03-07,Ghaziabad,G_SQUARE_HARMONICS,63,69,7,78,89,NEUTRAL,1,1,1,0.05160559568462404,0,1,1,0.03840532432689544,-1,0,0,-0.013200271357728603,-0.10505842649485875,1,1,0,0,1
2026-03-08,2026-03-07,Ghaziabad,G_SQUARE_HARMONICS,63,86,8,78,89,NEUTRAL,1,1,1,0.05160559568462404,1,2,2,0.08337576485206602,0,1,1,0.03177016916744198,0.3166352485940014,1,1,1,1,1
2026-03-08,2026-03-07,Gali,G_SQUARE_HARMONICS,77,78,6,51,60,NEUTRAL,5,6,5,0.22768377690776637,0,1,1,0.041386444130819454,-5,-5,-4,-0.1862973327769469,-1.9271987364388692,0,0,0,0,1
2026-03-08,2026-03-07,Gali,G_SQUARE_HARMONICS,77,82,7,51,60,NEUTRAL,5,6,5,0.22768377690776637,0,1,1,0.03806128214775365,-5,-5,-4,-0.18962249476001272,-1.9506078403920932,0,0,0,0,1
2026-03-08,2026-03-07,Gali,G_SQUARE_HARMONICS,77,87,8,51,60,NEUTRAL,5,6,5,0.22768377690776637,0,1,1,0.031810042216277645,-5,-5,-4,-0.19587373469148872,-2.008142807627286,0,0,0,0,1
2026-03-09,2026-03-08,Deshawar,HARUF_PYRAMID,35,37,6,65,14,NEUTRAL,1,1,1,0.05712750698133159,0,1,1,0.04801168176273882,-1,0,0,-0.00911582521859277,-0.0801314840197645,1,1,0,0,1
2026-03-09,2026-03-08,Deshawar,HARUF_PYRAMID,35,53,7,65,14,NEUTRAL,1,1,1,0.05712750698133159,1,3,3,0.07809781190337017,0,2,2,0.020970304922038586,0.1659196527343525,1,1,1,1,1
2026-03-09,2026-03-08,Deshawar,HARUF_PYRAMID,35,73,8,65,14,NEUTRAL,1,1,1,0.05712750698133159,0,1,1,0.03722723834135259,-1,0,0,-0.019900268639979,-0.1788864263169389,1,1,0,0,1
2026-03-09,2026-03-08,Faridabad,DATE_TRIAD,13,41,6,46,53,NEUTRAL,1,2,2,0.08426413033352619,0,1,1,0.04672388973485844,-1,-1,-1,-0.03754024059866774,-0.3094729972717054,0,0,0,0,1
2026-03-09,2026-03-08,Faridabad,DATE_TRIAD,13,84,7,46,53,NEUTRAL,1,2,2,0.08426413033352619,0,1,1,0.040014346684061244,-1,-1,-1,-0.04424978364946494,-0.35827536584370456,0,0,0,0,1
2026-03-09,2026-03-08,Faridabad,DATE_TRIAD,13,51,8,46,53,NEUTRAL,1,2,2,0.08426413033352619,0,1,1,0.04076546182044198,-1,-1,-1,-0.043498668513084204,-0.34923480527831424,0,0,0,0,1
2026-03-09,2026-03-08,Ghaziabad,G_SQUARE_HARMONICS,18,19,6,26,54,NEUTRAL,1,1,1,0.06732570176598683,1,3,2,0.0872098744900782,0,2,1,0.019884172724091376,0.2253880605029237,1,1,1,1,1
2026-03-09,2026-03-08,Ghaziabad,G_SQUARE_HARMONICS,18,21,7,26,54,NEUTRAL,1,1,1,0.06732570176598683,0,4,3,0.091170505595656,-1,3,2,0.023844803829669164,0.22049436929580812,1,1,1,1,1
2026-03-09,2026-03-08,Ghaziabad,G_SQUARE_HARMONICS,18,51,8,26,54,NEUTRAL,1,1,1,0.06732570176598683,0,2,2,0.054883907296969854,-1,1,1,-0.012441794469016977,-0.08167642245334283,1,1,1,1,1
2026-03-09,2026-03-08,Gali,G_SQUARE_HARMONICS,16,18,6,99,100,NEUTRAL,1,2,1,0.06348829008353311,1,2,2,0.07861194353960473,0,0,1,0.015123653456071612,0.14062347213573034,0,1,1,1,1
2026-03-09,2026-03-08,Gali,G_SQUARE_HARMONICS,16,46,7,99,100,NEUTRAL,1,2,1,0.06348829008353311,3,4,3,0.1063561898226407,2,2,2,0.04286789973910758,0.48168812513923354,0,1,1,1,1
2026-03-09,2026-03-08,Gali,G_SQUARE_HARMONICS,16,48,8,99,100,NEUTRAL,1,2,1,0.06348829008353311,1,4,4,0.09374060487636103,0,2,3,0.030252314792827917,0.33639805603236794,0,1,1,1,1
2026-03-10,2026-03-09,Deshawar,HARUF_PYRAMID,81,85,6,49,73,NEUTRAL,1,2,2,0.06978259544243982,1,2,2,0.06851917771531142,0,0,0,-0.001263417727128402,0.22580765264382052,0,0,1,1,1
2026-03-10,2026-03-09,Deshawar,HARUF_PYRAMID,81,15,7,49,73,NEUTRAL,1,2,2,0.06978259544243982,4,6,5,0.1510276670209081,3,4,3,0.08124507157846829,0.9340831753498585,0,0,1,1,1
2026-03-10,2026-03-09,Deshawar,HARUF_PYRAMID,81,51,8,49,73,NEUTRAL,1,2,2,0.06978259544243982,3,4,4,0.10192176417648434,2,2,2,0.032139168734044515,0.4217439616282733,0,0,1,1,1
2026-03-10,2026-03-09,Faridabad,DATE_TRIAD,15,48,6,79,80,NEUTRAL,2,2,2,0.0875283433612167,0,1,1,0.0505186211568552,-2,-1,-1,-0.0370097222043615,-0.29252068234164763,0,0,0,0,1
2026-03-10,2026-03-09,Faridabad,DATE_TRIAD,15,57,7,79,80,NEUTRAL,2,2,2,0.0875283433612167,0,1,1,0.04480565866417079,-2,-1,-1,-0.04272268469704591,-0.3390476335465785,0,0,0,0,1
2026-03-10,2026-03-09,Faridabad,DATE_TRIAD,15,66,8,79,80,NEUTRAL,2,2,2,0.0875283433612167,1,5,5,0.08824377734161112,-1,3,3,0.0007154339803944199,0.13905088250008057,0,0,1,1,1
2026-03-10,2026-03-09,Ghaziabad,G_SQUARE_HARMONICS,26,27,6,74,84,NEUTRAL,5,6,5,0.44379153559358,0,1,1,0.048877329388856215,-5,-5,-4,-0.3949142062047238,-3.32030386753019,0,0,0,0,1
2026-03-10,2026-03-09,Ghaziabad,G_SQUARE_HARMONICS,26,28,7,74,84,NEUTRAL,5,6,5,0.44379153559358,1,2,2,0.08582240760872609,-4,-4,-3,-0.3579691279848539,-2.998614682716846,0,0,1,1,1
2026-03-10,2026-03-09,Ghaziabad,G_SQUARE_HARMONICS,26,32,8,74,84,NEUTRAL,5,6,5,0.44379153559358,1,2,2,0.08215765904835759,-4,-4,-3,-0.3616338765452224,-3.012429796055893,0,0,1,1,1
2026-03-10,2026-03-09,Gali,G_SQUARE_HARMONICS,66,69,6,64,76,NEUTRAL,2,3,3,0.1641735634175589,0,1,1,0.036902308334921204,-2,-2,-2,-0.1272712550826377,-1.1870297786841022,0,0,0,0,1
2026-03-10,2026-03-09,Gali,G_SQUARE_HARMONICS,66,90,7,64,76,NEUTRAL,2,3,3,0.1641735634175589,1,4,3,0.11063269638128827,-1,1,0,-0.05354086703627063,-0.39590481139359524,0,0,1,1,1
2026-03-10,2026-03-09,Gali,G_SQUARE_HARMONICS,66,96,8,64,76,NEUTRAL,2,3,3,0.1641735634175589,0,1,1,0.028392647625815677,-2,-2,-2,-0.13578091579174323,-1.2571587564116995,0,0,0,0,1
2026-03-11,2026-03-10,Deshawar,HARUF_PYRAMID,65,46,6,09,43,NEUTRAL,4,5,5,0.17582393211720432,0,2,2,0.05788474331794185,-4,-3,-3,-0.11793918879926246,-0.9585037947396045,0,0,1,1,1
2026-03-11,2026-03-10,Deshawar,HARUF_PYRAMID,65,64,7,09,43,NEUTRAL,4,5,5,0.17582393211720432,0,1,1,0.04059041013677328,-4,-4,-4,-0.13523352198043104,-1.1190145725743021,0,0,0,0,1
2026-03-11,2026-03-10,Deshawar,HARUF_PYRAMID,65,67,8,09,43,NEUTRAL,4,5,5,0.17582393211720432,0,1,1,0.04079923018309838,-4,-4,-4,-0.13502470193410593,-1.1170510280294126,0,0,0,0,1
2026-03-11,2026-03-10,Faridabad,DATE_TRIAD,45,35,6,28,39,NEUTRAL,1,1,1,0.05170669876752752,0,1,1,0.05431828752854112,-1,0,0,0.0026115887610135974,0.043278817779845935,1,1,0,0,1
2026-03-11,2026-03-10,Faridabad,DATE_TRIAD,45,43,7,28,39,NEUTRAL,1,1,1,0.05170669876752752,0,1,1,0.04168707987545316,-1,0,0,-0.01001961889207436,-0.07852963400828122,1,1,0,0,1
2026-03-11,2026-03-10,Faridabad,DATE_TRIAD,45,46,8,28,39,NEUTRAL,1,1,1,0.05170669876752752,4,5,5,0.24529893674407394,3,4,4,0.1935922379765464,1.9862160946414147,1,1,1,1,1
2026-03-11,2026-03-10,Ghaziabad,G_SQUARE_HARMONICS,51,52,6,58,72,NEUTRAL,1,1,1,0.05021880355250868,0,1,1,0.045840649208664715,-1,0,0,-0.004378154343843962,-0.02571700104111252,1,1,0,0,1
2026-03-11,2026-03-10,Ghaziabad,G_SQUARE_HARMONICS,51,54,7,58,72,NEUTRAL,1,1,1,0.05021880355250868,1,2,2,0.06941822935279622,0,1,1,0.019199425800287544,0.22397135398888135,1,1,1,1,1
2026-03-11,2026-03-10,Ghaziabad,G_SQUARE_HARMONICS,51,57,8,58,72,NEUTRAL,1,1,1,0.05021880355250868,0,1,1,0.039104677450942454,-1,0,0,-0.011114126101566223,-0.07315870947755526,1,1,0,0,1
2026-03-11,2026-03-10,Gali,G_SQUARE_HARMONICS,05,06,6,24,11,NEUTRAL,1,2,2,0.07622778862893302,0,2,2,0.07486934689976796,-1,0,0,-0.0013584417291650636,0.0031446635597650596,0,0,1,1,1
2026-03-11,2026-03-10,Gali,G_SQUARE_HARMONICS,05,08,7,24,11,NEUTRAL,1,2,2,0.07622778862893302,0,1,1,0.0729167003652104,-1,-1,-1,-0.003311088263722617,-0.008829794778031586,0,0,0,0,1
2026-03-11,2026-03-10,Gali,G_SQUARE_HARMONICS,05,20,8,24,11,NEUTRAL,1,2,2,0.07622778862893302,2,3,2,0.17132365388277015,1,1,0,0.09509586525383713,0.933708441710346,0,0,1,1,1
2026-03-12,2026-03-11,Deshawar,HARUF_PYRAMID,49,94,6,25,33,NEUTRAL,4,4,4,0.35593412958538334,1,4,4,0.1127781321522822,-3,0,0,-0.24315599743310112,-1.8357121603049846,0,0,1,1,1
2026-03-12,2026-03-11,Deshawar,HARUF_PYRAMID,49,23,7,25,33,NEUTRAL,4,4,4,0.35593412958538334,0,1,1,0.056447793476401616,-4,-3,-3,-0.29948633610898173,-2.27930198466737,0,0,0,0,1
2026-03-12,2026-03-11,Deshawar,HARUF_PYRAMID,49,29,8,25,33,NEUTRAL,4,4,4,0.35593412958538334,0,1,1,0.0577233756425544,-4,-3,-3,-0.2982107539428289,-2.2850949564561347,0,0,0,0,1
2026-03-12,2026-03-11,Faridabad,DATE_TRIAD,46,75,6,90,91,NEUTRAL,5,6,6,0.26656050306293877,0,1,1,0.04218222353062783,-5,-5,-5,-0.22437827953231093,-2.210572401866033,0,0,0,0,1
2026-03-12,2026-03-11,Faridabad,DATE_TRIAD,46,35,7,90,91,NEUTRAL,5,6,6,0.26656050306293877,0,1,1,0.049888016232028494,-5,-5,-5,-0.21667248683091028,-2.1254534357226293,0,0,0,0,1
2026-03-12,2026-03-11,Faridabad,DATE_TRIAD,46,42,8,90,91,NEUTRAL,5,6,6,0.26656050306293877,0,1,1,0.05624362140764851,-5,-5,-5,-0.21031688165529025,-2.045661102204848,0,0,0,0,1
2026-03-12,2026-03-11,Ghaziabad,G_SQUARE_HARMONICS,35,38,6,18,15,NEUTRAL,1,2,2,0.08271188346156486,2,5,4,0.13928922501116006,1,3,2,0.056577341549595206,0.49282173893253356,0,0,1,1,1
2026-03-12,2026-03-11,Ghaziabad,G_SQUARE_HARMONICS,35,39,7,18,15,NEUTRAL,1,2,2,0.08271188346156486,0,1,1,0.053103968476176606,-1,-1,-1,-0.02960791498538825,-0.26513798653164417,0,0,0,0,1
2026-03-12,2026-03-11,Ghaziabad,G_SQUARE_HARMONICS,35,43,8,18,15,NEUTRAL,1,2,2,0.08271188346156486,0,1,1,0.0441468476719775,-1,-1,-1,-0.03856503578958736,-0.32548925548744534,0,0,0,0,1
2026-03-12,2026-03-11,Gali,G_SQUARE_HARMONICS,42,45,6,09,40,NEUTRAL,5,8,6,0.21190432590932992,0,2,2,0.058993289767631386,-5,-6,-4,-0.15291103614169854,-1.4593674043335376,0,0,1,1,1
2026-03-12,2026-03-11,Gali,G_SQUARE_HARMONICS,42,46,7,09,40,NEUTRAL,5,8,6,0.21190432590932992,2,5,5,0.10289707758803973,-3,-3,-1,-0.10900724832129019,-1.0029709800374726,0,0,1,1,1
2026-03-12,2026-03-11,Gali,G_SQUARE_HARMONICS,42,47,8,09,40,NEUTRAL,5,8,6,0.21190432590932992,1,2,2,0.10821046263572674,-4,-6,-4,-0.10369386327360318,-1.0138863051162892,0,0,1,1,1
2026-03-13,2026-03-12,Deshawar,HARUF_PYRAMID,84,11,6,03,62,NEUTRAL,1,1,1,0.04507444314889272,0,2,2,0.07319722579532748,-1,1,1,0.028122782646434752,0.28459367204661934,1,1,1,1,1
2026-03-13,2026-03-12,Deshawar,HARUF_PYRAMID,84,38,7,03,62,NEUTRAL,1,1,1,0.04507444314889272,0,1,1,0.06019649205571634,-1,0,0,0.015122048906823615,0.13183269578680645,1,1,0,0,1
2026-03-13,2026-03-12,Deshawar,HARUF_PYRAMID,84,44,8,03,62,NEUTRAL,1,1,1,0.04507444314889272,0,1,1,0.04368655681746472,-1,0,0,-0.001387886331428001,0.014692985334668562,1,1,0,0,1
2026-03-13,2026-03-12,Faridabad,DATE_TRIAD,45,06,6,49,55,NEUTRAL,1,1,1,0.06819855580774789,0,3,3,0.11256808459724588,-1,2,2,0.044369528789497986,0.39512973699832776,1,1,1,1,1
2026-03-13,2026-03-12,Faridabad,DATE_TRIAD,45,57,7,49,55,NEUTRAL,1,1,1,0.06819855580774789,0,1,1,0.04136561015692496,-1,0,0,-0.026832945650822927,-0.2394981371001782,1,1,0,0,1
2026-03-13,2026-03-12,Faridabad,DATE_TRIAD,45,24,8,49,55,NEUTRAL,1,1,1,0.06819855580774789,0,1,1,0.05552934586483273,-1,0,0,-0.012669209942915163,-0.10723177210913792,1,1,0,0,1
2026-03-13,2026-03-12,Ghaziabad,G_SQUARE_HARMONICS,15,19,6,72,81,NEUTRAL,1,1,1,0.06817727970355054,1,2,2,0.12424166770131224,0,1,1,0.0560643879977617,0.46633967189448067,1,1,1,1,1
2026-03-13,2026-03-12,Ghaziabad,G_SQUARE_HARMONICS,15,51,7,72,81,NEUTRAL,1,1,1,0.06817727970355054,0,1,1,0.04232061084723185,-1,0,0,-0.025856668856318696,-0.20323254004762697,1,1,0,0,1
2026-03-13,2026-03-12,Ghaziabad,G_SQUARE_HARMONICS,15,91,8,72,81,NEUTRAL,1,1,1,0.06817727970355054,0,1,1,0.03951373537339238,-1,0,0,-0.028663544330158164,-0.22195035915405564,1,1,0,0,1
2026-03-13,2026-03-12,Gali,G_SQUARE_HARMONICS,79,97,6,20,27,NEUTRAL,1,1,1,0.054534499435932166,0,1,1,0.04580713356094535,-1,0,0,-0.008727365874986813,-0.07063049521654657,1,1,0,0,1
2026-03-13,2026-03-12,Gali,G_SQUARE_HARMONICS,79,07,7,20,27,NEUTRAL,1,1,1,0.054534499435932166,0,2,2,0.08931926852436263,-1,1,1,0.034784769088430464,0.33901268274430124,1,1,1,1,1
2026-03-13,2026-03-12,Gali,G_SQUARE_HARMONICS,79,70,8,20,27,NEUTRAL,1,1,1,0.054534499435932166,0,1,1,0.035599522379293584,-1,0,0,-0.01893497705663858,-0.14904985374433383,1,1,0,0,1
2026-03-14,2026-03-13,Deshawar,HARUF_PYRAMID,14,15,6,95,30,NEUTRAL,1,1,1,0.07185906015344734,0,1,1,0.06360609548993079,-1,0,0,-0.008252964663516549,-0.06300550212106815,1,1,0,0,1
2026-03-14,2026-03-13,Deshawar,HARUF_PYRAMID,14,41,7,95,30,NEUTRAL,1,1,1,0.07185906015344734,0,1,1,0.05249327303042562,-1,0,0,-0.01936578712302172,-0.15875710249771469,1,1,0,0,1
2026-03-14,2026-03-13,Deshawar,HARUF_PYRAMID,14,51,8,95,30,NEUTRAL,1,1,1,0.07185906015344734,1,2,2,0.06196189617464608,0,1,1,-0.009897163978801263,-0.07008913760934321,1,1,1,1,1
2026-03-14,2026-03-13,Faridabad,DATE_TRIAD,36,46,6,82,84,NEUTRAL,2,3,3,0.1017953439774311,2,4,4,0.13196262769051006,0,1,1,0.03016728371307896,0.3143808011672955,0,0,1,1,1
2026-03-14,2026-03-13,Faridabad,DATE_TRIAD,36,68,7,82,84,NEUTRAL,2,3,3,0.1017953439774311,0,1,1,0.03792340434773608,-2,-2,-2,-0.06387193962969503,-0.6214901222154474,0,0,0,0,1
2026-03-14,2026-03-13,Faridabad,DATE_TRIAD,36,13,8,82,84,NEUTRAL,2,3,3,0.1017953439774311,1,2,2,0.08079538131908487,-1,-1,-1,-0.020999962658346236,-0.23129402495355966,0,0,1,1,1
2026-03-14,2026-03-13,Ghaziabad,G_SQUARE_HARMONICS,33,37,6,75,82,NEUTRAL,1,1,1,0.05858024502241528,0,1,1,0.054869018935246525,-1,0,0,-0.0037112260871687563,-0.02111256183347776,1,1,0,0,1
2026-03-14,2026-03-13,Ghaziabad,G_SQUARE_HARMONICS,33,72,7,75,82,NEUTRAL,1,1,1,0.05858024502241528,4,6,5,0.31673843661463164,3,5,4,0.25815819159221637,2.062562458345527,1,1,1,1,1
2026-03-14,2026-03-13,Ghaziabad,G_SQUARE_HARMONICS,33,73,8,75,82,NEUTRAL,1,1,1,0.05858024502241528,0,1,1,0.046520483586300454,-1,0,0,-0.012059761436114827,-0.08708868302081513,1,1,0,0,1
2026-03-14,2026-03-13,Gali,G_SQUARE_HARMONICS,27,29,6,74,83,NEUTRAL,1,3,2,0.08827269872764242,0,1,1,0.058890312996909375,-1,-2,-1,-0.02938238573073304,-0.25133724812272784,0,0,0,0,1
2026-03-14,2026-03-13,Gali,G_SQUARE_HARMONICS,27,62,7,74,83,NEUTRAL,1,3,2,0.08827269872764242,0,1,1,0.040725050929549964,-1,-2,-1,-0.04754764779809245,-0.40903991996699685,0,0,0,0,1
2026-03-14,2026-03-13,Gali,G_SQUARE_HARMONICS,27,72,8,74,83,NEUTRAL,1,3,2,0.08827269872764242,0,1,1,0.05701452504680956,-1,-2,-1,-0.031258173680832856,-0.2524229179162011,0,0,0,0,1
2026-03-15,2026-03-14,Deshawar,HARUF_PYRAMID,46,49,6,39,20,NEUTRAL,2,3,3,0.11058097236189761,2,5,5,0.26761020521386575,0,2,2,0.15702923285196813,0.9334850942309887,0,0,1,1,1
2026-03-15,2026-03-14,Deshawar,HARUF_PYRAMID,46,64,7,39,20,NEUTRAL,2,3,3,0.11058097236189761,1,2,2,0.07316879074297879,-1,-1,-1,-0.03741218161891882,-0.3492720209271418,0,0,1,1,1
2026-03-15,2026-03-14,Deshawar,HARUF_PYRAMID,46,94,8,39,20,NEUTRAL,2,3,3,0.11058097236189761,1,3,3,0.11352555796744009,-1,0,0,0.002944585605542477,-0.1022341797827242,0,0,1,1,1
2026-03-15,2026-03-14,Faridabad,DATE_TRIAD,47,79,6,39,46,NEUTRAL,1,1,1,0.05701393651709495,0,4,4,0.07791786677717566,-1,3,3,0.020903930260080708,0.20513150442800376,1,1,1,1,1
2026-03-15,2026-03-14,Faridabad,DATE_TRIAD,47,02,7,39,46,NEUTRAL,1,1,1,0.05701393651709495,3,6,5,0.17909999679527328,2,5,4,0.12208606027817832,1.0153059110454576,1,1,1,1,1
2026-03-15,2026-03-14,Faridabad,DATE_TRIAD,47,11,8,39,46,NEUTRAL,1,1,1,0.05701393651709495,0,3,3,0.08448307571156852,-1,2,2,0.027469139194473566,0.24916647213836307,1,1,1,1,1
2026-03-15,2026-03-14,Ghaziabad,G_SQUARE_HARMONICS,27,42,6,27,5,DAMAGE,3,4,4,0.2971292761969243,0,1,1,0.05602376823727395,-3,-3,-3,-0.24110550795965036,-1.7560079748619755,0,0,0,0,1
2026-03-15,2026-03-14,Ghaziabad,G_SQUARE_HARMONICS,27,52,7,27,5,DAMAGE,3,4,4,0.2971292761969243,1,2,1,0.0745108299881425,-2,-2,-3,-0.2226184462087818,-1.6007009820833038,0,0,1,0,1
2026-03-15,2026-03-14,Ghaziabad,G_SQUARE_HARMONICS,27,62,8,27,5,DAMAGE,3,4,4,0.2971292761969243,0,2,2,0.05542381288140412,-3,-2,-2,-0.24170546331552017,-1.7659436587799346,0,0,1,1,1
2026-03-15,2026-03-14,Gali,G_SQUARE_HARMONICS,51,52,6,82,89,NEUTRAL,2,3,3,0.1831221890962474,0,1,1,0.047007087648362256,-2,-2,-2,-0.13611510144788513,-1.1619297604688126,0,0,0,0,1
2026-03-15,2026-03-14,Gali,G_SQUARE_HARMONICS,51,54,7,82,89,NEUTRAL,2,3,3,0.1831221890962474,1,2,2,0.17063855974943373,-1,-1,-1,-0.012483629346813657,-0.1965224109358208,0,0,1,1,1
2026-03-15,2026-03-14,Gali,G_SQUARE_HARMONICS,51,57,8,82,89,NEUTRAL,2,3,3,0.1831221890962474,0,1,1,0.043035782608421946,-2,-2,-2,-0.14008640648782544,-1.185630657376112,0,0,0,0,1
2026-03-16,2026-03-15,Deshawar,HARUF_PYRAMID,46,60,6,28,63,NEUTRAL,1,2,2,0.06790795329968555,1,4,4,0.0912340225415153,0,2,2,0.023326069241829755,0.17422662957659274,0,0,1,1,1
2026-03-16,2026-03-15,Deshawar,HARUF_PYRAMID,46,64,7,28,63,NEUTRAL,1,2,2,0.06790795329968555,0,2,2,0.0501410008941986,-1,0,0,-0.017766952405486945,-0.14299842433691323,0,0,1,1,1
2026-03-16,2026-03-15,Deshawar,HARUF_PYRAMID,46,77,8,28,63,NEUTRAL,1,2,2,0.06790795329968555,0,1,1,0.039223961082599665,-1,-1,-1,-0.028683992217085882,-0.26071009797504274,0,0,0,0,1
2026-03-16,2026-03-15,Faridabad,DATE_TRIAD,36,80,6,68,74,NEUTRAL,2,3,3,0.10715831480347524,0,2,2,0.05446007685890054,-2,-1,-1,-0.0526982379445747,-0.4842342269720582,0,0,1,1,1
2026-03-16,2026-03-15,Faridabad,DATE_TRIAD,36,96,7,68,74,NEUTRAL,2,3,3,0.10715831480347524,0,2,2,0.060308386151224726,-2,-1,-1,-0.04684992865225051,-0.42244520698099564,0,0,1,1,1
2026-03-16,2026-03-15,Faridabad,DATE_TRIAD,36,00,8,68,74,NEUTRAL,2,3,3,0.10715831480347524,1,7,6,0.22043459138386792,-1,4,3,0.11327627658039269,1.0101039810261399,0,0,1,1,1
2026-03-16,2026-03-15,Ghaziabad,G_SQUARE_HARMONICS,33,37,6,12,29,NEUTRAL,1,2,2,0.08093952186645967,1,2,2,0.17961658516424878,0,0,0,0.09867706329778911,0.8313090762033859,0,0,1,1,1
2026-03-16,2026-03-15,Ghaziabad,G_SQUARE_HARMONICS,33,72,7,12,29,NEUTRAL,1,2,2,0.08093952186645967,4,7,6,0.3667126802957732,3,5,4,0.2857731584293135,1.9306305006316085,0,0,1,1,1
2026-03-16,2026-03-15,Ghaziabad,G_SQUARE_HARMONICS,33,73,8,12,29,NEUTRAL,1,2,2,0.08093952186645967,0,2,2,0.060570758764528776,-1,0,0,-0.020368763101930892,-0.117427392836496,0,0,1,1,1
2026-03-16,2026-03-15,Gali,G_SQUARE_HARMONICS,06,07,6,17,13,NEUTRAL,1,2,1,0.10116116343682192,0,1,1,0.08019174938436381,-1,-1,0,-0.020969414052458113,-0.17970239702826096,0,1,0,0,1
2026-03-16,2026-03-15,Gali,G_SQUARE_HARMONICS,06,08,7,17,13,NEUTRAL,1,2,1,0.10116116343682192,1,2,2,0.12487373296152027,0,0,1,0.023712569524698343,0.26108132341977286,0,1,1,1,1
2026-03-16,2026-03-15,Gali,G_SQUARE_HARMONICS,06,10,8,17,13,NEUTRAL,1,2,1,0.10116116343682192,0,1,1,0.06486036447393315,-1,-1,0,-0.03630079896288878,-0.30624378280249354,0,1,0,0,1
2026-03-17,2026-03-16,Deshawar,HARUF_PYRAMID,30,34,6,47,53,NEUTRAL,2,5,5,0.14337359110075418,0,1,1,0.05834999208776854,-2,-4,-4,-0.08502359901298565,-0.655033762954636,0,0,0,0,1
2026-03-17,2026-03-16,Deshawar,HARUF_PYRAMID,30,35,7,47,53,NEUTRAL,2,5,5,0.14337359110075418,0,1,1,0.05019532325766122,-2,-4,-4,-0.09317826784309297,-0.7154981451560929,0,0,0,0,1
2026-03-17,2026-03-16,Deshawar,HARUF_PYRAMID,30,40,8,47,53,NEUTRAL,2,5,5,0.14337359110075418,0,1,1,0.058361528940311415,-2,-4,-4,-0.08501206216044277,-0.6266629171466984,0,0,0,0,1
2026-03-17,2026-03-16,Faridabad,DELTA_MATRIX,17,15,6,58,62,NEUTRAL,1,1,1,0.07322454684072785,0,1,1,0.06026638535396648,-1,0,0,-0.01295816148676137,-0.10957239358867216,1,1,0,0,1
2026-03-17,2026-03-16,Faridabad,DELTA_MATRIX,17,00,7,58,62,NEUTRAL,1,1,1,0.07322454684072785,2,7,6,0.27545732973664583,1,6,5,0.20223278289591798,1.4900712355196408,1,1,1,1,1
2026-03-17,2026-03-16,Faridabad,DELTA_MATRIX,17,01,8,58,62,NEUTRAL,1,1,1,0.07322454684072785,0,3,3,0.09455344668925222,-1,2,2,0.021328899848524374,0.17731166837799672,1,1,1,1,1
2026-03-17,2026-03-16,Ghaziabad,G_SQUARE_HARMONICS,57,71,6,26,53,NEUTRAL,1,2,2,0.09010648350572667,0,1,1,0.056699767319438134,-1,-1,-1,-0.033406716186288536,-0.2053637450674466,0,0,0,0,1
2026-03-17,2026-03-16,Ghaziabad,G_SQUARE_HARMONICS,57,72,7,26,53,NEUTRAL,1,2,2,0.09010648350572667,4,6,6,0.4615967033114172,3,4,4,0.3714902198056905,2.60946980880706,0,0,1,1,1
2026-03-17,2026-03-16,Ghaziabad,G_SQUARE_HARMONICS,57,73,8,26,53,NEUTRAL,1,2,2,0.09010648350572667,0,1,1,0.04648008828531193,-1,-1,-1,-0.04362639522041474,-0.2675784734018944,0,0,0,0,1
2026-03-17,2026-03-16,Gali,G_SQUARE_HARMONICS,02,08,6,45,56,NEUTRAL,1,4,4,0.12788461879574795,0,1,1,0.09075557499839933,-1,-3,-3,-0.03712904379734862,-0.2949879943467987,0,0,0,0,1
2026-03-17,2026-03-16,Gali,G_SQUARE_HARMONICS,02,12,7,45,56,NEUTRAL,1,4,4,0.12788461879574795,0,1,1,0.06775907630257766,-1,-3,-3,-0.060125542493170286,-0.47151149489460764,0,0,0,0,1
2026-03-17,2026-03-16,Gali,G_SQUARE_HARMONICS,02,18,8,45,56,NEUTRAL,1,4,4,0.12788461879574795,1,2,2,0.0994288646955384,0,-2,-2,-0.02845575410020955,-0.23318140955154698,0,0,1,1,1
2026-03-18,2026-03-17,Deshawar,HARUF_PYRAMID,04,40,6,82,45,NEUTRAL,1,2,2,0.10165936998157882,0,1,1,0.051042682287018575,-1,-1,-1,-0.05061668769456024,-0.4160673188365508,0,0,0,0,1
2026-03-18,2026-03-17,Deshawar,HARUF_PYRAMID,04,48,7,82,45,NEUTRAL,1,2,2,0.10165936998157882,0,1,1,0.048199636972519194,-1,-1,-1,-0.05345973300905962,-0.43440022723368543,0,0,0,0,1
2026-03-18,2026-03-17,Deshawar,HARUF_PYRAMID,04,84,8,82,45,NEUTRAL,1,2,2,0.10165936998157882,0,1,1,0.037325523438815365,-1,-1,-1,-0.06433384654276345,-0.5203291878885965,0,0,0,0,1
2026-03-18,2026-03-17,Faridabad,DELTA_MATRIX,00,01,6,90,91,NEUTRAL,1,6,5,0.14168144809840497,0,3,3,0.09804384962038105,-1,-3,-2,-0.04363759847802391,-0.37868602526116735,0,0,1,1,1
2026-03-18,2026-03-17,Faridabad,DELTA_MATRIX,00,02,7,90,91,NEUTRAL,1,6,5,0.14168144809840497,1,3,3,0.10897638160824694,0,-3,-2,-0.03270506649015803,-0.30662117427404023,0,0,1,1,1
2026-03-18,2026-03-17,Faridabad,DELTA_MATRIX,00,03,8,90,91,NEUTRAL,1,6,5,0.14168144809840497,1,4,4,0.14892204737415088,0,-2,-1,0.0072405992757459126,0.09339927849975438,0,0,1,1,1
2026-03-18,2026-03-17,Ghaziabad,G_SQUARE_HARMONICS,26,27,6,76,29,NEUTRAL,5,6,5,0.63099911280281,4,6,6,0.35170529373999904,-1,0,1,-0.2792938190628109,-2.18941144639674,0,0,1,1,1
2026-03-18,2026-03-17,Ghaziabad,G_SQUARE_HARMONICS,26,28,7,76,29,NEUTRAL,5,6,5,0.63099911280281,1,2,2,0.10389073410209722,-4,-4,-3,-0.5271083787007127,-3.7777497085857785,0,0,1,1,1
2026-03-18,2026-03-17,Ghaziabad,G_SQUARE_HARMONICS,26,32,8,76,29,NEUTRAL,5,6,5,0.63099911280281,0,3,3,0.09325191300948779,-5,-3,-2,-0.5377471997933222,-3.8502675766426027,0,0,1,1,1
2026-03-18,2026-03-17,Gali,G_SQUARE_HARMONICS,55,59,6,76,83,NEUTRAL,1,2,1,0.06539239995684598,1,2,1,0.06855314570789087,0,0,0,0.0031607457510448855,0.06408947813510601,0,1,1,0,1
2026-03-18,2026-03-17,Gali,G_SQUARE_HARMONICS,55,94,7,76,83,NEUTRAL,1,2,1,0.06539239995684598,0,1,1,0.0458453700351959,-1,-1,0,-0.019547029921650083,-0.15154092046001744,0,1,0,0,1
2026-03-18,2026-03-17,Gali,G_SQUARE_HARMONICS,55,95,8,76,83,NEUTRAL,1,2,1,0.06539239995684598,2,3,2,0.10596330900761315,1,1,1,0.04057090905076717,0.33704932128541865,0,1,1,1,1
2026-03-19,2026-03-18,Deshawar,HARUF_PYRAMID,23,32,6,50,93,NEUTRAL,4,4,4,0.1631894267981368,0,3,3,0.09495906490761846,-4,-1,-1,-0.06823036189051834,-0.5548085825715925,0,0,1,1,1
2026-03-19,2026-03-18,Deshawar,HARUF_PYRAMID,23,33,7,50,93,NEUTRAL,4,4,4,0.1631894267981368,2,4,4,0.15627972703509255,-2,0,0,-0.006909699763044258,0.015810542910292158,0,0,1,1,1
2026-03-19,2026-03-18,Deshawar,HARUF_PYRAMID,23,36,8,50,93,NEUTRAL,4,4,4,0.1631894267981368,1,2,2,0.10127407210829384,-3,-2,-2,-0.061915354689842966,-0.3467800526469056,0,0,1,1,1
2026-03-19,2026-03-18,Faridabad,DELTA_MATRIX,47,41,6,87,88,NEUTRAL,1,1,1,0.05814047716217308,1,5,5,0.13098057388664724,0,4,4,0.07284009672447417,0.5756475314311303,1,1,1,1,1
2026-03-19,2026-03-18,Faridabad,DELTA_MATRIX,47,00,7,87,88,NEUTRAL,1,1,1,0.05814047716217308,2,6,5,0.17066528972939127,1,5,4,0.11252481256721819,0.9197030003241425,1,1,1,1,1
2026-03-19,2026-03-18,Faridabad,DELTA_MATRIX,47,01,8,87,88,NEUTRAL,1,1,1,0.05814047716217308,1,5,4,0.12513929018315698,0,4,3,0.0669988130209839,0.563240791459188,1,1,1,1,1
2026-03-19,2026-03-18,Ghaziabad,G_SQUARE_HARMONICS,23,27,6,26,19,NEUTRAL,2,5,5,0.17861085090345613,1,6,6,0.2974513583305611,-1,1,1,0.11884050742710495,0.6067785971707362,0,0,1,1,1
2026-03-19,2026-03-18,Ghaziabad,G_SQUARE_HARMONICS,23,32,7,26,19,NEUTRAL,2,5,5,0.17861085090345613,0,2,2,0.07742153311089574,-2,-3,-3,-0.1011893177925604,-0.7677757613513391,0,0,1,1,1
2026-03-19,2026-03-18,Ghaziabad,G_SQUARE_HARMONICS,23,35,8,26,19,NEUTRAL,2,5,5,0.17861085090345613,1,2,2,0.18563335745495155,-1,-3,-3,0.007022506551495417,0.06277889973388673,0,0,1,1,1
2026-03-19,2026-03-18,Gali,G_SQUARE_HARMONICS,23,27,6,43,59,NEUTRAL,2,5,5,0.16206140325467477,0,1,1,0.06433154262228583,-2,-4,-4,-0.09772986063238895,-0.8467948828079028,0,0,0,0,1
2026-03-19,2026-03-18,Gali,G_SQUARE_HARMONICS,23,32,7,43,59,NEUTRAL,2,5,5,0.16206140325467477,0,3,3,0.07815191125003258,-2,-2,-2,-0.08390949200464219,-0.7090461564241594,0,0,1,1,1
2026-03-19,2026-03-18,Gali,G_SQUARE_HARMONICS,23,35,8,43,59,NEUTRAL,2,5,5,0.16206140325467477,0,2,2,0.06702993159044121,-2,-3,-3,-0.09503147166423356,-0.8241680850437043,0,0,1,1,1
2026-03-20,2026-03-19,Deshawar,HARUF_PYRAMID,37,73,6,12,69,NEUTRAL,2,2,2,0.09314453513827581,1,2,2,0.07309850654554213,-1,0,0,-0.020046028592733675,-0.16798767732327047,0,0,1,1,1
2026-03-20,2026-03-19,Deshawar,HARUF_PYRAMID,37,27,7,12,69,NEUTRAL,2,2,2,0.09314453513827581,0,2,2,0.08261785574706308,-2,0,0,-0.010526679391212726,-0.1612652336762418,0,0,1,1,1
2026-03-20,2026-03-19,Deshawar,HARUF_PYRAMID,37,72,8,12,69,NEUTRAL,2,2,2,0.09314453513827581,0,1,1,0.03850043257559975,-2,-1,-1,-0.05464410256267606,-0.4855037940237409,0,0,0,0,1
2026-03-20,2026-03-19,Faridabad,DELTA_MATRIX,61,65,6,74,1,NEUTRAL,1,1,1,0.05252688517804977,0,1,1,0.045807045257613734,-1,0,0,-0.006719839920436038,-0.04309061403538522,1,1,0,0,1
2026-03-20,2026-03-19,Faridabad,DELTA_MATRIX,61,00,7,74,1,NEUTRAL,1,1,1,0.05252688517804977,0,4,4,0.11673960146494489,-1,3,3,0.06421271628689512,0.4703548663702676,1,1,1,1,1
2026-03-20,2026-03-19,Faridabad,DELTA_MATRIX,61,01,8,74,1,NEUTRAL,1,1,1,0.05252688517804977,0,4,4,0.09223563965411898,-1,3,3,0.039708754476069204,0.29891353020324274,1,1,1,1,1
2026-03-20,2026-03-19,Ghaziabad,G_SQUARE_HARMONICS,26,27,6,23,4,NEUTRAL,5,6,5,0.7080700602764477,2,7,7,0.35218245427507566,-3,1,2,-0.35588760600137204,-2.288797238943235,0,0,1,1,1
2026-03-20,2026-03-19,Ghaziabad,G_SQUARE_HARMONICS,26,28,7,23,4,NEUTRAL,5,6,5,0.7080700602764477,1,2,2,0.10540128522298176,-4,-4,-3,-0.6026687750534659,-3.8850968035468796,0,0,1,1,1
2026-03-20,2026-03-19,Ghaziabad,G_SQUARE_HARMONICS,26,32,8,23,4,NEUTRAL,5,6,5,0.7080700602764477,0,1,1,0.060720024263507956,-5,-5,-4,-0.6473500360129397,-4.209500853280126,0,0,0,0,1
2026-03-20,2026-03-19,Gali,G_SQUARE_HARMONICS,34,36,6,85,86,NEUTRAL,3,5,5,0.22661827185246536,0,1,1,0.06154451943157984,-3,-4,-4,-0.1650737524208855,-1.2775853670709443,0,0,0,0,1
2026-03-20,2026-03-19,Gali,G_SQUARE_HARMONICS,34,37,7,85,86,NEUTRAL,3,5,5,0.22661827185246536,0,1,1,0.06036207809266943,-3,-4,-4,-0.16625619375979594,-1.2707524596824205,0,0,0,0,1
2026-03-20,2026-03-19,Gali,G_SQUARE_HARMONICS,34,43,8,85,86,NEUTRAL,3,5,5,0.22661827185246536,4,5,5,0.384628883422738,1,0,0,0.15801061157027263,1.2902375546337146,0,0,1,1,1
2026-03-21,2026-03-20,Deshawar,HARUF_PYRAMID,47,74,6,16,29,NEUTRAL,2,5,5,0.1476274378005098,1,4,4,0.17085140763758191,-1,-1,-1,0.023223969837072117,0.35700149649123936,0,0,1,1,1
2026-03-21,2026-03-20,Deshawar,HARUF_PYRAMID,47,17,7,16,29,NEUTRAL,2,5,5,0.1476274378005098,1,2,2,0.13219312348242837,-1,-3,-3,-0.015434314318081427,-0.15323682505038128,0,0,1,1,1
2026-03-21,2026-03-20,Deshawar,HARUF_PYRAMID,47,24,8,16,29,NEUTRAL,2,5,5,0.1476274378005098,0,1,1,0.059418139008334536,-2,-4,-4,-0.08820929879217526,-0.7810256944609537,0,0,0,0,1
2026-03-21,2026-03-20,Faridabad,DELTA_MATRIX,30,34,6,49,51,NEUTRAL,1,1,1,0.0686816405270682,1,2,2,0.08816270249289676,0,1,1,0.019481061965828564,0.11864792126975626,1,1,1,1,1
2026-03-21,2026-03-20,Faridabad,DELTA_MATRIX,30,00,7,49,51,NEUTRAL,1,1,1,0.0686816405270682,0,3,3,0.09671553505955849,-1,2,2,0.02803389453249029,0.2040840662665681,1,1,1,1,1
2026-03-21,2026-03-20,Faridabad,DELTA_MATRIX,30,01,8,49,51,NEUTRAL,1,1,1,0.0686816405270682,0,2,2,0.09702656446143487,-1,1,1,0.028344923934366675,0.2327321466417966,1,1,1,1,1
2026-03-21,2026-03-20,Ghaziabad,G_SQUARE_HARMONICS,16,17,6,17,6,RESCUE,1,1,1,0.08069246325691216,0,2,1,0.11459351909709929,-1,1,0,0.03390105584018713,0.2210984016267698,1,1,1,0,1
2026-03-21,2026-03-20,Ghaziabad,G_SQUARE_HARMONICS,16,19,7,17,6,NEUTRAL,1,1,1,0.08069246325691216,0,2,1,0.09542992844853172,-1,1,0,0.014737465191619559,0.11966404987217488,1,1,1,0,1
2026-03-21,2026-03-20,Ghaziabad,G_SQUARE_HARMONICS,16,21,8,17,6,NEUTRAL,1,1,1,0.08069246325691216,1,3,3,0.13215042988659076,0,2,2,0.051457966629678595,0.31959705742615024,1,1,1,1,1
2026-03-21,2026-03-20,Gali,G_SQUARE_HARMONICS,35,38,6,01,38,NEUTRAL,3,5,4,0.157601289642574,1,2,2,0.08392567424884806,-2,-3,-2,-0.07367561539372594,-0.6058646636321519,0,0,1,1,1
2026-03-21,2026-03-20,Gali,G_SQUARE_HARMONICS,35,39,7,01,38,NEUTRAL,3,5,4,0.157601289642574,1,2,2,0.1175531814984025,-2,-3,-2,-0.04004810814417149,-0.346700301985411,0,0,1,1,1
2026-03-21,2026-03-20,Gali,G_SQUARE_HARMONICS,35,43,8,01,38,NEUTRAL,3,5,4,0.157601289642574,3,5,5,0.27107760564379874,0,0,1,0.11347631600122474,1.0687916593407691,0,0,1,1,1
2026-03-22,2026-03-21,Deshawar,HARUF_PYRAMID,44,71,6,70,29,NEUTRAL,1,2,2,0.07359087043621981,0,1,1,0.05500793243888884,-1,-1,-1,-0.018582937997330976,-0.12313301605472488,0,0,0,0,1
2026-03-22,2026-03-21,Deshawar,HARUF_PYRAMID,44,14,7,70,29,NEUTRAL,1,2,2,0.07359087043621981,0,2,2,0.0846243992267099,-1,0,0,0.01103352879049009,0.10059304258064483,0,0,1,1,1
2026-03-22,2026-03-21,Deshawar,HARUF_PYRAMID,44,27,8,70,29,NEUTRAL,1,2,2,0.07359087043621981,1,3,3,0.09791563518702547,0,1,1,0.024324764750805652,0.13791352620015862,0,0,1,1,1
2026-03-22,2026-03-21,Faridabad,DELTA_MATRIX,00,01,6,40,44,NEUTRAL,2,5,4,0.13782262033236486,1,3,3,0.1681163921264394,-1,-2,-1,0.030293771794074525,0.27022470644651375,0,0,1,1,1
2026-03-22,2026-03-21,Faridabad,DELTA_MATRIX,00,02,7,40,44,NEUTRAL,2,5,4,0.13782262033236486,1,3,3,0.11498352829135011,-1,-2,-1,-0.022839092041014752,-0.2147329498112055,0,0,1,1,1
2026-03-22,2026-03-21,Faridabad,DELTA_MATRIX,00,03,8,40,44,NEUTRAL,2,5,4,0.13782262033236486,1,3,3,0.11893076853955042,-1,-2,-1,-0.01889185179281444,-0.16712062387573723,0,0,1,1,1
2026-03-22,2026-03-21,Ghaziabad,G_SQUARE_HARMONICS,02,08,6,28,2,NEUTRAL,1,5,4,0.15109893190464904,0,2,2,0.13467519368204084,-1,-3,-2,-0.016423738222608203,-0.1402550647340869,0,0,1,1,1
2026-03-22,2026-03-21,Ghaziabad,G_SQUARE_HARMONICS,02,12,7,28,2,NEUTRAL,1,5,4,0.15109893190464904,2,5,5,0.17130294055479284,1,0,1,0.020204008650143795,0.13799048784823298,0,0,1,1,1
2026-03-22,2026-03-21,Ghaziabad,G_SQUARE_HARMONICS,02,18,8,28,2,NEUTRAL,1,5,4,0.15109893190464904,2,3,3,0.18129103391176146,1,-2,-1,0.03019210200711242,0.22080803815643613,0,0,1,1,1
2026-03-22,2026-03-21,Gali,DELTA_MATRIX,34,36,6,70,72,NEUTRAL,1,3,3,0.10080119688776197,0,1,1,0.06042947583096164,-1,-2,-2,-0.04037172105680033,-0.30609135168492396,0,0,0,0,1
2026-03-22,2026-03-21,Gali,DELTA_MATRIX,34,00,7,70,72,NEUTRAL,1,3,3,0.10080119688776197,1,6,5,0.14227368367824872,0,3,2,0.04147248679048675,0.3350441503106941,0,0,1,1,1
2026-03-22,2026-03-21,Gali,DELTA_MATRIX,34,01,8,70,72,NEUTRAL,1,3,3,0.10080119688776197,6,7,6,0.5075315829149077,5,4,3,0.4067303860271458,3.20446544415688,0,0,1,1,1
2026-03-23,2026-03-22,Deshawar,HARUF_PYRAMID,13,31,6,27,53,NEUTRAL,1,1,1,0.08209043095708767,0,2,2,0.07559172694888996,-1,1,1,-0.0064987040081977004,-0.07058140233782495,1,1,1,1,1
2026-03-23,2026-03-22,Deshawar,HARUF_PYRAMID,13,18,7,27,53,NEUTRAL,1,1,1,0.08209043095708767,0,1,1,0.0654866947259212,-1,0,0,-0.01660373623116647,-0.11530142206265215,1,1,0,0,1
2026-03-23,2026-03-22,Deshawar,HARUF_PYRAMID,13,23,8,27,53,NEUTRAL,1,1,1,0.08209043095708767,0,1,1,0.06759007292599652,-1,0,0,-0.014500358031091148,-0.0876946410351308,1,1,0,0,1
2026-03-23,2026-03-22,Faridabad,DELTA_MATRIX,03,05,6,59,60,NEUTRAL,1,3,3,0.13035754729868096,1,3,2,0.11259852474913401,0,0,-1,-0.01775902254954695,-0.08478998704330776,0,0,1,1,1
2026-03-23,2026-03-22,Faridabad,DELTA_MATRIX,03,00,7,59,60,NEUTRAL,1,3,3,0.13035754729868096,1,6,5,0.14383258646981212,0,3,2,0.013475039171131159,0.12660982421030031,0,0,1,1,1
2026-03-23,2026-03-22,Faridabad,DELTA_MATRIX,03,01,8,59,60,NEUTRAL,1,3,3,0.13035754729868096,1,4,3,0.1317728194806592,0,1,0,0.0014152721819782332,0.07228534556120769,0,0,1,1,1
2026-03-23,2026-03-22,Ghaziabad,G_SQUARE_HARMONICS,06,07,6,10,8,NEUTRAL,1,1,1,0.1119759588288879,0,1,1,0.09686940924617625,-1,0,0,-0.015106549582711654,-0.0850785925448625,1,1,0,0,1
2026-03-23,2026-03-22,Ghaziabad,G_SQUARE_HARMONICS,06,08,7,10,8,NEUTRAL,1,1,1,0.1119759588288879,1,4,3,0.1804157452255717,0,3,2,0.06843978639668379,0.4649402999299923,1,1,1,1,1
2026-03-23,2026-03-22,Ghaziabad,G_SQUARE_HARMONICS,06,10,8,10,8,RESCUE,1,1,1,0.1119759588288879,3,4,4,0.20169908186791696,2,3,3,0.08972312303902906,0.6618083902143705,1,1,1,1,1
2026-03-23,2026-03-22,Gali,DELTA_MATRIX,78,76,6,86,89,NEUTRAL,1,1,1,0.04883046333568561,0,2,2,0.07458470534599067,-1,1,1,0.02575424201030506,0.20211451702338062,1,1,1,1,1
2026-03-23,2026-03-22,Gali,DELTA_MATRIX,78,00,7,86,89,NEUTRAL,1,1,1,0.04883046333568561,1,6,5,0.1512970486196085,0,5,4,0.10246658528392288,0.7861365490791843,1,1,1,1,1
2026-03-23,2026-03-22,Gali,DELTA_MATRIX,78,01,8,86,89,NEUTRAL,1,1,1,0.04883046333568561,2,7,7,0.21266812974698784,1,6,6,0.16383766641130224,1.2723540080907612,1,1,1,1,1
2026-03-24,2026-03-23,Deshawar,HARUF_PYRAMID,02,20,6,66,75,NEUTRAL,1,5,4,0.1376354963436713,0,1,1,0.07001977852323239,-1,-4,-3,-0.06761571782043892,-0.5072183966920809,0,0,0,0,1
2026-03-24,2026-03-23,Deshawar,HARUF_PYRAMID,02,25,7,66,75,NEUTRAL,1,5,4,0.1376354963436713,2,5,5,0.1498085099042432,1,0,1,0.012173013560571877,0.15149697618925106,0,0,1,1,1
2026-03-24,2026-03-23,Deshawar,HARUF_PYRAMID,02,52,8,66,75,NEUTRAL,1,5,4,0.1376354963436713,3,7,7,0.23079975342717277,2,2,3,0.09316425708350146,0.7771756119500122,0,0,1,1,1
2026-03-24,2026-03-23,Faridabad,DELTA_MATRIX,06,04,6,28,33,NEUTRAL,2,4,4,0.13570749882619004,5,6,5,0.3948139140148138,3,2,1,0.25910641518862376,2.0132507921736185,0,0,1,1,1
2026-03-24,2026-03-23,Faridabad,DELTA_MATRIX,06,00,7,28,33,NEUTRAL,2,4,4,0.13570749882619004,0,7,5,0.15968911611445918,-2,3,1,0.02398161728826914,0.19050745593849028,0,0,1,1,1
2026-03-24,2026-03-23,Faridabad,DELTA_MATRIX,06,01,8,28,33,NEUTRAL,2,4,4,0.13570749882619004,0,2,2,0.10069644017577709,-2,-2,-2,-0.03501105865041296,-0.25685287935066614,0,0,1,1,1
2026-03-24,2026-03-23,Ghaziabad,G_SQUARE_HARMONICS,18,19,6,75,86,NEUTRAL,3,3,3,0.16567744348214145,1,2,1,0.13783911169139706,-2,-1,-2,-0.02783833179074438,-0.14552136175814478,0,0,1,0,1
2026-03-24,2026-03-23,Ghaziabad,G_SQUARE_HARMONICS,18,31,7,75,86,NEUTRAL,3,3,3,0.16567744348214145,0,2,2,0.08705897918086011,-3,-1,-1,-0.07861846430128133,-0.4333060896555595,0,0,1,1,1
2026-03-24,2026-03-23,Ghaziabad,G_SQUARE_HARMONICS,18,81,8,75,86,NEUTRAL,3,3,3,0.16567744348214145,0,1,1,0.06369364693979333,-3,-2,-2,-0.10198379654234811,-0.6024516515603295,0,0,0,0,1
2026-03-24,2026-03-23,Gali,DELTA_MATRIX,72,74,6,82,84,NEUTRAL,1,1,1,0.051396088241281675,1,2,2,0.12063468313047772,0,1,1,0.06923859488919604,0.5365402124563341,1,1,1,1,1
2026-03-24,2026-03-23,Gali,DELTA_MATRIX,72,00,7,82,84,NEUTRAL,1,1,1,0.051396088241281675,0,3,3,0.11097455132725978,-1,2,2,0.059578463085978105,0.43155772839966317,1,1,1,1,1
2026-03-24,2026-03-23,Gali,DELTA_MATRIX,72,01,8,82,84,NEUTRAL,1,1,1,0.051396088241281675,1,7,6,0.16412395270377,0,6,5,0.11272786446248834,0.8423072194229881,1,1,1,1,1
2026-03-25,2026-03-24,Deshawar,HARUF_PYRAMID,20,23,6,13,29,NEUTRAL,1,2,2,0.10583824165053268,0,2,2,0.08053817320490103,-1,0,0,-0.02530006844563165,-0.17788547986558456,0,0,1,1,1
2026-03-25,2026-03-24,Deshawar,HARUF_PYRAMID,20,27,7,13,29,NEUTRAL,1,2,2,0.10583824165053268,3,4,4,0.3414743773989194,2,2,2,0.2356361357483867,1.4526803731443152,0,0,1,1,1
2026-03-25,2026-03-24,Deshawar,HARUF_PYRAMID,20,32,8,13,29,NEUTRAL,1,2,2,0.10583824165053268,0,1,1,0.06098265573178912,-1,-1,-1,-0.044855585918743564,-0.3167473873120629,0,0,0,0,1
2026-03-25,2026-03-24,Faridabad,DELTA_MATRIX,53,51,6,48,53,NEUTRAL,1,1,1,0.0562792529561807,0,1,1,0.05183934737917955,-1,0,0,-0.004439905577001149,-0.020901191956800957,1,1,0,0,1
2026-03-25,2026-03-24,Faridabad,DELTA_MATRIX,53,00,7,48,53,NEUTRAL,1,1,1,0.0562792529561807,3,6,5,0.38186955100222447,2,5,4,0.3255902980460438,2.5828245904244396,1,1,1,1,1
2026-03-25,2026-03-24,Faridabad,DELTA_MATRIX,53,01,8,48,53,NEUTRAL,1,1,1,0.0562792529561807,1,4,4,0.15340454240575324,0,3,3,0.09712528944957255,0.7622781075147859,1,1,1,1,1
2026-03-25,2026-03-24,Ghaziabad,G_SQUARE_HARMONICS,27,42,6,70,76,NEUTRAL,2,3,3,0.28448523564133077,0,1,1,0.06992914751870413,-2,-2,-2,-0.21455608812262664,-1.3097664269919425,0,0,0,0,1
2026-03-25,2026-03-24,Ghaziabad,G_SQUARE_HARMONICS,27,52,7,70,76,NEUTRAL,2,3,3,0.28448523564133077,1,2,1,0.09388217448383765,-1,-1,-2,-0.19060306115749312,-1.1478536262839545,0,0,1,0,1
2026-03-25,2026-03-24,Ghaziabad,G_SQUARE_HARMONICS,27,62,8,70,76,NEUTRAL,2,3,3,0.28448523564133077,2,3,3,0.21054317861109756,0,0,0,-0.07394205703023321,-0.3711069783256187,0,0,1,1,1
2026-03-25,2026-03-24,Gali,DELTA_MATRIX,00,01,6,30,33,NEUTRAL,4,6,5,0.42322563848997147,1,6,6,0.2119746273643047,-3,0,1,-0.21125101112566677,-1.647393000833258,0,0,1,1,1
2026-03-25,2026-03-24,Gali,DELTA_MATRIX,00,02,7,30,33,NEUTRAL,4,6,5,0.42322563848997147,2,5,4,0.20261105291584355,-2,-1,-1,-0.2206145855741279,-1.7023380043772025,0,0,1,1,1
2026-03-25,2026-03-24,Gali,DELTA_MATRIX,00,03,8,30,33,NEUTRAL,4,6,5,0.42322563848997147,0,3,3,0.09209744307589894,-4,-3,-2,-0.3311281954140725,-2.465932350695282,0,0,1,1,1
2026-03-26,2026-03-25,Deshawar,HARUF_PYRAMID,75,79,6,92,25,NEUTRAL,1,1,1,0.061538656219787324,0,1,1,0.05419676327592379,-1,0,0,-0.007341892943863532,-0.04099773690604369,1,1,0,0,1
2026-03-26,2026-03-25,Deshawar,HARUF_PYRAMID,75,97,7,92,25,NEUTRAL,1,1,1,0.061538656219787324,0,1,1,0.04702310070435863,-1,0,0,-0.014515555515428692,-0.09630927616666723,1,1,0,0,1
2026-03-26,2026-03-25,Deshawar,HARUF_PYRAMID,75,55,8,92,25,NEUTRAL,1,1,1,0.061538656219787324,0,1,1,0.05170239008868505,-1,0,0,-0.009836266131102271,-0.058804546607491404,1,1,0,0,1
2026-03-26,2026-03-25,Faridabad,DELTA_MATRIX,00,01,6,43,46,NEUTRAL,2,5,4,0.19319436022869382,0,5,4,0.13225480882429125,-2,0,0,-0.060939551404402575,-0.4942889762397774,0,0,1,1,1
2026-03-26,2026-03-25,Faridabad,DELTA_MATRIX,00,02,7,43,46,NEUTRAL,2,5,4,0.19319436022869382,0,4,3,0.13423654619341352,-2,-1,-1,-0.058957814035280304,-0.4718855955439871,0,0,1,1,1
2026-03-26,2026-03-25,Faridabad,DELTA_MATRIX,00,03,8,43,46,NEUTRAL,2,5,4,0.19319436022869382,0,3,3,0.10180399666626463,-2,-2,-1,-0.09139036356242919,-0.7225690798383603,0,0,1,1,1
2026-03-26,2026-03-25,Ghaziabad,G_SQUARE_HARMONICS,70,71,6,34,45,NEUTRAL,6,6,5,0.5998759097354076,1,4,4,0.277320336004766,-5,-2,-1,-0.3225555737306416,-1.834256432268877,0,0,1,1,1
2026-03-26,2026-03-25,Ghaziabad,G_SQUARE_HARMONICS,70,72,7,34,45,NEUTRAL,6,6,5,0.5998759097354076,1,4,4,0.16153441413731662,-5,-2,-1,-0.438341495598091,-2.4148886493722777,0,0,1,1,1
2026-03-26,2026-03-25,Ghaziabad,G_SQUARE_HARMONICS,70,79,8,34,45,NEUTRAL,6,6,5,0.5998759097354076,0,1,1,0.0576938543728931,-6,-5,-4,-0.5421820553625145,-3.105274684822431,0,0,0,0,1
2026-03-26,2026-03-25,Gali,DELTA_MATRIX,00,01,6,68,70,NEUTRAL,2,6,6,0.16694104158717504,0,6,6,0.14658606073684693,-2,0,0,-0.020354980850328108,-0.16015606545480177,0,0,1,1,1
2026-03-26,2026-03-25,Gali,DELTA_MATRIX,00,02,7,68,70,NEUTRAL,2,6,6,0.16694104158717504,0,3,3,0.1067139965205308,-2,-3,-3,-0.06022704506664424,-0.4618820501666737,0,0,1,1,1
2026-03-26,2026-03-25,Gali,DELTA_MATRIX,00,03,8,68,70,NEUTRAL,2,6,6,0.16694104158717504,6,8,7,0.5730121649911295,4,2,1,0.40607112340395446,2.8603532110264496,0,0,1,1,1
2026-03-27,2026-03-26,Deshawar,HARUF_PYRAMID,72,79,6,26,40,NEUTRAL,2,3,3,0.11866512803977747,0,2,2,0.07456919223108842,-2,-1,-1,-0.04409593580868905,-0.2731042377853017,0,0,1,1,1
2026-03-27,2026-03-26,Deshawar,HARUF_PYRAMID,72,97,7,26,40,NEUTRAL,2,3,3,0.11866512803977747,0,2,2,0.07782109788053038,-2,-1,-1,-0.04084403015924709,-0.2448886434996852,0,0,1,1,1
2026-03-27,2026-03-26,Deshawar,HARUF_PYRAMID,72,11,8,26,40,NEUTRAL,2,3,3,0.11866512803977747,1,3,3,0.15497256665361156,-1,0,0,0.03630743861383409,0.4043228855972205,0,0,1,1,1
2026-03-27,2026-03-26,Faridabad,DELTA_MATRIX,00,01,6,82,85,NEUTRAL,3,6,5,0.3180061863995323,1,4,3,0.15989144527022225,-2,-2,-2,-0.15811474112931007,-0.8747236809434162,0,0,1,1,1
2026-03-27,2026-03-26,Faridabad,DELTA_MATRIX,00,02,7,82,85,NEUTRAL,3,6,5,0.3180061863995323,2,5,4,0.21537078117072314,-1,-1,-1,-0.10263540522880918,-0.6230976678557327,0,0,1,1,1
2026-03-27,2026-03-26,Faridabad,DELTA_MATRIX,00,03,8,82,85,NEUTRAL,3,6,5,0.3180061863995323,0,3,2,0.11353478715486656,-3,-3,-3,-0.20447139924466576,-1.2773326136350036,0,0,1,1,1
2026-03-27,2026-03-26,Ghaziabad,G_SQUARE_HARMONICS,34,36,6,43,8,NEUTRAL,5,5,5,0.6420574333614016,0,1,1,0.0711808830832787,-5,-4,-4,-0.5708765502781229,-3.3029219321820333,0,0,0,0,1
2026-03-27,2026-03-26,Ghaziabad,G_SQUARE_HARMONICS,34,37,7,43,8,NEUTRAL,5,5,5,0.6420574333614016,1,2,2,0.1221639449751139,-4,-3,-3,-0.5198934883862878,-2.9500605839938148,0,0,1,1,1
2026-03-27,2026-03-26,Ghaziabad,G_SQUARE_HARMONICS,34,43,8,43,8,RESCUE,5,5,5,0.6420574333614016,3,4,4,0.28269248844171374,-2,-1,-1,-0.3593649449196879,-2.053719955529041,0,0,1,1,1
2026-03-27,2026-03-26,Gali,DELTA_MATRIX,18,14,6,83,85,NEUTRAL,1,1,1,0.08550245345320426,0,2,2,0.09433960589995558,-1,1,1,0.008837152446751317,0.04678312039071364,1,1,1,1,1
2026-03-27,2026-03-26,Gali,DELTA_MATRIX,18,00,7,83,85,NEUTRAL,1,1,1,0.08550245345320426,1,5,5,0.23921840279315543,0,4,4,0.15371594933995117,1.2087485899705608,1,1,1,1,1
2026-03-27,2026-03-26,Gali,DELTA_MATRIX,18,01,8,83,85,NEUTRAL,1,1,1,0.08550245345320426,0,4,4,0.1203341513254558,-1,3,3,0.034831697872251544,0.23320350995723016,1,1,1,1,1
2026-03-28,2026-03-27,Deshawar,HARUF_PYRAMID,87,89,6,40,93,NEUTRAL,1,1,1,0.06590633091447644,1,2,2,0.08987733743205363,0,1,1,0.023971006517577192,0.25582220734191563,1,1,1,1,1
2026-03-28,2026-03-27,Deshawar,HARUF_PYRAMID,87,98,7,40,93,NEUTRAL,1,1,1,0.06590633091447644,1,2,2,0.06971192285077278,0,1,1,0.003805591936296343,0.08458103709145748,1,1,1,1,1
2026-03-28,2026-03-27,Deshawar,HARUF_PYRAMID,87,38,8,40,93,NEUTRAL,1,1,1,0.06590633091447644,0,2,2,0.0897157732365385,-1,1,1,0.023809442322062058,0.14342996824520593,1,1,1,1,1
2026-03-28,2026-03-27,Faridabad,DELTA_MATRIX,69,67,6,35,40,NEUTRAL,1,1,1,0.05920197377979524,0,1,1,0.05760720295223711,-1,0,0,-0.0015947708275581285,-0.003943265843675492,1,1,0,0,1
2026-03-28,2026-03-27,Faridabad,DELTA_MATRIX,69,00,7,35,40,NEUTRAL,1,1,1,0.05920197377979524,3,6,5,0.4019947518527319,2,5,4,0.3427927780729367,2.547957881834838,1,1,1,1,1
2026-03-28,2026-03-27,Faridabad,DELTA_MATRIX,69,01,8,35,40,NEUTRAL,1,1,1,0.05920197377979524,1,3,3,0.15684853858216916,0,2,2,0.09764656480237391,0.737779720636208,1,1,1,1,1
2026-03-28,2026-03-27,Ghaziabad,G_SQUARE_HARMONICS,34,36,6,05,31,NEUTRAL,7,7,7,0.4714282776749879,0,1,1,0.07194197730771457,-7,-6,-6,-0.39948630036727334,-2.163379861883297,0,0,0,0,1
2026-03-28,2026-03-27,Ghaziabad,G_SQUARE_HARMONICS,34,37,7,05,31,NEUTRAL,7,7,7,0.4714282776749879,0,1,1,0.08740433040839723,-7,-6,-6,-0.38402394726659067,-2.062535094272344,0,0,0,0,1
2026-03-28,2026-03-27,Ghaziabad,G_SQUARE_HARMONICS,34,43,8,05,31,NEUTRAL,7,7,7,0.4714282776749879,5,7,7,0.6164505735544207,-2,0,0,0.14502229587943277,0.8033554182778557,0,0,1,1,1
2026-03-28,2026-03-27,Gali,DELTA_MATRIX,00,01,6,26,30,NEUTRAL,1,3,3,0.1216973058052849,1,3,3,0.26853841426772995,0,0,0,0.14684110846244505,0.9501731483462149,0,0,1,1,1
2026-03-28,2026-03-27,Gali,DELTA_MATRIX,00,02,7,26,30,NEUTRAL,1,3,3,0.1216973058052849,1,4,4,0.11820022099966716,0,1,1,-0.0034970848056177367,-0.0023264711227201085,0,0,1,1,1
2026-03-28,2026-03-27,Gali,DELTA_MATRIX,00,03,8,26,30,NEUTRAL,1,3,3,0.1216973058052849,1,4,4,0.2687445747518489,0,1,1,0.14704726894656397,0.9925350345351912,0,0,1,1,1
2026-03-29,2026-03-28,Deshawar,HARUF_PYRAMID,13,17,6,93,87,NEUTRAL,4,5,5,0.24073440213302796,0,2,2,0.10326054430279974,-4,-3,-3,-0.13747385783022822,-0.892312621722788,0,0,1,1,1
2026-03-29,2026-03-28,Deshawar,HARUF_PYRAMID,13,31,7,93,87,NEUTRAL,4,5,5,0.24073440213302796,2,5,5,0.18639264936590402,-2,0,0,-0.05434175276712394,-0.3411821753067521,0,0,1,1,1
2026-03-29,2026-03-28,Deshawar,HARUF_PYRAMID,13,71,8,93,87,NEUTRAL,4,5,5,0.24073440213302796,0,1,1,0.04869945401772166,-4,-4,-4,-0.1920349481153063,-1.2789819435974914,0,0,0,0,1
2026-03-29,2026-03-28,Faridabad,DELTA_MATRIX,01,02,6,00,2,NEUTRAL,1,2,2,0.1120949714294257,0,2,2,0.11203359947961361,-1,0,0,-6.13719498120946e-05,0.02000129505881043,0,0,1,1,1
2026-03-29,2026-03-28,Faridabad,DELTA_MATRIX,01,03,7,00,2,NEUTRAL,1,2,2,0.1120949714294257,0,2,2,0.09609281473280558,-1,0,0,-0.016002156696620126,-0.09011122050797571,0,0,1,1,1
2026-03-29,2026-03-28,Faridabad,DELTA_MATRIX,01,04,8,00,2,NEUTRAL,1,2,2,0.1120949714294257,2,3,3,0.2974371710833358,1,1,1,0.18534219965391008,1.266287623156284,0,0,1,1,1
2026-03-29,2026-03-28,Ghaziabad,G_SQUARE_HARMONICS,54,59,6,14,27,NEUTRAL,1,1,1,0.07883462180221414,0,1,1,0.07131584605717255,-1,0,0,-0.007518775745041589,-0.031968282852794905,1,1,0,0,1
2026-03-29,2026-03-28,Ghaziabad,G_SQUARE_HARMONICS,54,95,7,14,27,NEUTRAL,1,1,1,0.07883462180221414,0,1,1,0.06110079907998753,-1,0,0,-0.017733822722226608,-0.08422081308099644,1,1,0,0,1
2026-03-29,2026-03-28,Ghaziabad,G_SQUARE_HARMONICS,54,00,8,14,27,NEUTRAL,1,1,1,0.07883462180221414,2,5,4,0.19424667441136048,1,4,3,0.11541205260914635,0.7167988300079746,1,1,1,1,1
2026-03-29,2026-03-28,Gali,DELTA_MATRIX,09,05,6,21,26,NEUTRAL,1,1,1,0.0865226394235974,0,1,1,0.07961577775959466,-1,0,0,-0.006906861664002742,-0.0461280115079451,1,1,0,0,1
2026-03-29,2026-03-28,Gali,DELTA_MATRIX,09,00,7,21,26,NEUTRAL,1,1,1,0.0865226394235974,0,3,3,0.1059381499481799,-1,2,2,0.0194155105245825,0.12610621146871626,1,1,1,1,1
2026-03-29,2026-03-28,Gali,DELTA_MATRIX,09,01,8,21,26,NEUTRAL,1,1,1,0.0865226394235974,0,2,2,0.11076785943616776,-1,1,1,0.02424522001257036,0.1678991442214205,1,1,1,1,1
2026-03-30,2026-03-29,Deshawar,ECHO_7,65,56,6,23,32,NEUTRAL,1,1,1,0.06740106560506134,0,1,1,0.05748402676918724,-1,0,0,-0.009917038835874102,-0.05420443793430518,1,1,0,0,1
2026-03-30,2026-03-29,Deshawar,ECHO_7,65,71,7,23,32,NEUTRAL,1,1,1,0.06740106560506134,0,1,1,0.06568138713263597,-1,0,0,-0.0017196784724253789,0.003574984382300528,1,1,0,0,1
2026-03-30,2026-03-29,Deshawar,ECHO_7,65,34,8,23,32,NEUTRAL,1,1,1,0.06740106560506134,0,1,1,0.06917389631288211,-1,0,0,0.0017728307078207634,0.05430545373658813,1,1,0,0,1
2026-03-30,2026-03-29,Faridabad,DELTA_MATRIX,02,03,6,84,85,NEUTRAL,2,4,3,0.19390345491864444,1,4,3,0.1498311959699883,-1,0,0,-0.04407225894865613,-0.29936285072783486,0,0,1,1,1
2026-03-30,2026-03-29,Faridabad,DELTA_MATRIX,02,04,7,84,85,NEUTRAL,2,4,3,0.19390345491864444,1,5,4,0.16123327509605026,-1,1,1,-0.03267017982259418,-0.20787428624462434,0,0,1,1,1
2026-03-30,2026-03-29,Faridabad,DELTA_MATRIX,02,05,8,84,85,NEUTRAL,2,4,3,0.19390345491864444,1,4,3,0.15693555599153855,-1,0,0,-0.03696789892710589,-0.22299918896237925,0,0,1,1,1
2026-03-30,2026-03-29,Ghaziabad,G_SQUARE_HARMONICS,51,53,6,20,51,NEUTRAL,1,1,1,0.08740197674707582,0,1,1,0.08595482742312564,-1,0,0,-0.001447149323950181,0.002489837120725813,1,1,0,0,1
2026-03-30,2026-03-29,Ghaziabad,G_SQUARE_HARMONICS,51,54,7,20,51,NEUTRAL,1,1,1,0.08740197674707582,2,3,3,0.18051841795586016,1,2,2,0.09311644120878433,0.5716429598123958,1,1,1,1,1
2026-03-30,2026-03-29,Ghaziabad,G_SQUARE_HARMONICS,51,57,8,20,51,NEUTRAL,1,1,1,0.08740197674707582,0,2,2,0.10495279421944884,-1,1,1,0.017550817472373012,0.13446104255959906,1,1,1,1,1
2026-03-30,2026-03-29,Gali,DELTA_MATRIX,00,01,6,39,42,NEUTRAL,1,3,3,0.11426904609787003,0,3,3,0.11617848270740519,-1,0,0,0.001909436609535159,0.022009982902305936,0,0,1,1,1
2026-03-30,2026-03-29,Gali,DELTA_MATRIX,00,02,7,39,42,NEUTRAL,1,3,3,0.11426904609787003,0,3,3,0.09374347203798346,-1,0,0,-0.020525574059886573,-0.13294315148240632,0,0,1,1,1
2026-03-30,2026-03-29,Gali,DELTA_MATRIX,00,03,8,39,42,NEUTRAL,1,3,3,0.11426904609787003,1,3,3,0.25009015449704614,0,0,0,0.1358211083991761,0.8795144191340202,0,0,1,1,1
2026-04-01,2026-03-30,Faridabad,DELTA_MATRIX,24,00,6,35,39,NEUTRAL,3,3,3,0.18794792069640845,4,8,8,0.7577339971616258,1,5,5,0.5697860764652174,3.5947233537802266,0,0,1,1,1
2026-04-01,2026-03-30,Faridabad,DELTA_MATRIX,24,01,7,35,39,NEUTRAL,3,3,3,0.18794792069640845,0,2,2,0.10947525222582591,-3,-1,-1,-0.07847266847058254,-0.49904932165162685,0,0,1,1,1
2026-04-01,2026-03-30,Faridabad,DELTA_MATRIX,24,02,8,35,39,NEUTRAL,3,3,3,0.18794792069640845,0,2,2,0.11934306125919317,-3,-1,-1,-0.06860485943721528,-0.425704751675929,0,0,1,1,1
2026-04-01,2026-03-30,Ghaziabad,G_SQUARE_HARMONICS,27,29,6,12,33,NEUTRAL,1,3,2,0.141846881354646,0,2,2,0.1028207347864181,-1,-1,0,-0.03902614656822789,-0.21405344824393735,0,0,1,1,1
2026-04-01,2026-03-30,Ghaziabad,G_SQUARE_HARMONICS,27,62,7,12,33,NEUTRAL,1,3,2,0.141846881354646,1,2,2,0.1017837944565026,0,-1,0,-0.04006308689814339,-0.18243377438892494,0,0,1,1,1
2026-04-01,2026-03-30,Ghaziabad,G_SQUARE_HARMONICS,27,72,8,12,33,NEUTRAL,1,3,2,0.141846881354646,0,2,2,0.10328706284829305,-1,-1,0,-0.03855981850635294,-0.1928633586802776,0,0,1,1,1
2026-04-01,2026-03-30,Gali,HARUF_PYRAMID,43,38,6,97,95,NEUTRAL,1,1,1,0.07620502395090464,1,3,3,0.12718906250512915,0,2,2,0.05098403855422451,0.3238046835883584,1,1,1,1,1
2026-04-01,2026-03-30,Gali,HARUF_PYRAMID,43,83,7,97,95,NEUTRAL,1,1,1,0.07620502395090464,2,4,4,0.16566708675333935,1,3,3,0.08946206280243471,0.6501679150247475,1,1,1,1,1
2026-04-01,2026-03-30,Gali,HARUF_PYRAMID,43,11,8,97,95,NEUTRAL,1,1,1,0.07620502395090464,0,1,1,0.09154024479916502,-1,0,0,0.015335220848260375,0.09623910667796004,1,1,0,0,1
2026-04-02,2026-04-01,Deshawar,ECHO_7,94,33,6,81,83,NEUTRAL,1,1,1,0.06633336372832466,1,3,3,0.12860946580727495,0,2,2,0.06227610207895029,0.5153825502111401,1,1,1,1,1
2026-04-02,2026-04-01,Deshawar,ECHO_7,94,52,7,81,83,NEUTRAL,1,1,1,0.06633336372832466,0,1,1,0.06519355568934664,-1,0,0,-0.0011398080389780213,0.02287880093624195,1,1,0,0,1
2026-04-02,2026-04-01,Deshawar,ECHO_7,94,50,8,81,83,NEUTRAL,1,1,1,0.06633336372832466,0,1,1,0.06803515754725734,-1,0,0,0.0017017938189326787,0.028612582987678936,1,1,0,0,1
2026-04-02,2026-04-01,Faridabad,DELTA_MATRIX,02,04,6,33,37,NEUTRAL,1,3,2,0.16103432462695616,1,3,3,0.14534793193661708,0,0,1,-0.015686392690339085,-0.08715176405038261,0,0,1,1,1
2026-04-02,2026-04-01,Faridabad,DELTA_MATRIX,02,00,7,33,37,NEUTRAL,1,3,2,0.16103432462695616,4,10,9,0.5737623352522838,3,7,7,0.41272801062532766,2.8421592296592295,0,0,1,1,1
2026-04-02,2026-04-01,Faridabad,DELTA_MATRIX,02,01,8,33,37,NEUTRAL,1,3,2,0.16103432462695616,0,3,3,0.11427936924605735,-1,0,1,-0.04675495538089881,-0.29992021867021856,0,0,1,1,1
2026-04-02,2026-04-01,Ghaziabad,G_SQUARE_HARMONICS,57,71,6,78,10,NEUTRAL,1,3,3,0.12695454593281127,0,1,1,0.09184849855098763,-1,-2,-2,-0.035106047381823643,-0.18340881949262633,0,0,0,0,1
2026-04-02,2026-04-01,Ghaziabad,G_SQUARE_HARMONICS,57,72,7,78,10,NEUTRAL,1,3,3,0.12695454593281127,0,1,1,0.07023215359597376,-1,-2,-2,-0.05672239233683751,-0.2996467928236437,0,0,0,0,1
2026-04-02,2026-04-01,Ghaziabad,G_SQUARE_HARMONICS,57,73,8,78,10,NEUTRAL,1,3,3,0.12695454593281127,0,1,1,0.06944464323283536,-1,-2,-2,-0.05750990269997591,-0.29580543392162956,0,0,0,0,1
2026-04-02,2026-04-01,Gali,HARUF_PYRAMID,34,43,6,63,36,NEUTRAL,2,3,3,0.15344507703935592,0,2,2,0.09015853034732643,-2,-1,-1,-0.06328654669202949,-0.47502641249397004,0,0,1,1,1
2026-04-02,2026-04-01,Gali,HARUF_PYRAMID,34,38,7,63,36,NEUTRAL,2,3,3,0.15344507703935592,0,2,2,0.08271042224353134,-2,-1,-1,-0.07073465479582458,-0.5510055208200806,0,0,1,1,1
2026-04-02,2026-04-01,Gali,HARUF_PYRAMID,34,49,8,63,36,NEUTRAL,2,3,3,0.15344507703935592,0,1,1,0.07306936744305237,-2,-2,-2,-0.08037570959630355,-0.6130848080315752,0,0,0,0,1
2026-04-03,2026-04-02,Deshawar,ECHO_7,09,90,6,41,45,NEUTRAL,1,1,1,0.12108966221105073,0,1,1,0.06903217999540864,-1,0,0,-0.05205748221564209,-0.3416998380269194,1,1,0,0,1
2026-04-03,2026-04-02,Deshawar,ECHO_7,09,86,7,41,45,NEUTRAL,1,1,1,0.12108966221105073,1,3,3,0.10486874006805666,0,2,2,-0.016220922142994074,-0.06801772806192763,1,1,1,1,1
2026-04-03,2026-04-02,Deshawar,ECHO_7,09,17,8,41,45,NEUTRAL,1,1,1,0.12108966221105073,0,1,1,0.07502316627926421,-1,0,0,-0.04606649593178652,-0.2701371917072611,1,1,0,0,1
2026-04-03,2026-04-02,Faridabad,DELTA_MATRIX,00,01,6,99,100,NEUTRAL,5,9,8,0.5645102997370428,1,4,3,0.18758886333903918,-4,-5,-5,-0.37692143639800363,-2.3553309130080997,0,0,1,1,1
2026-04-03,2026-04-02,Faridabad,DELTA_MATRIX,00,02,7,99,100,NEUTRAL,5,9,8,0.5645102997370428,1,3,2,0.16493508710003035,-4,-6,-6,-0.39957521263701246,-2.5263142907427625,0,0,1,1,1
2026-04-03,2026-04-02,Faridabad,DELTA_MATRIX,00,03,8,99,100,NEUTRAL,5,9,8,0.5645102997370428,0,3,3,0.1294984341868062,-5,-6,-5,-0.43501186555023663,-2.805445595183447,0,0,1,1,1
2026-04-03,2026-04-02,Ghaziabad,G_SQUARE_HARMONICS,18,19,6,00,37,NEUTRAL,2,2,2,0.15373961560555977,0,2,1,0.10718949995518293,-2,0,-1,-0.04655011565037684,-0.27017012074072866,0,0,1,0,1
2026-04-03,2026-04-02,Ghaziabad,G_SQUARE_HARMONICS,18,21,7,00,37,NEUTRAL,2,2,2,0.15373961560555977,1,6,4,0.23135115593843947,-1,4,2,0.0776115403328797,0.36213022306330056,0,0,1,1,1
2026-04-03,2026-04-02,Ghaziabad,G_SQUARE_HARMONICS,18,51,8,00,37,NEUTRAL,2,2,2,0.15373961560555977,0,1,1,0.06449551039232204,-2,-1,-1,-0.08924410521323772,-0.4994225705596045,0,0,0,0,1
2026-04-03,2026-04-02,Gali,HARUF_PYRAMID,23,32,6,62,51,NEUTRAL,2,2,2,0.12494672075011441,0,1,1,0.0633026816313362,-2,-1,-1,-0.06164403911877821,-0.38976421509492387,0,0,0,0,1
2026-04-03,2026-04-02,Gali,HARUF_PYRAMID,23,25,7,62,51,NEUTRAL,2,2,2,0.12494672075011441,1,2,2,0.09934045469830603,-1,0,0,-0.02560626605180838,-0.15814294486438207,0,0,1,1,1
2026-04-03,2026-04-02,Gali,HARUF_PYRAMID,23,52,8,62,51,NEUTRAL,2,2,2,0.12494672075011441,0,1,1,0.05054460289778956,-2,-1,-1,-0.07440211785232485,-0.4662785229854051,0,0,0,0,1
2026-04-04,2026-04-03,Deshawar,ECHO_7,25,52,6,97,98,NEUTRAL,1,1,1,0.07866996224461409,0,1,1,0.060088544697831606,-1,0,0,-0.018581417546782483,-0.11610497264683167,1,1,0,0,1
2026-04-04,2026-04-03,Deshawar,ECHO_7,25,07,7,97,98,NEUTRAL,1,1,1,0.07866996224461409,0,2,2,0.10601609089694657,-1,1,1,0.027346128652332477,0.19720350477784404,1,1,1,1,1
2026-04-04,2026-04-03,Deshawar,ECHO_7,25,49,8,97,98,NEUTRAL,1,1,1,0.07866996224461409,0,2,2,0.06886234641134796,-1,1,1,-0.009807615833266128,-0.062398219791672205,1,1,1,1,1
2026-04-04,2026-04-03,Faridabad,DELTA_MATRIX,01,02,6,59,60,NEUTRAL,1,2,2,0.13416713595338195,0,3,3,0.1426927644034392,-1,1,1,0.008525628450057249,0.048810359077575804,0,0,1,1,1
2026-04-04,2026-04-03,Faridabad,DELTA_MATRIX,01,03,7,59,60,NEUTRAL,1,2,2,0.13416713595338195,0,2,2,0.11442388374013959,-1,0,0,-0.019743252213242357,-0.1251040835891717,0,0,1,1,1
2026-04-04,2026-04-03,Faridabad,DELTA_MATRIX,01,04,8,59,60,NEUTRAL,1,2,2,0.13416713595338195,2,5,5,0.17097693520388968,1,3,3,0.03680979925050773,0.23004338100827215,0,0,1,1,1
2026-04-04,2026-04-03,Ghaziabad,G_SQUARE_HARMONICS,01,02,6,77,80,NEUTRAL,3,6,5,0.2503906106721266,3,9,8,0.3413326282791671,0,3,3,0.09094201760704052,0.4885424527508999,0,0,1,1,1
2026-04-04,2026-04-03,Ghaziabad,G_SQUARE_HARMONICS,01,03,7,77,80,NEUTRAL,3,6,5,0.2503906106721266,1,4,3,0.17816064020074573,-2,-2,-2,-0.07222997047138086,-0.38750386319493946,0,0,1,1,1
2026-04-04,2026-04-03,Ghaziabad,G_SQUARE_HARMONICS,01,04,8,77,80,NEUTRAL,3,6,5,0.2503906106721266,1,5,4,0.17527839076868557,-2,-1,-1,-0.07511221990344102,-0.3792717938091943,0,0,1,1,1
2026-04-04,2026-04-03,Gali,HARUF_PYRAMID,54,00,6,75,11,NEUTRAL,1,1,1,0.06545249798331926,0,4,4,0.13975828562010545,-1,3,3,0.07430578763678619,0.4896489951432812,1,1,1,1,1
2026-04-04,2026-04-03,Gali,HARUF_PYRAMID,54,04,7,75,11,NEUTRAL,1,1,1,0.06545249798331926,1,2,2,0.11890323956067847,0,1,1,0.05345074157735921,0.3812530633894151,1,1,1,1,1
2026-04-04,2026-04-03,Gali,HARUF_PYRAMID,54,40,8,75,11,NEUTRAL,1,1,1,0.06545249798331926,1,3,3,0.1302560884035576,0,2,2,0.06480359042023834,0.5169301636072928,1,1,1,1,1
2026-04-05,2026-04-04,Deshawar,ECHO_7,03,30,6,71,75,NEUTRAL,1,3,3,0.107679057924386,0,1,1,0.06710760865545874,-1,-2,-2,-0.040571449268927265,-0.2683391643147249,0,0,0,0,1
2026-04-05,2026-04-04,Deshawar,ECHO_7,03,73,7,71,75,NEUTRAL,1,3,3,0.107679057924386,0,1,1,0.04965588930064881,-1,-2,-2,-0.058023168623737194,-0.3836752595542252,0,0,0,0,1
2026-04-05,2026-04-04,Deshawar,ECHO_7,03,87,8,71,75,NEUTRAL,1,3,3,0.107679057924386,0,1,1,0.055071977460525244,-1,-2,-2,-0.05260708046386076,-0.3390557675221894,0,0,0,0,1
2026-04-05,2026-04-04,Faridabad,DELTA_MATRIX,01,02,6,29,32,NEUTRAL,1,2,2,0.12081237200277921,0,2,2,0.13713425349908565,-1,0,0,0.016321881496306437,0.10459828637683,0,0,1,1,1
2026-04-05,2026-04-04,Faridabad,DELTA_MATRIX,01,03,7,29,32,NEUTRAL,1,2,2,0.12081237200277921,0,2,2,0.0960962174783741,-1,0,0,-0.024716154524405107,-0.14471107360002822,0,0,1,1,1
2026-04-05,2026-04-04,Faridabad,DELTA_MATRIX,01,04,8,29,32,NEUTRAL,1,2,2,0.12081237200277921,2,3,2,0.23924613305065284,1,1,0,0.11843376104787363,0.8772049127130455,0,0,1,1,1
2026-04-05,2026-04-04,Ghaziabad,G_SQUARE_HARMONICS,77,78,6,17,34,NEUTRAL,7,8,6,0.8445559461657295,3,5,5,0.3001890435075915,-4,-3,-1,-0.5443669026581379,-2.9176684469653655,0,0,1,1,1
2026-04-05,2026-04-04,Ghaziabad,G_SQUARE_HARMONICS,77,82,7,17,34,NEUTRAL,7,8,6,0.8445559461657295,0,2,2,0.08136036950992663,-7,-6,-4,-0.7631955766558028,-4.080413511338866,0,0,1,1,1
2026-04-05,2026-04-04,Ghaziabad,G_SQUARE_HARMONICS,77,87,8,17,34,NEUTRAL,7,8,6,0.8445559461657295,2,4,4,0.34101739911216883,-5,-4,-2,-0.5035385470535607,-2.7414348023706747,0,0,1,1,1
2026-04-05,2026-04-04,Gali,HARUF_PYRAMID,52,57,6,59,31,NEUTRAL,2,3,2,0.11474687922912045,3,5,5,0.2730640758739724,1,2,3,0.15831719664485194,1.0276451989988984,0,0,1,1,1
2026-04-05,2026-04-04,Gali,HARUF_PYRAMID,52,75,7,59,31,NEUTRAL,2,3,2,0.11474687922912045,4,5,5,0.6198456214920819,2,2,3,0.5050987422629615,3.567879376343571,0,0,1,1,1
2026-04-05,2026-04-04,Gali,HARUF_PYRAMID,52,05,8,59,31,NEUTRAL,2,3,2,0.11474687922912045,0,1,1,0.09689673176350512,-2,-2,-1,-0.017850147465615335,-0.13113350895046427,0,0,0,0,1
2026-04-06,2026-04-05,Deshawar,ECHO_7,61,95,6,47,52,NEUTRAL,1,1,1,0.07498348522064378,0,1,1,0.06866015204093348,-1,0,0,-0.006323333179710303,-0.053437911861132115,1,1,0,0,1
2026-04-06,2026-04-05,Deshawar,ECHO_7,61,83,7,47,52,NEUTRAL,1,1,1,0.07498348522064378,0,1,1,0.05281660789493802,-1,0,0,-0.022166877325705762,-0.14953924328507545,1,1,0,0,1
2026-04-06,2026-04-05,Deshawar,ECHO_7,61,00,8,47,52,NEUTRAL,1,1,1,0.07498348522064378,1,4,4,0.25309859809637797,0,3,3,0.17811511287573417,1.2221538106688845,1,1,1,1,1
2026-04-06,2026-04-05,Faridabad,HARUF_PYRAMID,78,81,6,39,71,NEUTRAL,1,1,1,0.06651041532008078,0,1,1,0.05760444336755244,-1,0,0,-0.008905971952528347,-0.04942762624180014,1,1,0,0,1
2026-04-06,2026-04-05,Faridabad,HARUF_PYRAMID,78,85,7,39,71,NEUTRAL,1,1,1,0.06651041532008078,0,1,1,0.04998777315857605,-1,0,0,-0.016522642161504737,-0.09116426160347452,1,1,0,0,1
2026-04-06,2026-04-05,Faridabad,HARUF_PYRAMID,78,86,8,39,71,NEUTRAL,1,1,1,0.06651041532008078,0,1,1,0.06641270131849106,-1,0,0,-9.77140015897271e-05,0.032614930142053966,1,1,0,0,1
2026-04-06,2026-04-05,Ghaziabad,G_SQUARE_HARMONICS,02,08,6,59,70,NEUTRAL,1,4,4,0.176109737179976,0,1,1,0.14263573588789719,-1,-3,-3,-0.03347400129207881,-0.1860451730381153,0,0,0,0,1
2026-04-06,2026-04-05,Ghaziabad,G_SQUARE_HARMONICS,02,12,7,59,70,NEUTRAL,1,4,4,0.176109737179976,1,2,2,0.1688708877839079,0,-2,-2,-0.007238849396068087,-0.03342720969259794,0,0,1,1,1
2026-04-06,2026-04-05,Ghaziabad,G_SQUARE_HARMONICS,02,18,8,59,70,NEUTRAL,1,4,4,0.176109737179976,1,2,2,0.16634305946403435,0,-2,-2,-0.00976667771594164,-0.033483286579261695,0,0,1,1,1
2026-04-06,2026-04-05,Gali,HARUF_PYRAMID,36,63,6,46,7,NEUTRAL,1,3,3,0.11138241004449996,0,4,4,0.10382900028151834,-1,1,1,-0.007553409762981619,-0.013779424939337592,0,0,1,1,1
2026-04-06,2026-04-05,Gali,HARUF_PYRAMID,36,46,7,46,7,RESCUE,1,3,3,0.11138241004449996,3,4,4,0.15170897865679034,2,1,1,0.04032656861229038,0.3898625398177513,0,0,1,1,1
2026-04-06,2026-04-05,Gali,HARUF_PYRAMID,36,47,8,46,7,NEUTRAL,1,3,3,0.11138241004449996,1,2,2,0.0978553229930027,0,-1,-1,-0.013527087051497258,-0.08138579362979304,0,0,1,1,1
2026-04-07,2026-04-06,Deshawar,ECHO_7,06,29,6,44,48,NEUTRAL,1,1,1,0.0955269771095383,1,2,2,0.13078449885048893,0,1,1,0.035257521740950634,0.23832950125323626,1,1,1,1,1
2026-04-07,2026-04-06,Deshawar,ECHO_7,06,60,7,44,48,NEUTRAL,1,1,1,0.0955269771095383,0,1,1,0.05223203288787256,-1,0,0,-0.043294944221665736,-0.29069168232807485,1,1,0,0,1
2026-04-07,2026-04-06,Deshawar,ECHO_7,06,00,8,44,48,NEUTRAL,1,1,1,0.0955269771095383,0,3,3,0.09516730849534707,-1,2,2,-0.0003596686141912192,0.02701604678492242,1,1,1,1,1
2026-04-07,2026-04-06,Faridabad,HARUF_PYRAMID,53,05,6,07,42,NEUTRAL,2,2,2,0.14277007776004733,0,2,2,0.11550979928625663,-2,0,0,-0.0272602784737907,-0.21414339176096087,0,0,1,1,1
2026-04-07,2026-04-06,Faridabad,HARUF_PYRAMID,53,33,7,07,42,NEUTRAL,2,2,2,0.14277007776004733,2,5,5,0.20389858203730982,0,3,3,0.06112850427726249,0.387583113942803,0,0,1,1,1
2026-04-07,2026-04-06,Faridabad,HARUF_PYRAMID,53,50,8,07,42,NEUTRAL,2,2,2,0.14277007776004733,0,2,2,0.08285781324137813,-2,0,0,-0.0599122645186692,-0.3970319974016723,0,0,1,1,1
2026-04-07,2026-04-06,Ghaziabad,G_SQUARE_HARMONICS,42,45,6,26,43,NEUTRAL,1,2,2,0.11389727588786304,0,1,1,0.09942816758639171,-1,-1,-1,-0.014469108301471328,-0.059676938482530195,0,0,0,0,1
2026-04-07,2026-04-06,Ghaziabad,G_SQUARE_HARMONICS,42,49,7,26,43,NEUTRAL,1,2,2,0.11389727588786304,3,6,5,0.25499319673837395,2,4,3,0.14109592085051093,0.863036849397752,0,0,1,1,1
2026-04-07,2026-04-06,Ghaziabad,G_SQUARE_HARMONICS,42,54,8,26,43,NEUTRAL,1,2,2,0.11389727588786304,1,2,2,0.12967138582649082,0,0,0,0.01577410993862778,0.1202107700752566,0,0,1,1,1
2026-04-07,2026-04-06,Gali,HARUF_PYRAMID,62,65,6,01,73,NEUTRAL,3,5,5,0.17585467741366068,0,1,1,0.05407922463616077,-3,-4,-4,-0.1217754527774999,-0.8178907085795182,0,0,0,0,1
2026-04-07,2026-04-06,Gali,HARUF_PYRAMID,62,45,7,01,73,NEUTRAL,3,5,5,0.17585467741366068,0,2,2,0.0728900520246962,-3,-3,-3,-0.10296462538896448,-0.6786639220658934,0,0,1,1,1
2026-04-07,2026-04-06,Gali,HARUF_PYRAMID,62,46,8,01,73,NEUTRAL,3,5,5,0.17585467741366068,4,5,5,0.5281533672338679,1,0,0,0.3522986898202072,2.5020720382706862,0,0,1,1,1
2026-04-08,2026-04-07,Deshawar,ECHO_7,28,82,6,05,14,NEUTRAL,1,1,1,0.0942303031389085,0,1,1,0.054764597602293075,-1,0,0,-0.03946570553661542,-0.26484915771769013,1,1,0,0,1
2026-04-08,2026-04-07,Deshawar,ECHO_7,28,76,7,05,14,NEUTRAL,1,1,1,0.0942303031389085,0,1,1,0.04513285147563051,-1,0,0,-0.04909745166327799,-0.31865537235595964,1,1,0,0,1
2026-04-08,2026-04-07,Deshawar,ECHO_7,28,71,8,05,14,NEUTRAL,1,1,1,0.0942303031389085,1,4,4,0.1496189945648889,0,3,3,0.055388691425980394,0.35877696140584525,1,1,1,1,1
2026-04-08,2026-04-07,Faridabad,HARUF_PYRAMID,46,49,6,91,70,NEUTRAL,1,1,1,0.08414570968206295,0,2,2,0.08411099964620812,-1,1,1,-3.471003585482635e-05,0.01154967279736846,1,1,1,1,1
2026-04-08,2026-04-07,Faridabad,HARUF_PYRAMID,46,59,7,91,70,NEUTRAL,1,1,1,0.08414570968206295,2,4,4,0.18548353721731176,1,3,3,0.10133782753524881,0.6746752994096782,1,1,1,1,1
2026-04-08,2026-04-07,Faridabad,HARUF_PYRAMID,46,64,8,91,70,NEUTRAL,1,1,1,0.08414570968206295,0,2,2,0.0799845646835949,-1,1,1,-0.00416114499846805,-0.017770750176508088,1,1,1,1,1
2026-04-08,2026-04-07,Ghaziabad,G_SQUARE_HARMONICS,26,27,6,88,36,NEUTRAL,6,7,6,0.881888220730723,0,1,1,0.08702339508740581,-6,-6,-5,-0.7948648256433173,-4.259881144875732,0,0,0,0,1
2026-04-08,2026-04-07,Ghaziabad,G_SQUARE_HARMONICS,26,28,7,88,36,NEUTRAL,6,7,6,0.881888220730723,1,2,2,0.15939367910245342,-5,-5,-4,-0.7224945416282696,-3.848474681206922,0,0,1,1,1
2026-04-08,2026-04-07,Ghaziabad,G_SQUARE_HARMONICS,26,32,8,88,36,NEUTRAL,6,7,6,0.881888220730723,0,1,1,0.0843570615403776,-6,-6,-5,-0.7975311591903455,-4.263797360595197,0,0,0,0,1
2026-04-08,2026-04-07,Gali,HARUF_PYRAMID,49,94,6,42,64,NEUTRAL,1,1,1,0.07567548884227011,0,1,1,0.04901257346278473,-1,0,0,-0.026662915379485383,-0.1723300758178668,1,1,0,0,1
2026-04-08,2026-04-07,Gali,HARUF_PYRAMID,49,46,7,42,64,NEUTRAL,1,1,1,0.07567548884227011,3,4,4,0.19956158526745094,2,3,3,0.12388609642518082,0.9006347479662571,1,1,1,1,1
2026-04-08,2026-04-07,Gali,HARUF_PYRAMID,49,64,8,42,64,NEUTRAL,1,1,1,0.07567548884227011,1,3,3,0.10587216562493862,0,2,2,0.030196676782668505,0.22260105593090823,1,1,1,1,1
2026-04-09,2026-04-08,Deshawar,ECHO_7,74,33,6,67,70,NEUTRAL,2,2,2,0.10498848433899721,4,5,5,0.5588537221785239,2,3,3,0.4538652378395267,3.021907062643929,0,0,1,1,1
2026-04-09,2026-04-08,Deshawar,ECHO_7,74,52,7,67,70,NEUTRAL,2,2,2,0.10498848433899721,0,1,1,0.06314150571870332,-2,-1,-1,-0.04184697862029389,-0.26024573696575515,0,0,0,0,1
2026-04-09,2026-04-08,Deshawar,ECHO_7,74,00,8,67,70,NEUTRAL,2,2,2,0.10498848433899721,3,5,4,0.16292384535821747,1,3,2,0.057935361019220255,0.4858538031930373,0,0,1,1,1
2026-04-09,2026-04-08,Faridabad,HARUF_PYRAMID,08,80,6,47,81,NEUTRAL,4,8,6,0.28636909104204494,1,3,3,0.13668322143048872,-3,-5,-3,-0.14968586961155622,-1.0265980695875683,0,0,1,1,1
2026-04-09,2026-04-08,Faridabad,HARUF_PYRAMID,08,03,7,47,81,NEUTRAL,4,8,6,0.28636909104204494,1,4,4,0.16085865135753288,-3,-4,-2,-0.12551043968451206,-0.9710456956252462,0,0,1,1,1
2026-04-09,2026-04-08,Faridabad,HARUF_PYRAMID,08,28,8,47,81,NEUTRAL,4,8,6,0.28636909104204494,0,1,1,0.11603073263794365,-4,-7,-5,-0.17033835840410128,-1.1831209755551861,0,0,0,0,1
2026-04-09,2026-04-08,Ghaziabad,G_SQUARE_HARMONICS,22,28,6,97,98,NEUTRAL,2,4,4,0.23472558436711377,0,1,1,0.09748917584388729,-2,-3,-3,-0.1372364085232265,-0.7405072274450492,0,0,0,0,1
2026-04-09,2026-04-08,Ghaziabad,G_SQUARE_HARMONICS,22,81,7,97,98,NEUTRAL,2,4,4,0.23472558436711377,0,1,1,0.06372368407686173,-2,-3,-3,-0.17100190029025203,-0.922412116946725,0,0,0,0,1
2026-04-09,2026-04-08,Ghaziabad,G_SQUARE_HARMONICS,22,82,8,97,98,NEUTRAL,2,4,4,0.23472558436711377,0,1,1,0.07872811026213633,-2,-3,-3,-0.15599747410497744,-0.8427139708405613,0,0,0,0,1
2026-04-09,2026-04-08,Gali,HARUF_PYRAMID,08,18,6,47,87,NEUTRAL,1,1,1,0.10349172613798899,0,1,1,0.0765498175389509,-1,0,0,-0.026941908599038084,-0.1718189339141643,1,1,0,0,1
2026-04-09,2026-04-08,Gali,HARUF_PYRAMID,08,78,7,47,87,NEUTRAL,1,1,1,0.10349172613798899,0,1,1,0.06068596060480246,-1,0,0,-0.042805765533186525,-0.2692878975505916,1,1,0,0,1
2026-04-09,2026-04-08,Gali,HARUF_PYRAMID,08,80,8,47,87,NEUTRAL,1,1,1,0.10349172613798899,1,2,2,0.09100052366853457,0,1,1,-0.012491202469454413,-0.06939490518316638,1,1,1,1,1
2026-04-10,2026-04-09,Deshawar,ECHO_7,82,28,6,85,87,NEUTRAL,1,1,1,0.062036359908458294,0,1,1,0.07783312709460441,-1,0,0,0.015796767186146116,0.11880240313634477,1,1,0,0,1
2026-04-10,2026-04-09,Deshawar,ECHO_7,82,58,7,85,87,NEUTRAL,1,1,1,0.062036359908458294,1,2,2,0.10193556571038528,0,1,1,0.03989920580192699,0.2860651210841119,1,1,1,1,1
2026-04-10,2026-04-09,Deshawar,ECHO_7,82,86,8,85,87,NEUTRAL,1,1,1,0.062036359908458294,0,1,1,0.04584839250918635,-1,0,0,-0.016187967399271946,-0.09057211648860375,1,1,0,0,1
2026-04-10,2026-04-09,Faridabad,HARUF_PYRAMID,35,39,6,05,10,NEUTRAL,3,4,4,0.413377667652695,3,5,5,0.2509684629020708,0,1,1,-0.1624092047506242,-1.0280459998097478,0,0,1,1,1
2026-04-10,2026-04-09,Faridabad,HARUF_PYRAMID,35,53,7,05,10,NEUTRAL,3,4,4,0.413377667652695,2,3,3,0.16849226448132867,-1,-1,-1,-0.24488540317136634,-1.5472725825118647,0,0,1,1,1
2026-04-10,2026-04-09,Faridabad,HARUF_PYRAMID,35,93,8,05,10,NEUTRAL,3,4,4,0.413377667652695,2,4,4,0.27053319699852946,-1,0,0,-0.14284447065416556,-0.9515656047562917,0,0,1,1,1
2026-04-10,2026-04-09,Ghaziabad,G_SQUARE_HARMONICS,07,09,6,77,30,NEUTRAL,1,2,2,0.1538715525346475,0,1,1,0.10699872067908472,-1,-1,-1,-0.04687283185556276,-0.24848644818543086,0,0,0,0,1
2026-04-10,2026-04-09,Ghaziabad,G_SQUARE_HARMONICS,07,20,7,77,30,NEUTRAL,1,2,2,0.1538715525346475,0,1,1,0.09654436701082655,-1,-1,-1,-0.057327185523820934,-0.3064604480423323,0,0,0,0,1
2026-04-10,2026-04-09,Ghaziabad,G_SQUARE_HARMONICS,07,40,8,77,30,NEUTRAL,1,2,2,0.1538715525346475,1,3,3,0.18692090644889342,0,1,1,0.03304935391424593,0.26134972377160837,0,0,1,1,1
2026-04-10,2026-04-09,Gali,HARUF_PYRAMID,15,51,6,11,2,NEUTRAL,2,2,2,0.17451711270685175,1,2,2,0.10190254638151314,-1,0,0,-0.07261456632533861,-0.4507597328393158,0,0,1,1,1
2026-04-10,2026-04-09,Gali,HARUF_PYRAMID,15,56,7,11,2,NEUTRAL,2,2,2,0.17451711270685175,0,2,2,0.07547423892942638,-2,0,0,-0.09904287377742536,-0.6097575138348135,0,0,1,1,1
2026-04-10,2026-04-09,Gali,HARUF_PYRAMID,15,65,8,11,2,NEUTRAL,2,2,2,0.17451711270685175,0,1,1,0.05674127247565758,-2,-1,-1,-0.11777584023119417,-0.7347547790827074,0,0,0,0,1
2026-04-11,2026-04-10,Deshawar,ECHO_7,50,05,6,85,88,NEUTRAL,4,5,5,0.2413378839440874,3,6,6,0.2326162359078084,-1,1,1,-0.008721648036279006,-0.05013556290730192,0,0,1,1,1
2026-04-11,2026-04-10,Deshawar,ECHO_7,50,02,7,85,88,NEUTRAL,4,5,5,0.2413378839440874,0,3,3,0.09252464574475616,-4,-2,-2,-0.14881323819933123,-0.9650355098235389,0,0,1,1,1
2026-04-11,2026-04-10,Deshawar,ECHO_7,50,07,8,85,88,NEUTRAL,4,5,5,0.2413378839440874,1,2,2,0.12775642489984734,-3,-3,-3,-0.11358145904424005,-0.617705453590275,0,0,1,1,1
2026-04-11,2026-04-10,Faridabad,HARUF_PYRAMID,93,19,6,04,73,NEUTRAL,1,2,2,0.0943141285880768,0,3,3,0.13576040859840183,-1,1,1,0.04144628001032502,0.26090527511975714,0,0,1,1,1
2026-04-11,2026-04-10,Faridabad,HARUF_PYRAMID,93,79,7,04,73,NEUTRAL,1,2,2,0.0943141285880768,0,1,1,0.0563271834689693,-1,-1,-1,-0.03798694511910751,-0.24691811837748345,0,0,0,0,1
2026-04-11,2026-04-10,Faridabad,HARUF_PYRAMID,93,91,8,04,73,NEUTRAL,1,2,2,0.0943141285880768,2,4,4,0.11575970676694837,1,2,2,0.021445578178871563,0.15204719379013598,0,0,1,1,1
2026-04-11,2026-04-10,Ghaziabad,G_SQUARE_HARMONICS,77,78,6,53,62,NEUTRAL,9,10,8,1.3104265961577686,1,3,3,0.1499319290119562,-8,-7,-5,-1.1604946671458123,-6.264975373088932,0,0,1,1,1
2026-04-11,2026-04-10,Ghaziabad,G_SQUARE_HARMONICS,77,82,7,53,62,NEUTRAL,9,10,8,1.3104265961577686,0,1,1,0.06408268037755359,-9,-9,-7,-1.246343915780215,-6.719356146921464,0,0,0,0,1
2026-04-11,2026-04-10,Ghaziabad,G_SQUARE_HARMONICS,77,87,8,53,62,NEUTRAL,9,10,8,1.3104265961577686,0,2,2,0.08954724519291686,-9,-8,-6,-1.2208793509648517,-6.577395785702757,0,0,1,1,1
2026-04-11,2026-04-10,Gali,HARUF_PYRAMID,31,36,6,24,71,NEUTRAL,1,1,1,0.07410961273293477,0,2,2,0.08441278194272753,-1,1,1,0.010303169209792754,0.0675819264937047,1,1,1,1,1
2026-04-11,2026-04-10,Gali,HARUF_PYRAMID,31,63,7,24,71,NEUTRAL,1,1,1,0.07410961273293477,0,1,1,0.05880658242104519,-1,0,0,-0.015303030311889586,-0.0848617913170015,1,1,0,0,1
2026-04-11,2026-04-10,Gali,HARUF_PYRAMID,31,11,8,24,71,NEUTRAL,1,1,1,0.07410961273293477,7,8,7,0.8354351327694247,6,7,6,0.7613255200364899,5.084954187425818,1,1,1,1,1
2026-04-12,2026-04-11,Deshawar,ECHO_7,12,21,6,92,93,NEUTRAL,1,2,2,0.1108475714680123,0,1,1,0.0880092394143166,-1,-1,-1,-0.022838332053695704,-0.14504942106736707,0,0,0,0,1
2026-04-12,2026-04-11,Deshawar,ECHO_7,12,28,7,92,93,NEUTRAL,1,2,2,0.1108475714680123,0,1,1,0.06589647258901317,-1,-1,-1,-0.04495109887899913,-0.29128123151257834,0,0,0,0,1
2026-04-12,2026-04-11,Deshawar,ECHO_7,12,73,8,92,93,NEUTRAL,1,2,2,0.1108475714680123,1,2,2,0.09811427451104227,0,0,0,-0.012733296956970036,-0.018291317192433265,0,0,1,1,1
2026-04-12,2026-04-11,Faridabad,HARUF_PYRAMID,49,92,6,65,38,NEUTRAL,2,4,4,0.16912977970534995,2,3,3,0.2292337543601287,0,-1,-1,0.060103974654778736,0.40569693984848665,0,0,1,1,1
2026-04-12,2026-04-11,Faridabad,HARUF_PYRAMID,49,94,7,65,38,NEUTRAL,2,4,4,0.16912977970534995,1,5,5,0.158871194588314,-1,1,1,-0.010258585117035951,-0.06689182990673581,0,0,1,1,1
2026-04-12,2026-04-11,Faridabad,HARUF_PYRAMID,49,59,8,65,38,NEUTRAL,2,4,4,0.16912977970534995,2,3,3,0.18222907843270114,0,-1,-1,0.013099298727351188,0.14666894492030624,0,0,1,1,1
2026-04-12,2026-04-11,Ghaziabad,G_SQUARE_HARMONICS,34,38,6,52,68,NEUTRAL,1,1,1,0.09062299646903019,0,2,1,0.08746602494496998,-1,1,0,-0.0031569715240602064,-0.005971429907555115,1,1,1,0,1
2026-04-12,2026-04-11,Ghaziabad,G_SQUARE_HARMONICS,34,43,7,52,68,NEUTRAL,1,1,1,0.09062299646903019,0,1,1,0.07705953843499352,-1,0,0,-0.013563458034036663,-0.062168166217636156,1,1,0,0,1
2026-04-12,2026-04-11,Ghaziabad,G_SQUARE_HARMONICS,34,45,8,52,68,NEUTRAL,1,1,1,0.09062299646903019,1,2,2,0.1043930927069673,0,1,1,0.01377009623793711,0.09222134855121239,1,1,1,1,1
2026-04-12,2026-04-11,Gali,HARUF_PYRAMID,93,99,6,06,67,NEUTRAL,1,1,1,0.0632622936608498,0,2,2,0.08193084918061275,-1,1,1,0.018668555519762944,0.14001507000854724,1,1,1,1,1
2026-04-12,2026-04-11,Gali,HARUF_PYRAMID,93,36,7,06,67,NEUTRAL,1,1,1,0.0632622936608498,0,2,2,0.0824948886256983,-1,1,1,0.0192325949648485,0.1241123998352352,1,1,1,1,1
2026-04-12,2026-04-11,Gali,HARUF_PYRAMID,93,63,8,06,67,NEUTRAL,1,1,1,0.0632622936608498,0,1,1,0.0552241785406379,-1,0,0,-0.008038115120211901,-0.03430667411806315,1,1,0,0,1
2026-04-13,2026-04-12,Deshawar,HOT_RECENCY,05,44,6,82,26,NEUTRAL,1,3,3,0.144505014723605,1,4,4,0.1232231822901369,0,1,1,-0.021281832433468095,-0.10546715600252743,0,0,1,1,1
2026-04-13,2026-04-12,Deshawar,HOT_RECENCY,05,27,7,82,26,NEUTRAL,1,3,3,0.144505014723605,0,1,1,0.0797062917048309,-1,-2,-2,-0.0647987230187741,-0.394050941164264,0,0,0,0,1
2026-04-13,2026-04-12,Deshawar,HOT_RECENCY,05,97,8,82,26,NEUTRAL,1,3,3,0.144505014723605,0,1,1,0.05990684816335278,-1,-2,-2,-0.08459816656025221,-0.5246278778015777,0,0,0,0,1
2026-04-13,2026-04-12,Faridabad,HARUF_PYRAMID,23,28,6,33,1,NEUTRAL,1,1,1,0.09295377882053216,0,1,1,0.08386213656207149,-1,0,0,-0.009091642258460667,-0.047805537903304995,1,1,0,0,1
2026-04-13,2026-04-12,Faridabad,HARUF_PYRAMID,23,32,7,33,1,NEUTRAL,1,1,1,0.09295377882053216,0,2,2,0.08702293484681375,-1,1,1,-0.005930843973718403,-0.044512875532768614,1,1,1,1,1
2026-04-13,2026-04-12,Faridabad,HARUF_PYRAMID,23,38,8,33,1,NEUTRAL,1,1,1,0.09295377882053216,0,2,2,0.07744700106226858,-1,1,1,-0.015506777758263576,-0.07814375120856071,1,1,1,1,1
2026-04-13,2026-04-12,Ghaziabad,G_SQUARE_HARMONICS,57,71,6,14,12,NEUTRAL,2,2,2,0.13940721732118772,1,3,3,0.14539066028984182,-1,1,1,0.005983442968654107,0.01751332078740986,0,0,1,1,1
2026-04-13,2026-04-12,Ghaziabad,G_SQUARE_HARMONICS,57,72,7,14,12,NEUTRAL,2,2,2,0.13940721732118772,1,2,2,0.12136452334277227,-1,0,0,-0.018042693978415444,-0.09528159325775654,0,0,1,1,1
2026-04-13,2026-04-12,Ghaziabad,G_SQUARE_HARMONICS,57,74,8,14,12,NEUTRAL,2,2,2,0.13940721732118772,0,1,1,0.05798751222295061,-2,-1,-1,-0.08141970509823711,-0.458738511432666,0,0,0,0,1
2026-04-13,2026-04-12,Gali,HARUF_PYRAMID,90,03,6,39,18,NEUTRAL,1,1,1,0.06648409355799649,0,4,3,0.15204569546650307,-1,3,2,0.08556160190850658,0.5660292951540195,1,1,1,1,1
2026-04-13,2026-04-12,Gali,HARUF_PYRAMID,90,30,7,39,18,NEUTRAL,1,1,1,0.06648409355799649,0,1,1,0.07947915965838642,-1,0,0,0.012995066100389932,0.09636069676600323,1,1,0,0,1
2026-04-13,2026-04-12,Gali,HARUF_PYRAMID,90,02,8,39,18,NEUTRAL,1,1,1,0.06648409355799649,1,4,3,0.15735322698832999,0,3,2,0.0908691334303335,0.6116406282653528,1,1,1,1,1
2026-04-14,2026-04-13,Deshawar,HOT_RECENCY,67,05,6,00,58,NEUTRAL,1,2,2,0.09756697807480125,0,2,2,0.10054703120812014,-1,0,0,0.002980053133318894,0.04084263417706946,0,0,1,1,1
2026-04-14,2026-04-13,Deshawar,HOT_RECENCY,67,27,7,00,58,NEUTRAL,1,2,2,0.09756697807480125,1,2,2,0.09118473298761988,0,0,0,-0.006382245087181368,0.04363877862327348,0,0,1,1,1
2026-04-14,2026-04-13,Deshawar,HOT_RECENCY,67,44,8,00,58,NEUTRAL,1,2,2,0.09756697807480125,4,6,6,0.5148432560617521,3,4,4,0.4172762779869508,2.5756977528484337,0,0,1,1,1
2026-04-14,2026-04-13,Faridabad,HARUF_PYRAMID,23,28,6,04,75,NEUTRAL,1,2,2,0.1054865190270495,0,1,1,0.08598695124190667,-1,-1,-1,-0.019499567785142835,-0.12127962087298261,0,0,0,0,1
2026-04-14,2026-04-13,Faridabad,HARUF_PYRAMID,23,32,7,04,75,NEUTRAL,1,2,2,0.1054865190270495,0,2,2,0.0833132759104781,-1,0,0,-0.0221732431165714,-0.12334328077247136,0,0,1,1,1
2026-04-14,2026-04-13,Faridabad,HARUF_PYRAMID,23,38,8,04,75,NEUTRAL,1,2,2,0.1054865190270495,0,2,2,0.09240646067542804,-1,0,0,-0.01308005835162146,-0.0618946746076493,0,0,1,1,1
2026-04-14,2026-04-13,Ghaziabad,G_SQUARE_HARMONICS,51,53,6,73,28,NEUTRAL,1,2,2,0.11374215612114943,0,4,4,0.1632317974682145,-1,2,2,0.04948964134706507,0.2566144668079653,0,0,1,1,1
2026-04-14,2026-04-13,Ghaziabad,G_SQUARE_HARMONICS,51,54,7,73,28,NEUTRAL,1,2,2,0.11374215612114943,1,2,2,0.12788238258278195,0,0,0,0.014140226461632516,0.10174302654974621,0,0,1,1,1
2026-04-14,2026-04-13,Ghaziabad,G_SQUARE_HARMONICS,51,57,8,73,28,NEUTRAL,1,2,2,0.11374215612114943,0,1,1,0.07665841714233419,-1,-1,-1,-0.03708373897881524,-0.1906899933742615,0,0,0,0,1
2026-04-14,2026-04-13,Gali,HARUF_PYRAMID,06,60,6,02,48,NEUTRAL,5,6,6,0.25489123847718115,3,6,6,0.2416143738376361,-2,0,0,-0.013276864639545055,-0.1316942366612408,0,0,1,1,1
2026-04-14,2026-04-13,Gali,HARUF_PYRAMID,06,67,7,02,48,NEUTRAL,5,6,6,0.25489123847718115,0,1,1,0.05751057729079765,-5,-5,-5,-0.1973806611863835,-1.275707033767941,0,0,0,0,1
2026-04-14,2026-04-13,Gali,HARUF_PYRAMID,06,76,8,02,48,NEUTRAL,5,6,6,0.25489123847718115,0,1,1,0.04874979319226674,-5,-5,-5,-0.2061414452849144,-1.3315564346559179,0,0,0,0,1
2026-04-15,2026-04-14,Deshawar,HOT_RECENCY,47,67,6,49,12,NEUTRAL,1,1,1,0.07556420894038508,0,1,1,0.06879142210017541,-1,0,0,-0.006772786840209669,-0.03602957449562466,1,1,0,0,1
2026-04-15,2026-04-14,Deshawar,HOT_RECENCY,47,05,7,49,12,NEUTRAL,1,1,1,0.07556420894038508,2,7,6,0.35103850489259913,1,6,5,0.27547429595221407,1.6496551785734532,1,1,1,1,1
2026-04-15,2026-04-14,Deshawar,HOT_RECENCY,47,27,8,49,12,NEUTRAL,1,1,1,0.07556420894038508,1,2,2,0.11338475338392619,0,1,1,0.037820544443541104,0.22652989697740727,1,1,1,1,1
2026-04-15,2026-04-14,Faridabad,HARUF_PYRAMID,57,59,6,64,79,NEUTRAL,2,2,2,0.12509709861152823,2,3,3,0.14971839575825152,0,1,1,0.024621297146723287,0.22246240521825822,0,0,1,1,1
2026-04-15,2026-04-14,Faridabad,HARUF_PYRAMID,57,75,7,64,79,NEUTRAL,2,2,2,0.12509709861152823,1,2,2,0.2289258792725543,-1,0,0,0.10382878066102608,0.5841802564444443,0,0,1,1,1
2026-04-15,2026-04-14,Faridabad,HARUF_PYRAMID,57,78,8,64,79,NEUTRAL,2,2,2,0.12509709861152823,0,1,1,0.048509393733759426,-2,-1,-1,-0.07658770487776881,-0.4281946602705943,0,0,0,0,1
2026-04-15,2026-04-14,Ghaziabad,G_SQUARE_HARMONICS,46,60,6,19,50,NEUTRAL,1,1,1,0.10680698283013872,0,1,1,0.0761346706951574,-1,0,0,-0.03067231213498131,-0.16082132290818152,1,1,0,0,1
2026-04-15,2026-04-14,Ghaziabad,G_SQUARE_HARMONICS,46,62,7,19,50,NEUTRAL,1,1,1,0.10680698283013872,1,2,2,0.16104063232772114,0,1,1,0.05423364949758243,0.3039386865677224,1,1,1,1,1
2026-04-15,2026-04-14,Ghaziabad,G_SQUARE_HARMONICS,46,63,8,19,50,NEUTRAL,1,1,1,0.10680698283013872,0,1,1,0.055404063440011045,-1,0,0,-0.05140291939012767,-0.2664249015539558,1,1,0,0,1
2026-04-15,2026-04-14,Gali,HARUF_PYRAMID,26,46,6,82,84,NEUTRAL,2,3,3,0.14027757824023818,0,1,1,0.0744187644775612,-2,-2,-2,-0.06585881376267698,-0.3779887677633771,0,0,0,0,1
2026-04-15,2026-04-14,Gali,HARUF_PYRAMID,26,60,7,82,84,NEUTRAL,2,3,3,0.14027757824023818,2,3,3,0.26452762521680406,0,0,0,0.12425004697656589,0.7344808072031546,0,0,1,1,1
2026-04-15,2026-04-14,Gali,HARUF_PYRAMID,26,62,8,82,84,NEUTRAL,2,3,3,0.14027757824023818,0,2,2,0.07845167608693755,-2,-1,-1,-0.061825902153300624,-0.3712735353993467,0,0,1,1,1
2026-04-16,2026-04-15,Deshawar,HOT_RECENCY,00,47,6,93,17,NEUTRAL,5,7,7,0.6165725037288616,0,1,1,0.07333152800634862,-5,-6,-6,-0.543240975722513,-3.479479156120518,0,0,0,0,1
2026-04-16,2026-04-15,Deshawar,HOT_RECENCY,00,67,7,93,17,NEUTRAL,5,7,7,0.6165725037288616,2,4,4,0.28263431679589573,-3,-3,-3,-0.3339381869329659,-2.264450261956199,0,0,1,1,1
2026-04-16,2026-04-15,Deshawar,HOT_RECENCY,00,27,8,93,17,NEUTRAL,5,7,7,0.6165725037288616,0,1,1,0.05991355213563709,-5,-6,-6,-0.5566589515932245,-3.5553753013679534,0,0,0,0,1
2026-04-16,2026-04-15,Faridabad,HARUF_PYRAMID,93,49,6,03,18,NEUTRAL,1,1,1,0.07217571858158069,0,1,1,0.08314315728547145,-1,0,0,0.010967438703890761,0.08338251574108263,1,1,0,0,1
2026-04-16,2026-04-15,Faridabad,HARUF_PYRAMID,93,89,7,03,18,NEUTRAL,1,1,1,0.07217571858158069,0,1,1,0.0593884619010231,-1,0,0,-0.012787256680557586,-0.07102810744295046,1,1,0,0,1
2026-04-16,2026-04-15,Faridabad,HARUF_PYRAMID,93,94,8,03,18,NEUTRAL,1,1,1,0.07217571858158069,0,1,1,0.046700679981561036,-1,0,0,-0.02547503860001965,-0.14865448774195744,1,1,0,0,1
2026-04-16,2026-04-15,Ghaziabad,G_SQUARE_HARMONICS,01,02,6,14,32,NEUTRAL,2,6,6,0.2394728389744406,0,6,5,0.1816681238503935,-2,0,-1,-0.05780471512404711,-0.3148856861649978,0,0,1,1,1
2026-04-16,2026-04-15,Ghaziabad,G_SQUARE_HARMONICS,01,09,7,14,32,NEUTRAL,2,6,6,0.2394728389744406,2,5,4,0.24486393769221257,0,-1,-2,0.005391098717771964,0.12245257658805686,0,0,1,1,1
2026-04-16,2026-04-15,Ghaziabad,G_SQUARE_HARMONICS,01,10,8,14,32,NEUTRAL,2,6,6,0.2394728389744406,1,4,4,0.17957308360641777,-1,-2,-2,-0.05989975536802283,-0.32968107697981286,0,0,1,1,1
2026-04-16,2026-04-15,Gali,HARUF_PYRAMID,82,02,6,15,48,NEUTRAL,6,6,5,0.7019355145682457,5,9,8,0.39717875934301855,-1,3,3,-0.3047567552252271,-2.1011979080771277,0,0,1,1,1
2026-04-16,2026-04-15,Gali,HARUF_PYRAMID,82,11,7,15,48,NEUTRAL,6,6,5,0.7019355145682457,1,4,4,0.19358954155239957,-5,-2,-1,-0.508345973015846,-3.4052989455479743,0,0,1,1,1
2026-04-16,2026-04-15,Gali,HARUF_PYRAMID,82,18,8,15,48,NEUTRAL,6,6,5,0.7019355145682457,0,1,1,0.08409639628968243,-6,-5,-4,-0.6178391182785632,-4.081768445558768,0,0,0,0,1
2026-04-17,2026-04-16,Deshawar,HOT_RECENCY,82,47,6,99,43,NEUTRAL,1,3,3,0.11900809013670884,1,2,2,0.17589021910182276,0,-1,-1,0.05688212896511392,0.6534918931189552,0,0,1,1,1
2026-04-17,2026-04-16,Deshawar,HOT_RECENCY,82,00,7,99,43,NEUTRAL,1,3,3,0.11900809013670884,4,9,9,0.674925157867181,3,6,6,0.5559170677304721,3.55333783566099,0,0,1,1,1
2026-04-17,2026-04-16,Deshawar,HOT_RECENCY,82,27,8,99,43,NEUTRAL,1,3,3,0.11900809013670884,0,1,1,0.06582137585561539,-1,-2,-2,-0.05318671428109345,-0.3174043311903652,0,0,0,0,1
2026-04-17,2026-04-16,Faridabad,HARUF_PYRAMID,08,80,6,44,86,NEUTRAL,1,1,1,0.12736110580859242,0,2,2,0.09181924066664503,-1,1,1,-0.03554186514194739,-0.2161122222271018,1,1,1,1,1
2026-04-17,2026-04-16,Faridabad,HARUF_PYRAMID,08,07,7,44,86,NEUTRAL,1,1,1,0.12736110580859242,0,1,1,0.1350874129828209,-1,0,0,0.007726307174228481,0.057346298052739386,1,1,0,0,1
2026-04-17,2026-04-16,Faridabad,HARUF_PYRAMID,08,09,8,44,86,NEUTRAL,1,1,1,0.12736110580859242,0,2,2,0.11358602493256512,-1,1,1,-0.013775080876027301,-0.05950354280914438,1,1,1,1,1
2026-04-17,2026-04-16,Ghaziabad,G_SQUARE_HARMONICS,51,53,6,47,25,NEUTRAL,1,1,1,0.09371918112632088,0,2,2,0.09958900296914175,-1,1,1,0.005869821842820866,0.029533506393384312,1,1,1,1,1
2026-04-17,2026-04-16,Ghaziabad,G_SQUARE_HARMONICS,51,54,7,47,25,NEUTRAL,1,1,1,0.09371918112632088,1,2,2,0.11996308283278025,0,1,1,0.026243901706459363,0.16913967586170914,1,1,1,1,1
2026-04-17,2026-04-16,Ghaziabad,G_SQUARE_HARMONICS,51,57,8,47,25,NEUTRAL,1,1,1,0.09371918112632088,0,1,1,0.06652753636301645,-1,0,0,-0.027191644763304434,-0.13486345015946732,1,1,0,0,1
2026-04-17,2026-04-16,Gali,HARUF_PYRAMID,54,59,6,40,60,NEUTRAL,1,1,1,0.07790368566411014,0,1,1,0.06874128620138545,-1,0,0,-0.009162399462724694,-0.04534352267971431,1,1,0,0,1
2026-04-17,2026-04-16,Gali,HARUF_PYRAMID,54,95,7,40,60,NEUTRAL,1,1,1,0.07790368566411014,0,1,1,0.04877204707546539,-1,0,0,-0.029131638588644752,-0.17374644444245974,1,1,0,0,1
2026-04-17,2026-04-16,Gali,HARUF_PYRAMID,54,22,8,40,60,NEUTRAL,1,1,1,0.07790368566411014,1,2,2,0.13803608077360177,0,1,1,0.06013239510949163,0.44967418325614833,1,1,1,1,1
2026-04-18,2026-04-17,Deshawar,HOT_RECENCY,82,99,6,15,64,NEUTRAL,3,4,4,0.14485643861814812,4,6,5,0.5255571746950197,1,2,1,0.3807007360768716,2.3431525097163757,0,0,1,1,1
2026-04-18,2026-04-17,Deshawar,HOT_RECENCY,82,47,7,15,64,NEUTRAL,3,4,4,0.14485643861814812,0,1,1,0.05932471045056095,-3,-3,-3,-0.08553172816758717,-0.5418941606793355,0,0,0,0,1
2026-04-18,2026-04-17,Deshawar,HOT_RECENCY,82,00,8,15,64,NEUTRAL,3,4,4,0.14485643861814812,7,9,8,0.6862911477195854,4,5,4,0.5414347091014373,3.629906278559093,0,0,1,1,1
2026-04-18,2026-04-17,Faridabad,HARUF_PYRAMID,82,23,6,21,52,NEUTRAL,3,4,4,0.18112565396683838,0,1,1,0.08250178849449179,-3,-3,-3,-0.0986238654723466,-0.5755145545566587,0,0,0,0,1
2026-04-18,2026-04-17,Faridabad,HARUF_PYRAMID,82,32,7,21,52,NEUTRAL,3,4,4,0.18112565396683838,0,1,1,0.06771319155214128,-3,-3,-3,-0.1134124624146971,-0.6564648050907109,0,0,0,0,1
2026-04-18,2026-04-17,Faridabad,HARUF_PYRAMID,82,33,8,21,52,NEUTRAL,3,4,4,0.18112565396683838,1,5,5,0.19069334966583532,-2,1,1,0.00956769569899693,0.14727491494729383,0,0,1,1,1
2026-04-18,2026-04-17,Ghaziabad,G_SQUARE_HARMONICS,51,52,6,62,75,NEUTRAL,1,1,1,0.08082432285426397,0,4,4,0.14634654023617805,-1,3,3,0.06552221738191408,0.3538820347532094,1,1,1,1,1
2026-04-18,2026-04-17,Ghaziabad,G_SQUARE_HARMONICS,51,54,7,62,75,NEUTRAL,1,1,1,0.08082432285426397,1,2,2,0.10681889366122443,0,1,1,0.025994570806960465,0.15306206289032026,1,1,1,1,1
2026-04-18,2026-04-17,Ghaziabad,G_SQUARE_HARMONICS,51,57,8,62,75,NEUTRAL,1,1,1,0.08082432285426397,0,2,2,0.07644320189716847,-1,1,1,-0.004381120957095502,-0.016198810809380904,1,1,1,1,1
2026-04-18,2026-04-17,Gali,HARUF_PYRAMID,31,44,6,69,92,NEUTRAL,2,3,3,0.14104236190704172,3,5,4,0.45841579854091247,1,2,1,0.31737343663387074,1.9175003843141036,0,0,1,1,1
2026-04-18,2026-04-17,Gali,HARUF_PYRAMID,31,15,7,69,92,NEUTRAL,2,3,3,0.14104236190704172,3,4,4,0.2062412420776821,1,1,1,0.06519888017064038,0.42821014960343795,0,0,1,1,1
2026-04-18,2026-04-17,Gali,HARUF_PYRAMID,31,51,8,69,92,NEUTRAL,2,3,3,0.14104236190704172,2,3,3,0.1366701835425525,0,0,0,-0.004372178364489221,-0.05635992504484144,0,0,1,1,1
2026-04-19,2026-04-18,Deshawar,HOT_RECENCY,82,99,6,93,2,NEUTRAL,1,1,1,0.07251418928512034,2,3,3,0.27222941756593577,1,2,2,0.19971522828081545,1.241265961931917,1,1,1,1,1
2026-04-19,2026-04-18,Deshawar,HOT_RECENCY,82,15,7,93,2,NEUTRAL,1,1,1,0.07251418928512034,2,4,4,0.34838378977782986,1,3,3,0.27586960049270953,1.695124754525854,1,1,1,1,1
2026-04-19,2026-04-18,Deshawar,HOT_RECENCY,82,47,8,93,2,NEUTRAL,1,1,1,0.07251418928512034,0,1,1,0.051735797091217305,-1,0,0,-0.020778392193903032,-0.1239708861985766,1,1,0,0,1
2026-04-19,2026-04-18,Faridabad,HARUF_PYRAMID,03,04,6,60,27,NEUTRAL,3,6,6,0.21756731526484321,2,5,5,0.33415473279194147,-1,-1,-1,0.11658741752709825,0.8024628039871942,0,0,1,1,1
2026-04-19,2026-04-18,Faridabad,HARUF_PYRAMID,03,30,7,60,27,NEUTRAL,3,6,6,0.21756731526484321,3,4,4,0.30592108529508105,0,-2,-2,0.08835377003023784,0.8246808746808749,0,0,1,1,1
2026-04-19,2026-04-18,Faridabad,HARUF_PYRAMID,03,40,8,60,27,NEUTRAL,3,6,6,0.21756731526484321,1,2,2,0.1310250393426809,-2,-4,-4,-0.08654227592216232,-0.4447761429145234,0,0,1,1,1
2026-04-19,2026-04-18,Ghaziabad,G_SQUARE_HARMONICS,26,27,6,79,86,NEUTRAL,6,7,6,0.5766736955577032,0,1,1,0.0854620999153027,-6,-6,-5,-0.4912115956424005,-2.6804881254359434,0,0,0,0,1
2026-04-19,2026-04-18,Ghaziabad,G_SQUARE_HARMONICS,26,28,7,79,86,NEUTRAL,6,7,6,0.5766736955577032,0,1,1,0.09612797615716742,-6,-6,-5,-0.4805457194005358,-2.6190758445326896,0,0,0,0,1
2026-04-19,2026-04-18,Ghaziabad,G_SQUARE_HARMONICS,26,32,8,79,86,NEUTRAL,6,7,6,0.5766736955577032,0,1,1,0.07194171741502395,-6,-6,-5,-0.5047319781426792,-2.7499741516697567,0,0,0,0,1
2026-04-19,2026-04-18,Gali,HARUF_PYRAMID,16,55,6,46,12,NEUTRAL,1,1,1,0.08457224506790904,1,2,2,0.11133178439006047,0,1,1,0.02675953932215143,0.18769351270804613,1,1,1,1,1
2026-04-19,2026-04-18,Gali,HARUF_PYRAMID,16,61,7,46,12,NEUTRAL,1,1,1,0.08457224506790904,0,1,1,0.05180668459595238,-1,0,0,-0.03276556047195666,-0.19877415684054334,1,1,0,0,1
2026-04-19,2026-04-18,Gali,HARUF_PYRAMID,16,15,8,46,12,NEUTRAL,1,1,1,0.08457224506790904,3,5,5,0.18155022392023168,2,4,4,0.09697797885232264,0.6499291055648492,1,1,1,1,1
2026-04-20,2026-04-19,Deshawar,HOT_RECENCY,82,99,6,87,95,NEUTRAL,2,4,4,0.28056446353307873,3,5,5,0.22865721233525813,1,1,1,-0.05190725119782061,-0.21991829397585239,0,0,1,1,1
2026-04-20,2026-04-19,Deshawar,HOT_RECENCY,82,15,7,87,95,NEUTRAL,2,4,4,0.28056446353307873,1,3,3,0.1387918271795057,-1,-1,-1,-0.14177263635357304,-0.8163559214237099,0,0,1,1,1
2026-04-20,2026-04-19,Deshawar,HOT_RECENCY,82,47,8,87,95,NEUTRAL,2,4,4,0.28056446353307873,1,2,2,0.10759133434247221,-1,-2,-2,-0.17297312919060653,-1.021728561166297,0,0,1,1,1
2026-04-20,2026-04-19,Faridabad,HARUF_PYRAMID,60,44,6,64,8,NEUTRAL,7,8,7,0.4727403019765678,3,7,7,0.643289888049629,-4,-1,0,0.17054958607306125,0.8551412642712677,0,0,1,1,1
2026-04-20,2026-04-19,Faridabad,HARUF_PYRAMID,60,46,7,64,8,NEUTRAL,7,8,7,0.4727403019765678,1,5,5,0.17111947887015672,-6,-3,-2,-0.3016208231064111,-1.860906285798447,0,0,1,1,1
2026-04-20,2026-04-19,Faridabad,HARUF_PYRAMID,60,64,8,64,8,RESCUE,7,8,7,0.4727403019765678,1,4,4,0.12970207522190236,-6,-4,-3,-0.34303822675466544,-2.0930638085817312,0,0,1,1,1
2026-04-20,2026-04-19,Ghaziabad,G_SQUARE_HARMONICS,07,09,6,34,59,NEUTRAL,1,1,1,0.11816702974908952,0,1,1,0.09643551642878916,-1,0,0,-0.021731513320300364,-0.11872089900092231,1,1,0,0,1
2026-04-20,2026-04-19,Ghaziabad,G_SQUARE_HARMONICS,07,20,7,34,59,NEUTRAL,1,1,1,0.11816702974908952,1,4,3,0.14672132128073198,0,3,2,0.02855429153164246,0.15463208615045476,1,1,1,1,1
2026-04-20,2026-04-19,Ghaziabad,G_SQUARE_HARMONICS,07,40,8,34,59,NEUTRAL,1,1,1,0.11816702974908952,1,3,3,0.12275110930162507,0,2,2,0.00458407955253555,0.03943088804550787,1,1,1,1,1
2026-04-20,2026-04-19,Gali,HARUF_PYRAMID,61,15,6,62,52,NEUTRAL,1,1,1,0.06865570508550058,0,4,4,0.14012697516147618,-1,3,3,0.0714712700759756,0.4756207832097826,1,1,1,1,1
2026-04-20,2026-04-19,Gali,HARUF_PYRAMID,61,51,7,62,52,NEUTRAL,1,1,1,0.06865570508550058,0,3,3,0.1052663293859927,-1,2,2,0.036610624300492126,0.23419385102314494,1,1,1,1,1
2026-04-20,2026-04-19,Gali,HARUF_PYRAMID,61,66,8,62,52,NEUTRAL,1,1,1,0.06865570508550058,1,2,2,0.08889993124601332,0,1,1,0.020244226160512746,0.14588642697232945,1,1,1,1,1
2026-04-21,2026-04-20,Deshawar,HOT_RECENCY,87,82,6,41,24,NEUTRAL,4,4,4,0.4404961746641948,0,1,1,0.06167246427675109,-4,-3,-3,-0.37882371038744367,-2.248553769082018,0,0,0,0,1
2026-04-21,2026-04-20,Deshawar,HOT_RECENCY,87,99,7,41,24,NEUTRAL,4,4,4,0.4404961746641948,2,7,7,0.1932920839220926,-2,3,3,-0.24720409074210217,-1.4217301500326387,0,0,1,1,1
2026-04-21,2026-04-20,Deshawar,HOT_RECENCY,87,15,8,41,24,NEUTRAL,4,4,4,0.4404961746641948,1,6,5,0.20337387277225039,-3,2,1,-0.2371223018919444,-1.3196785022833168,0,0,1,1,1
2026-04-21,2026-04-20,Faridabad,HARUF_PYRAMID,40,05,6,04,4,NEUTRAL,3,4,4,0.2348582225502619,2,3,3,0.17550203839330333,-1,-1,-1,-0.059356184156958564,-0.28177458049387116,0,0,1,1,1
2026-04-21,2026-04-20,Faridabad,HARUF_PYRAMID,40,07,7,04,4,NEUTRAL,3,4,4,0.2348582225502619,1,2,2,0.16371919301558427,-2,-2,-2,-0.07113902953467763,-0.4180498349960383,0,0,1,1,1
2026-04-21,2026-04-20,Faridabad,HARUF_PYRAMID,40,50,8,04,4,NEUTRAL,3,4,4,0.2348582225502619,0,1,1,0.06021716863342638,-3,-3,-3,-0.17464105391683551,-1.029543795452131,0,0,0,0,1
2026-04-21,2026-04-20,Ghaziabad,G_SQUARE_HARMONICS,34,36,6,08,34,NEUTRAL,5,5,5,0.7243405886132934,0,2,2,0.08581800124204556,-5,-3,-3,-0.6385225873712479,-3.489970859365753,0,0,1,1,1
2026-04-21,2026-04-20,Ghaziabad,G_SQUARE_HARMONICS,34,37,7,08,34,NEUTRAL,5,5,5,0.7243405886132934,3,4,4,0.2692515152053118,-2,-1,-1,-0.4550890734079816,-2.4169067703964724,0,0,1,1,1
2026-04-21,2026-04-20,Ghaziabad,G_SQUARE_HARMONICS,34,43,8,08,34,NEUTRAL,5,5,5,0.7243405886132934,3,6,5,0.49084904076083713,-2,1,0,-0.2334915478524563,-1.2861585057811458,0,0,1,1,1
2026-04-21,2026-04-20,Gali,HARUF_PYRAMID,98,44,6,25,66,NEUTRAL,1,2,2,0.07506688113516023,1,4,4,0.1336476899719357,0,2,2,0.05858080883677548,0.4207408826508206,0,0,1,1,1
2026-04-21,2026-04-20,Gali,HARUF_PYRAMID,98,48,7,25,66,NEUTRAL,1,2,2,0.07506688113516023,0,2,2,0.09194284668666688,-1,0,0,0.016875965551506653,0.12412661358418126,0,0,1,1,1
2026-04-21,2026-04-20,Gali,HARUF_PYRAMID,98,55,8,25,66,NEUTRAL,1,2,2,0.07506688113516023,2,3,3,0.2340962176414531,1,1,1,0.15902933650629286,1.1551447170098674,0,0,1,1,1
2026-04-22,2026-04-21,Deshawar,HOT_RECENCY,49,87,6,62,83,NEUTRAL,3,3,3,0.2738841234886377,2,4,4,0.16317340647380768,-1,1,1,-0.11071071701483004,-0.5798316103789878,0,0,1,1,1
2026-04-22,2026-04-21,Deshawar,HOT_RECENCY,49,82,7,62,83,NEUTRAL,3,3,3,0.2738841234886377,0,1,1,0.051192675950733874,-3,-2,-2,-0.22269144753790385,-1.3301120529069828,0,0,0,0,1
2026-04-22,2026-04-21,Deshawar,HOT_RECENCY,49,99,8,62,83,NEUTRAL,3,3,3,0.2738841234886377,0,5,5,0.13296284726822946,-3,2,2,-0.14092127622040826,-0.791429112328035,0,0,1,1,1
2026-04-22,2026-04-21,Faridabad,HARUF_PYRAMID,57,75,6,60,9,NEUTRAL,1,2,2,0.10709020068034877,1,3,3,0.1352482062251701,0,1,1,0.028158005544821313,0.15271526288854254,0,0,1,1,1
2026-04-22,2026-04-21,Faridabad,HARUF_PYRAMID,57,06,7,60,9,NEUTRAL,1,2,2,0.10709020068034877,1,6,6,0.30056815115042074,0,4,4,0.19347795047007196,1.3312164909786386,0,0,1,1,1
2026-04-22,2026-04-21,Faridabad,HARUF_PYRAMID,57,46,8,60,9,NEUTRAL,1,2,2,0.10709020068034877,4,6,6,0.31538315503150893,3,4,4,0.20829295435116016,1.307561303131211,0,0,1,1,1
2026-04-22,2026-04-21,Ghaziabad,G_SQUARE_HARMONICS,80,81,6,21,37,NEUTRAL,5,7,6,0.4734990801699826,0,1,1,0.06610250469870298,-5,-6,-5,-0.4073965754712796,-2.3294022666498995,0,0,0,0,1
2026-04-22,2026-04-21,Ghaziabad,G_SQUARE_HARMONICS,80,84,7,21,37,NEUTRAL,5,7,6,0.4734990801699826,0,2,2,0.0748868910518362,-5,-5,-4,-0.3986121891181464,-2.2575106243876992,0,0,1,1,1
2026-04-22,2026-04-21,Ghaziabad,G_SQUARE_HARMONICS,80,89,8,21,37,NEUTRAL,5,7,6,0.4734990801699826,0,1,1,0.05492136422642624,-5,-6,-5,-0.41857771594355636,-2.389993689402395,0,0,0,0,1
2026-04-22,2026-04-21,Gali,HARUF_PYRAMID,99,27,6,95,13,NEUTRAL,1,1,1,0.0621197626542202,2,3,3,0.18251391496844355,1,2,2,0.12039415231422335,0.7297121856034364,1,1,1,1,1
2026-04-22,2026-04-21,Gali,HARUF_PYRAMID,99,29,7,95,13,NEUTRAL,1,1,1,0.0621197626542202,0,1,1,0.07237611304379546,-1,0,0,0.010256350389575258,0.06889170695058416,1,1,0,0,1
2026-04-22,2026-04-21,Gali,HARUF_PYRAMID,99,57,8,95,13,NEUTRAL,1,1,1,0.0621197626542202,2,6,5,0.1809187650200204,1,5,4,0.11879900236580021,0.7552570798737847,1,1,1,1,1
2026-04-23,2026-04-22,Deshawar,HOT_RECENCY,92,49,6,44,20,NEUTRAL,1,1,1,0.06404361733724942,0,1,1,0.07168610117462619,-1,0,0,0.007642483837376771,0.06329377811966563,1,1,0,0,1
2026-04-23,2026-04-22,Deshawar,HOT_RECENCY,92,87,7,44,20,NEUTRAL,1,1,1,0.06404361733724942,1,3,3,0.1131847081778492,0,2,2,0.04914109084059978,0.30767178934398454,1,1,1,1,1
2026-04-23,2026-04-22,Deshawar,HOT_RECENCY,92,82,8,44,20,NEUTRAL,1,1,1,0.06404361733724942,1,2,2,0.10907816413783032,0,1,1,0.0450345468005809,0.3062501604035305,1,1,1,1,1
2026-04-23,2026-04-22,Faridabad,HARUF_PYRAMID,57,75,6,68,34,NEUTRAL,1,1,1,0.07691835676602657,0,1,1,0.06045115868645481,-1,0,0,-0.01646719807957176,-0.09603731303271362,1,1,0,0,1
2026-04-23,2026-04-22,Faridabad,HARUF_PYRAMID,57,06,7,68,34,NEUTRAL,1,1,1,0.07691835676602657,7,8,7,0.7294353114304176,6,7,6,0.6525169546643911,4.089888900945076,1,1,1,1,1
2026-04-23,2026-04-22,Faridabad,HARUF_PYRAMID,57,46,8,68,34,NEUTRAL,1,1,1,0.07691835676602657,1,5,5,0.16694624221449578,0,4,4,0.09002788544846921,0.582181531750854,1,1,1,1,1
2026-04-23,2026-04-22,Ghaziabad,G_SQUARE_HARMONICS,57,71,6,51,27,NEUTRAL,1,1,1,0.07576982624890723,0,1,1,0.08430943609197859,-1,0,0,0.008539609843071366,0.05091069419030109,1,1,0,0,1
2026-04-23,2026-04-22,Ghaziabad,G_SQUARE_HARMONICS,57,72,7,51,27,NEUTRAL,1,1,1,0.07576982624890723,0,2,2,0.09341867127886742,-1,1,1,0.017648845029960197,0.10665283026162509,1,1,1,1,1
2026-04-23,2026-04-22,Ghaziabad,G_SQUARE_HARMONICS,57,73,8,51,27,NEUTRAL,1,1,1,0.07576982624890723,0,1,1,0.07398313993830632,-1,0,0,-0.0017866863106009018,-0.004127562408470065,1,1,0,0,1
2026-04-23,2026-04-22,Gali,HARUF_PYRAMID,48,84,6,33,4,NEUTRAL,1,1,1,0.07215233787886077,0,3,3,0.09217123230849952,-1,2,2,0.02001889442963875,0.12188800106355396,1,1,1,1,1
2026-04-23,2026-04-22,Gali,HARUF_PYRAMID,48,24,7,33,4,NEUTRAL,1,1,1,0.07215233787886077,1,2,2,0.14224668853704944,0,1,1,0.07009435065818867,0.4295822845469964,1,1,1,1,1
2026-04-23,2026-04-22,Gali,HARUF_PYRAMID,48,42,8,33,4,NEUTRAL,1,1,1,0.07215233787886077,1,3,3,0.10762940211823752,0,2,2,0.03547706423937674,0.22241389520441818,1,1,1,1,1
2026-04-24,2026-04-23,Deshawar,HOT_RECENCY,62,92,6,79,92,NEUTRAL,3,4,4,0.23882835526302582,0,1,1,0.05272011549842128,-3,-3,-3,-0.18610823976460453,-1.259951179070812,0,0,0,0,1
2026-04-24,2026-04-23,Deshawar,HOT_RECENCY,62,49,7,79,92,NEUTRAL,3,4,4,0.23882835526302582,0,1,1,0.07152344390377118,-3,-3,-3,-0.16730491135925463,-1.1271356898775804,0,0,0,0,1
2026-04-24,2026-04-23,Deshawar,HOT_RECENCY,62,87,8,79,92,NEUTRAL,3,4,4,0.23882835526302582,0,2,2,0.08613588231282363,-3,-2,-2,-0.1526924729502022,-1.05182125910963,0,0,1,1,1
2026-04-24,2026-04-23,Faridabad,HARUF_PYRAMID,04,40,6,91,92,NEUTRAL,4,6,6,0.42176152440114334,1,4,4,0.27030692820046665,-3,-2,-2,-0.1514545962006767,-0.7640572148124527,0,0,1,1,1
2026-04-24,2026-04-23,Faridabad,HARUF_PYRAMID,04,46,7,91,92,NEUTRAL,4,6,6,0.42176152440114334,1,4,4,0.1401972346102205,-3,-2,-2,-0.28156428979092285,-1.6513120567293393,0,0,1,1,1
2026-04-24,2026-04-23,Faridabad,HARUF_PYRAMID,04,64,8,91,92,NEUTRAL,4,6,6,0.42176152440114334,2,6,6,0.20310487098976526,-2,0,0,-0.21865665341137808,-1.292615944927283,0,0,1,1,1
2026-04-24,2026-04-23,Ghaziabad,G_SQUARE_HARMONICS,16,18,6,20,41,NEUTRAL,2,4,3,0.16598272294061645,1,4,4,0.18878816191292896,-1,0,1,0.02280543897231252,0.11100930617018379,0,0,1,1,1
2026-04-24,2026-04-23,Ghaziabad,G_SQUARE_HARMONICS,16,46,7,20,41,NEUTRAL,2,4,3,0.16598272294061645,2,3,2,0.15920737661339499,0,-1,-1,-0.00677534632722146,-0.008636679058451002,0,0,1,1,1
2026-04-24,2026-04-23,Ghaziabad,G_SQUARE_HARMONICS,16,48,8,20,41,NEUTRAL,2,4,3,0.16598272294061645,0,3,3,0.10549442186592727,-2,-1,0,-0.06048830107468918,-0.3356232345358775,0,0,1,1,1
2026-04-24,2026-04-23,Gali,HARUF_PYRAMID,02,20,6,14,80,NEUTRAL,2,6,5,0.22390497919394795,0,2,2,0.10086750819450209,-2,-4,-3,-0.12303747099944586,-0.7978942509907516,0,0,1,1,1
2026-04-24,2026-04-23,Gali,HARUF_PYRAMID,02,23,7,14,80,NEUTRAL,2,6,5,0.22390497919394795,0,2,2,0.09403238159823334,-2,-4,-3,-0.12987259759571462,-0.8456522296985131,0,0,1,1,1
2026-04-24,2026-04-23,Gali,HARUF_PYRAMID,02,32,8,14,80,NEUTRAL,2,6,5,0.22390497919394795,0,2,2,0.081614024662491,-2,-4,-3,-0.14229095453145696,-0.9198404675521381,0,0,1,1,1
2026-04-25,2026-04-24,Deshawar,HOT_RECENCY,79,62,6,11,65,NEUTRAL,4,5,5,0.3685470200042634,2,4,4,0.171492983437051,-2,-1,-1,-0.19705403656721243,-1.1835286492738186,0,0,1,1,1
2026-04-25,2026-04-24,Deshawar,HOT_RECENCY,79,92,7,11,65,NEUTRAL,4,5,5,0.3685470200042634,0,1,1,0.06931470649409395,-4,-4,-4,-0.2992323135101695,-1.8132308309451761,0,0,0,0,1
2026-04-25,2026-04-24,Deshawar,HOT_RECENCY,79,49,8,11,65,NEUTRAL,4,5,5,0.3685470200042634,0,1,1,0.06786124381703826,-4,-4,-4,-0.30068577618722514,-1.8138058224222966,0,0,0,0,1
2026-04-25,2026-04-24,Faridabad,HARUF_PYRAMID,04,06,6,59,55,NEUTRAL,4,8,7,0.5436021774749992,2,4,4,0.3072088877431107,-2,-4,-3,-0.23639328973188845,-1.1478475480517223,0,0,1,1,1
2026-04-25,2026-04-24,Faridabad,HARUF_PYRAMID,04,33,7,59,55,NEUTRAL,4,8,7,0.5436021774749992,0,2,2,0.10405559041474396,-4,-6,-5,-0.4395465870602552,-2.6050055384637094,0,0,1,1,1
2026-04-25,2026-04-24,Faridabad,HARUF_PYRAMID,04,34,8,59,55,NEUTRAL,4,8,7,0.5436021774749992,0,1,1,0.06426150564940322,-4,-7,-6,-0.4793406718255959,-2.847872689885451,0,0,0,0,1
2026-04-25,2026-04-24,Ghaziabad,G_SQUARE_HARMONICS,27,29,6,76,19,NEUTRAL,1,2,1,0.10060942680300407,0,1,1,0.07433248405482218,-1,-1,0,-0.02627694274818189,-0.1468491773355653,0,1,0,0,1
2026-04-25,2026-04-24,Ghaziabad,G_SQUARE_HARMONICS,27,62,7,76,19,NEUTRAL,1,2,1,0.10060942680300407,1,2,2,0.24381994862568704,0,0,1,0.14321052182268296,0.8580957045056605,0,1,1,1,1
2026-04-25,2026-04-24,Ghaziabad,G_SQUARE_HARMONICS,27,72,8,76,19,NEUTRAL,1,2,1,0.10060942680300407,0,1,1,0.07131735178955484,-1,-1,0,-0.02929207501344923,-0.1606742818298676,0,1,0,0,1
2026-04-25,2026-04-24,Gali,HARUF_PYRAMID,93,59,6,38,82,NEUTRAL,1,1,1,0.0634792104852546,3,5,5,0.2215436270203845,2,4,4,0.1580644165351299,1.0025817798999141,1,1,1,1,1
2026-04-25,2026-04-24,Gali,HARUF_PYRAMID,93,95,7,38,82,NEUTRAL,1,1,1,0.0634792104852546,3,5,5,0.29138755477822426,2,4,4,0.22790834429296966,1.4761808449369538,1,1,1,1,1
2026-04-25,2026-04-24,Gali,HARUF_PYRAMID,93,22,8,38,82,NEUTRAL,1,1,1,0.0634792104852546,2,3,3,0.19739971690291924,1,2,2,0.13392050641766465,0.8657092940974973,1,1,1,1,1
2026-04-26,2026-04-25,Deshawar,HOT_RECENCY,11,79,6,88,96,NEUTRAL,7,7,6,0.838653559299535,1,3,3,0.12447210662861494,-6,-4,-3,-0.71418145267092,-4.693119460953882,0,0,1,1,1
2026-04-26,2026-04-25,Deshawar,HOT_RECENCY,11,62,7,88,96,NEUTRAL,7,7,6,0.838653559299535,1,2,2,0.10713636464947002,-6,-5,-4,-0.7315171946500649,-4.77771477512751,0,0,1,1,1
2026-04-26,2026-04-25,Deshawar,HOT_RECENCY,11,92,8,88,96,NEUTRAL,7,7,6,0.838653559299535,1,3,3,0.11838706674206814,-6,-4,-3,-0.7202664925574669,-4.709282984761035,0,0,1,1,1
2026-04-26,2026-04-25,Faridabad,HARUF_PYRAMID,06,27,6,31,67,NEUTRAL,5,6,6,0.360698387314348,0,1,1,0.08050598704081542,-5,-5,-5,-0.2801924002735326,-1.6172988477265835,0,0,0,0,1
2026-04-26,2026-04-25,Faridabad,HARUF_PYRAMID,06,60,7,31,67,NEUTRAL,5,6,6,0.360698387314348,3,7,7,0.4342000717697354,-2,1,1,0.0735016844553874,0.4947254057847785,0,0,1,1,1
2026-04-26,2026-04-25,Faridabad,HARUF_PYRAMID,06,72,8,31,67,NEUTRAL,5,6,6,0.360698387314348,0,1,1,0.05307044506179254,-5,-5,-5,-0.30762794225255546,-1.7692832599694834,0,0,0,0,1
2026-04-26,2026-04-25,Ghaziabad,G_SQUARE_HARMONICS,23,27,6,35,8,NEUTRAL,1,4,3,0.15355302693570824,0,1,1,0.09384197758333701,-1,-3,-2,-0.05971104935237123,-0.3321886174473758,0,0,0,0,1
2026-04-26,2026-04-25,Ghaziabad,G_SQUARE_HARMONICS,23,32,7,35,8,NEUTRAL,1,4,3,0.15355302693570824,0,1,1,0.07579915159952787,-1,-3,-2,-0.07775387533618038,-0.43151280158989136,0,0,0,0,1
2026-04-26,2026-04-25,Ghaziabad,G_SQUARE_HARMONICS,23,35,8,35,8,RESCUE,1,4,3,0.15355302693570824,1,2,2,0.1669963228320235,0,-2,-1,0.013443295896315266,0.04388008976192992,0,0,1,1,1
2026-04-26,2026-04-25,Gali,HARUF_PYRAMID,79,93,6,09,2,NEUTRAL,1,1,1,0.06559659530892226,0,3,3,0.09434162685703491,-1,2,2,0.028745031548112657,0.19102746179552532,1,1,1,1,1
2026-04-26,2026-04-25,Gali,HARUF_PYRAMID,79,97,7,09,2,NEUTRAL,1,1,1,0.06559659530892226,0,1,1,0.05599500248994859,-1,0,0,-0.009601592818973666,-0.050879708023831405,1,1,0,0,1
2026-04-26,2026-04-25,Gali,HARUF_PYRAMID,79,29,8,09,2,NEUTRAL,1,1,1,0.06559659530892226,0,1,1,0.0692586341329964,-1,0,0,0.0036620388240741486,0.036330731588995524,1,1,0,0,1
2026-04-27,2026-04-26,Deshawar,HOT_RECENCY,88,11,6,15,14,NEUTRAL,6,8,7,0.6680580723531415,6,8,8,0.7354524385502407,0,0,1,0.06739436619709915,0.5340058713654212,0,0,1,1,1
2026-04-27,2026-04-26,Deshawar,HOT_RECENCY,88,79,7,15,14,NEUTRAL,6,8,7,0.6680580723531415,1,4,4,0.13541988537842276,-5,-4,-3,-0.5326381869747188,-3.3350883693869635,0,0,1,1,1
2026-04-27,2026-04-26,Deshawar,HOT_RECENCY,88,92,8,15,14,NEUTRAL,6,8,7,0.6680580723531415,0,2,2,0.058410610784557296,-6,-6,-5,-0.6096474615685842,-3.791475892167635,0,0,1,1,1
2026-04-27,2026-04-26,Faridabad,HARUF_PYRAMID,41,45,6,65,38,NEUTRAL,2,2,2,0.12718152423806336,0,1,1,0.06730105980816885,-2,-1,-1,-0.05988046442989452,-0.347878693041793,0,0,0,0,1
2026-04-27,2026-04-26,Faridabad,HARUF_PYRAMID,41,46,7,65,38,NEUTRAL,2,2,2,0.12718152423806336,2,3,3,0.16884300592857288,0,1,1,0.04166148169050951,0.2871134853003232,0,0,1,1,1
2026-04-27,2026-04-26,Faridabad,HARUF_PYRAMID,41,54,8,65,38,NEUTRAL,2,2,2,0.12718152423806336,0,1,1,0.056781369225055896,-2,-1,-1,-0.07040015501300748,-0.3956419093018393,0,0,0,0,1
2026-04-27,2026-04-26,Ghaziabad,G_SQUARE_HARMONICS,34,38,6,54,10,NEUTRAL,3,3,3,0.27584821701853207,1,2,2,0.12838655981600497,-2,-1,-1,-0.1474616572025271,-0.8481027227493312,0,0,1,1,1
2026-04-27,2026-04-26,Ghaziabad,G_SQUARE_HARMONICS,34,43,7,54,10,NEUTRAL,3,3,3,0.27584821701853207,2,3,3,0.21592041722417027,-1,0,0,-0.0599277997943618,-0.3889711074369573,0,0,1,1,1
2026-04-27,2026-04-26,Ghaziabad,G_SQUARE_HARMONICS,34,45,8,54,10,NEUTRAL,3,3,3,0.27584821701853207,0,1,1,0.057183697124436876,-3,-2,-2,-0.2186645198940952,-1.2829595999881511,0,0,0,0,1
2026-04-27,2026-04-26,Gali,HARUF_PYRAMID,95,99,6,19,48,NEUTRAL,1,4,4,0.1267751087601588,4,5,4,0.4554304774009809,3,1,0,0.3286553686408221,2.0446464893367144,0,0,1,1,1
2026-04-27,2026-04-26,Gali,HARUF_PYRAMID,95,22,7,19,48,NEUTRAL,1,4,4,0.1267751087601588,0,1,1,0.08428347939816251,-1,-3,-3,-0.04249162936199628,-0.287711475605267,0,0,0,0,1
2026-04-27,2026-04-26,Gali,HARUF_PYRAMID,95,29,8,19,48,NEUTRAL,1,4,4,0.1267751087601588,0,1,1,0.0692295851106417,-1,-3,-3,-0.057545523649517094,-0.37790937767889726,0,0,0,0,1
2026-04-28,2026-04-27,Deshawar,HOT_RECENCY,85,88,6,44,3,NEUTRAL,1,2,2,0.0877544794896229,5,6,6,0.5249544188092885,4,4,4,0.4371999393196656,2.8531552829325255,0,0,1,1,1
2026-04-28,2026-04-27,Deshawar,HOT_RECENCY,85,11,7,44,3,NEUTRAL,1,2,2,0.0877544794896229,3,5,5,0.296452012796647,2,3,3,0.20869753330702412,1.2708359972325356,0,0,1,1,1
2026-04-28,2026-04-27,Deshawar,HOT_RECENCY,85,79,8,44,3,NEUTRAL,1,2,2,0.0877544794896229,1,3,3,0.11694566330909936,0,1,1,0.02919118381947647,0.164258372038116,0,0,1,1,1
2026-04-28,2026-04-27,Faridabad,HARUF_PYRAMID,99,49,6,25,29,NEUTRAL,2,3,3,0.26617959268353786,0,1,1,0.07754829293217884,-2,-2,-2,-0.188631299751359,-1.0585051240785492,0,0,0,0,1
2026-04-28,2026-04-27,Faridabad,HARUF_PYRAMID,99,59,7,25,29,NEUTRAL,2,3,3,0.26617959268353786,3,5,5,0.1903266774757503,1,2,2,-0.07585291520778756,-0.35382095927087454,0,0,1,1,1
2026-04-28,2026-04-27,Faridabad,HARUF_PYRAMID,99,69,8,25,29,NEUTRAL,2,3,3,0.26617959268353786,0,1,1,0.05960534995080797,-2,-2,-2,-0.2065742427327299,-1.1567790547516026,0,0,0,0,1
2026-04-28,2026-04-27,Ghaziabad,G_SQUARE_HARMONICS,55,59,6,03,20,NEUTRAL,1,2,1,0.08894982301117267,1,2,2,0.16160154601178206,0,0,1,0.07265172300060939,0.46563124370603076,0,1,1,1,1
2026-04-28,2026-04-27,Ghaziabad,G_SQUARE_HARMONICS,55,94,7,03,20,NEUTRAL,1,2,1,0.08894982301117267,1,2,2,0.12250139444089934,0,0,1,0.03355157142972667,0.2344366133068198,0,1,1,1,1
2026-04-28,2026-04-27,Ghaziabad,G_SQUARE_HARMONICS,55,95,8,03,20,NEUTRAL,1,2,1,0.08894982301117267,0,1,1,0.06107531393531157,-1,-1,0,-0.0278745090758611,-0.14516763776222708,0,1,0,0,1
2026-04-28,2026-04-27,Gali,HARUF_PYRAMID,59,90,6,08,48,NEUTRAL,1,2,2,0.08395792131137349,2,4,4,0.19548431922385828,1,2,2,0.1115263979124848,0.7691999140316494,0,0,1,1,1
2026-04-28,2026-04-27,Gali,HARUF_PYRAMID,59,95,7,08,48,NEUTRAL,1,2,2,0.08395792131137349,0,2,2,0.06583705278060924,-1,0,0,-0.01812086853076425,-0.09400236474992213,0,0,1,1,1
2026-04-28,2026-04-27,Gali,HARUF_PYRAMID,59,19,8,08,48,NEUTRAL,1,2,2,0.08395792131137349,4,6,6,0.4921568479128438,3,4,4,0.40819892660147034,2.7357491078505913,0,0,1,1,1
2026-04-29,2026-04-28,Deshawar,HOT_RECENCY,85,88,6,56,58,NEUTRAL,1,1,1,0.08018310632998307,4,6,6,0.41334775228081855,3,5,5,0.3331646459508355,2.1916621895013897,1,1,1,1,1
2026-04-29,2026-04-28,Deshawar,HOT_RECENCY,85,11,7,56,58,NEUTRAL,1,1,1,0.08018310632998307,1,4,4,0.18237690853810842,0,3,3,0.10219380220812535,0.6325988791244637,1,1,1,1,1
2026-04-29,2026-04-28,Deshawar,HOT_RECENCY,85,79,8,56,58,NEUTRAL,1,1,1,0.08018310632998307,1,3,3,0.12269298358547737,0,2,2,0.042509877255494294,0.2982595646380904,1,1,1,1,1
2026-04-29,2026-04-28,Faridabad,HARUF_PYRAMID,65,66,6,13,76,NEUTRAL,4,4,4,0.26309273135459343,0,2,2,0.08645150457248137,-4,-2,-2,-0.17664122678211208,-1.064553231016684,0,0,1,1,1
2026-04-29,2026-04-28,Faridabad,HARUF_PYRAMID,65,15,7,13,76,NEUTRAL,4,4,4,0.26309273135459343,1,3,3,0.215973669502953,-3,-1,-1,-0.04711906185164044,-0.3038323686479367,0,0,1,1,1
2026-04-29,2026-04-28,Faridabad,HARUF_PYRAMID,65,51,8,13,76,NEUTRAL,4,4,4,0.26309273135459343,0,2,2,0.0930149849726451,-4,-2,-2,-0.17007774638194834,-1.01011872167045,0,0,1,1,1
2026-04-29,2026-04-28,Ghaziabad,G_SQUARE_HARMONICS,03,30,6,11,24,NEUTRAL,6,8,7,0.6677834317033933,4,5,4,0.4227548169434066,-2,-3,-3,-0.24502861475998666,-1.2775892283772206,0,0,1,1,1
2026-04-29,2026-04-28,Ghaziabad,G_SQUARE_HARMONICS,03,36,7,11,24,NEUTRAL,6,8,7,0.6677834317033933,0,1,1,0.07404082496065906,-6,-7,-6,-0.5937426067427343,-3.3069893567612634,0,0,0,0,1
2026-04-29,2026-04-28,Ghaziabad,G_SQUARE_HARMONICS,03,63,8,11,24,NEUTRAL,6,8,7,0.6677834317033933,0,1,1,0.07538199445057284,-6,-7,-6,-0.5924014372528205,-3.306486333198899,0,0,0,0,1
2026-04-29,2026-04-28,Gali,HARUF_PYRAMID,04,05,6,85,32,NEUTRAL,2,5,4,0.22378925971275412,1,4,3,0.16805720432364055,-1,-1,-1,-0.05573205538911358,-0.34356113942807487,0,0,1,1,1
2026-04-29,2026-04-28,Gali,HARUF_PYRAMID,04,40,7,85,32,NEUTRAL,2,5,4,0.22378925971275412,0,1,1,0.07695101017817839,-2,-4,-3,-0.14683824953457575,-0.9205936162121109,0,0,0,0,1
2026-04-29,2026-04-28,Gali,HARUF_PYRAMID,04,49,8,85,32,NEUTRAL,2,5,4,0.22378925971275412,0,1,1,0.06586102793337786,-2,-4,-3,-0.15792823177937626,-0.9897586687329449,0,0,0,0,1
2026-04-30,2026-04-29,Deshawar,HOT_RECENCY,85,41,6,56,4,NEUTRAL,1,1,1,0.05949643304521016,0,1,1,0.07695093251971155,-1,0,0,0.017454499474501388,0.12591149984783734,1,1,0,0,1
2026-04-30,2026-04-29,Deshawar,HOT_RECENCY,85,88,7,56,4,NEUTRAL,1,1,1,0.05949643304521016,2,3,3,0.244679655017056,1,2,2,0.18518322197184583,1.2299296967477524,1,1,1,1,1
2026-04-30,2026-04-29,Deshawar,HOT_RECENCY,85,11,8,56,4,NEUTRAL,1,1,1,0.05949643304521016,4,7,6,0.4976463625643397,3,6,5,0.4381499295191295,2.9110977596237393,1,1,1,1,1
2026-05-01,2026-04-30,Faridabad,HARUF_PYRAMID,67,76,6,63,21,NEUTRAL,1,1,1,0.07076003084700556,0,1,1,0.06316026646361425,-1,0,0,-0.007599764383391314,-0.032288972753085565,1,1,0,0,1
2026-05-01,2026-04-30,Faridabad,HARUF_PYRAMID,67,77,7,63,21,NEUTRAL,1,1,1,0.07076003084700556,0,2,2,0.08017102846794677,-1,1,1,0.009410997620941206,0.07868702936712862,1,1,1,1,1
2026-05-01,2026-04-30,Faridabad,HARUF_PYRAMID,67,17,8,63,21,NEUTRAL,1,1,1,0.07076003084700556,0,1,1,0.07903247530161825,-1,0,0,0.008272444454612685,0.0654621483254686,1,1,0,0,1
2026-05-01,2026-04-30,Ghaziabad,G_SQUARE_HARMONICS,44,48,6,15,29,NEUTRAL,1,1,1,0.08319504373882958,0,2,2,0.11234018011418666,-1,1,1,0.02914513637535708,0.1726777305729214,1,1,1,1,1
2026-05-01,2026-04-30,Ghaziabad,G_SQUARE_HARMONICS,44,81,7,15,29,NEUTRAL,1,1,1,0.08319504373882958,0,1,1,0.06771754873613779,-1,0,0,-0.015477495002691785,-0.0746945644676365,1,1,0,0,1
2026-05-01,2026-04-30,Ghaziabad,G_SQUARE_HARMONICS,44,84,8,15,29,NEUTRAL,1,1,1,0.08319504373882958,0,1,1,0.065350146683712,-1,0,0,-0.017844897055117576,-0.08518026241344251,1,1,0,0,1
2026-05-01,2026-04-30,Gali,HARUF_PYRAMID,91,69,6,54,63,NEUTRAL,3,3,3,0.1356888940320409,0,1,1,0.0645025917865146,-3,-2,-2,-0.0711863022455263,-0.4630478388175472,0,0,0,0,1
2026-05-01,2026-04-30,Gali,HARUF_PYRAMID,91,96,7,54,63,NEUTRAL,3,3,3,0.1356888940320409,0,1,1,0.04708414980711333,-3,-2,-2,-0.08860474422492756,-0.5754860402415766,0,0,0,0,1
2026-05-01,2026-04-30,Gali,HARUF_PYRAMID,91,11,8,54,63,NEUTRAL,3,3,3,0.1356888940320409,0,2,2,0.10996718374583193,-3,-1,-1,-0.025721710286208968,-0.1739271382900175,0,0,1,1,1
2026-05-02,2026-05-01,Deshawar,HOT_RECENCY,85,41,6,79,9,NEUTRAL,2,2,2,0.11153302816559993,2,4,4,0.2009528258960359,0,2,2,0.08941979773043598,0.6154046216704923,0,0,1,1,1
2026-05-02,2026-05-01,Deshawar,HOT_RECENCY,85,88,7,79,9,NEUTRAL,2,2,2,0.11153302816559993,1,3,3,0.22781858283962353,-1,1,1,0.1162855546740236,0.8285773316333127,0,0,1,1,1
2026-05-02,2026-05-01,Deshawar,HOT_RECENCY,85,11,8,79,9,NEUTRAL,2,2,2,0.11153302816559993,4,6,5,0.4626873923084407,2,4,3,0.35115436414284074,2.38973964925374,0,0,1,1,1
2026-05-02,2026-05-01,Faridabad,HARUF_PYRAMID,47,66,6,72,29,NEUTRAL,1,1,1,0.08529376940564269,2,3,2,0.14707287020663662,1,2,1,0.06177910080099393,0.4167475816193397,1,1,1,1,1
2026-05-02,2026-05-01,Faridabad,HARUF_PYRAMID,47,71,7,72,29,NEUTRAL,1,1,1,0.08529376940564269,0,1,1,0.06714916756450243,-1,0,0,-0.018144601841140265,-0.09161813099064575,1,1,0,0,1
2026-05-02,2026-05-01,Faridabad,HARUF_PYRAMID,47,74,8,72,29,NEUTRAL,1,1,1,0.08529376940564269,0,2,2,0.08234884991053781,-1,1,1,-0.002944919495104878,0.009254319369870811,1,1,1,1,1
2026-05-02,2026-05-01,Ghaziabad,G_SQUARE_HARMONICS,16,18,6,79,85,NEUTRAL,2,2,2,0.17450724267152184,1,2,2,0.1862276822841179,-1,0,0,0.011720439612596056,0.08568480113347898,0,0,1,1,1
2026-05-02,2026-05-01,Ghaziabad,G_SQUARE_HARMONICS,16,46,7,79,85,NEUTRAL,2,2,2,0.17450724267152184,2,5,4,0.21182440628605426,0,3,2,0.03731716361453241,0.2854555850878979,0,0,1,1,1
2026-05-02,2026-05-01,Ghaziabad,G_SQUARE_HARMONICS,16,48,8,79,85,NEUTRAL,2,2,2,0.17450724267152184,0,1,1,0.07693769399962444,-2,-1,-1,-0.0975695486718974,-0.5513743539930003,0,0,0,0,1
2026-05-02,2026-05-01,Gali,HARUF_PYRAMID,59,95,6,42,35,NEUTRAL,2,5,5,0.21733993255766315,0,2,2,0.09946886159217308,-2,-3,-3,-0.11787107096549007,-0.7516474295787419,0,0,1,1,1
2026-05-02,2026-05-01,Gali,HARUF_PYRAMID,59,25,7,42,35,NEUTRAL,2,5,5,0.21733993255766315,0,1,1,0.07970202039783958,-2,-4,-4,-0.13763791215982357,-0.8654056516531626,0,0,0,0,1
2026-05-02,2026-05-01,Gali,HARUF_PYRAMID,59,45,8,42,35,NEUTRAL,2,5,5,0.21733993255766315,5,6,6,0.5229702200269712,3,1,1,0.3056302874693081,2.0503507366486957,0,0,1,1,1
2026-05-03,2026-05-02,Deshawar,HOT_RECENCY,93,85,6,00,21,NEUTRAL,2,2,2,0.10579985270232259,1,2,2,0.10332788800554223,-1,0,0,-0.0024719646967803627,-0.0924359391265055,0,0,1,1,1
2026-05-03,2026-05-02,Deshawar,HOT_RECENCY,93,41,7,00,21,NEUTRAL,2,2,2,0.10579985270232259,2,5,5,0.1776557452648989,0,3,3,0.07185589256257632,0.5237453112372051,0,0,1,1,1
2026-05-03,2026-05-02,Deshawar,HOT_RECENCY,93,88,8,00,21,NEUTRAL,2,2,2,0.10579985270232259,4,6,6,0.3681877604133102,2,4,4,0.26238790771098763,1.699884223971336,0,0,1,1,1
2026-05-03,2026-05-02,Faridabad,HARUF_PYRAMID,71,11,6,84,38,NEUTRAL,2,2,2,0.20336577384308982,0,3,3,0.14371281095695115,-2,1,1,-0.059652962886138666,-0.5199691260973835,0,0,1,1,1
2026-05-03,2026-05-02,Faridabad,HARUF_PYRAMID,71,44,7,84,38,NEUTRAL,2,2,2,0.20336577384308982,2,3,3,0.3124151152461433,0,1,1,0.10904934140305347,0.34471068669747007,0,0,1,1,1
2026-05-03,2026-05-02,Faridabad,HARUF_PYRAMID,71,67,8,84,38,NEUTRAL,2,2,2,0.20336577384308982,0,1,1,0.05219481679833612,-2,-1,-1,-0.1511709570447537,-1.0652047202916957,0,0,0,0,1
2026-05-03,2026-05-02,Ghaziabad,G_SQUARE_HARMONICS,07,09,6,93,98,NEUTRAL,1,1,1,0.11446285959100885,0,1,1,0.10135895526445285,-1,0,0,-0.013103904326556004,-0.06676575985957856,1,1,0,0,1
2026-05-03,2026-05-02,Ghaziabad,G_SQUARE_HARMONICS,07,20,7,93,98,NEUTRAL,1,1,1,0.11446285959100885,2,5,5,0.1975798687621712,1,4,4,0.08311700917116235,0.4870917255739703,1,1,1,1,1
2026-05-03,2026-05-02,Ghaziabad,G_SQUARE_HARMONICS,07,40,8,93,98,NEUTRAL,1,1,1,0.11446285959100885,0,2,2,0.07720043564480525,-1,1,1,-0.037262423946203604,-0.1886831166668847,1,1,1,1,1
2026-05-03,2026-05-02,Gali,HARUF_PYRAMID,27,72,6,74,58,NEUTRAL,1,1,1,0.10376957547099347,0,1,1,0.082414404444907,-1,0,0,-0.021355171026086472,-0.1287211683010387,1,1,0,0,1
2026-05-03,2026-05-02,Gali,HARUF_PYRAMID,27,79,7,74,58,NEUTRAL,1,1,1,0.10376957547099347,0,3,3,0.11008834776847429,-1,2,2,0.006318772297480818,0.04794288109940259,1,1,1,1,1
2026-05-03,2026-05-02,Gali,HARUF_PYRAMID,27,97,8,74,58,NEUTRAL,1,1,1,0.10376957547099347,2,3,3,0.1333540609749143,1,2,2,0.029584485503920843,0.20263815793760342,1,1,1,1,1
2026-05-04,2026-05-03,Deshawar,HOT_RECENCY,15,93,6,27,20,NEUTRAL,2,2,2,0.14817797089969176,2,4,4,0.19626234262274525,0,2,2,0.04808437172305349,0.3008774201490857,0,0,1,1,1
2026-05-04,2026-05-03,Deshawar,HOT_RECENCY,15,85,7,27,20,NEUTRAL,2,2,2,0.14817797089969176,0,1,1,0.05276537803230347,-2,-1,-1,-0.09541259286738829,-0.6042133846775317,0,0,0,0,1
2026-05-04,2026-05-03,Deshawar,HOT_RECENCY,15,41,8,27,20,NEUTRAL,2,2,2,0.14817797089969176,0,1,1,0.07047446428451437,-2,-1,-1,-0.07770350661517739,-0.4852945876466354,0,0,0,0,1
2026-05-04,2026-05-03,Faridabad,HARUF_PYRAMID,41,43,6,08,75,NEUTRAL,1,1,1,0.08168483698107293,0,1,1,0.08703941949688611,-1,0,0,0.0053545825158131805,0.04001168631821195,1,1,0,0,1
2026-05-04,2026-05-03,Faridabad,HARUF_PYRAMID,41,47,7,08,75,NEUTRAL,1,1,1,0.08168483698107293,1,3,3,0.1453169422450303,0,2,2,0.06363210526395738,0.3532270328499787,1,1,1,1,1
2026-05-04,2026-05-03,Faridabad,HARUF_PYRAMID,41,74,8,08,75,NEUTRAL,1,1,1,0.08168483698107293,0,2,2,0.10059625609512762,-1,1,1,0.018911419114054695,0.114248282589265,1,1,1,1,1
2026-05-04,2026-05-03,Ghaziabad,G_SQUARE_HARMONICS,08,09,6,78,91,NEUTRAL,2,2,2,0.1931657793830995,0,1,1,0.10094237518489267,-2,-1,-1,-0.09222340419820683,-0.5950806945062576,0,0,0,0,1
2026-05-04,2026-05-03,Ghaziabad,G_SQUARE_HARMONICS,08,20,7,78,91,NEUTRAL,2,2,2,0.1931657793830995,1,5,5,0.16445758541053715,-1,3,3,-0.028708193972562357,-0.2252077749620338,0,0,1,1,1
2026-05-04,2026-05-03,Ghaziabad,G_SQUARE_HARMONICS,08,30,8,78,91,NEUTRAL,2,2,2,0.1931657793830995,0,1,1,0.08489475926473858,-2,-1,-1,-0.10827102011836093,-0.682627351172498,0,0,0,0,1
2026-05-04,2026-05-03,Gali,HARUF_PYRAMID,21,33,6,14,24,NEUTRAL,1,1,1,0.09777411810782727,2,4,4,0.16628717653599917,1,3,3,0.0685130584281719,0.4610477539590032,1,1,1,1,1
2026-05-04,2026-05-03,Gali,HARUF_PYRAMID,21,23,7,14,24,NEUTRAL,1,1,1,0.09777411810782727,0,1,1,0.07302521079621989,-1,0,0,-0.02474890731160738,-0.1471182171247245,1,1,0,0,1
2026-05-04,2026-05-03,Gali,HARUF_PYRAMID,21,32,8,14,24,NEUTRAL,1,1,1,0.09777411810782727,0,2,2,0.08708147903206262,-1,1,1,-0.010692639075764648,-0.053580138474924044,1,1,1,1,1
2026-05-05,2026-05-04,Deshawar,HOT_RECENCY,15,93,6,06,63,NEUTRAL,3,3,3,0.3037618664546758,0,1,1,0.06795601896735164,-3,-2,-2,-0.23580584748732414,-1.339997301328997,0,0,0,0,1
2026-05-05,2026-05-04,Deshawar,HOT_RECENCY,15,27,7,06,63,NEUTRAL,3,3,3,0.3037618664546758,4,6,5,0.4153516081895291,1,3,2,0.11158974173485331,0.7290456236257945,0,0,1,1,1
2026-05-05,2026-05-04,Deshawar,HOT_RECENCY,15,85,8,06,63,NEUTRAL,3,3,3,0.3037618664546758,0,1,1,0.0451912427280704,-3,-2,-2,-0.2585706237266054,-1.4797500595444504,0,0,0,0,1
2026-05-05,2026-05-04,Faridabad,HARUF_PYRAMID,45,48,6,12,88,NEUTRAL,1,1,1,0.08867227050998777,2,3,3,0.1585427261208542,1,2,2,0.06987045561086644,0.45729405202481727,1,1,1,1,1
2026-05-05,2026-05-04,Faridabad,HARUF_PYRAMID,45,54,7,12,88,NEUTRAL,1,1,1,0.08867227050998777,0,1,1,0.07056665142946686,-1,0,0,-0.018105619080520913,-0.0928139745224491,1,1,0,0,1
2026-05-05,2026-05-04,Faridabad,HARUF_PYRAMID,45,84,8,12,88,NEUTRAL,1,1,1,0.08867227050998777,3,5,5,0.2604750195889921,2,4,4,0.17180274907900434,1.0446377212208722,1,1,1,1,1
2026-05-05,2026-05-04,Ghaziabad,G_SQUARE_HARMONICS,18,19,6,15,3,NEUTRAL,1,1,1,0.09951428881800085,0,2,1,0.10241502326327186,-1,1,0,0.0029007344452710027,0.03437572708049641,1,1,1,0,1
2026-05-05,2026-05-04,Ghaziabad,G_SQUARE_HARMONICS,18,21,7,15,3,NEUTRAL,1,1,1,0.09951428881800085,0,4,2,0.16982046675933113,-1,3,1,0.07030617794133028,0.4242139820316637,1,1,1,1,1
2026-05-05,2026-05-04,Ghaziabad,G_SQUARE_HARMONICS,18,51,8,15,3,NEUTRAL,1,1,1,0.09951428881800085,0,3,3,0.11666285063037808,-1,2,2,0.017148561812377228,0.11383269834817367,1,1,1,1,1
2026-05-05,2026-05-04,Gali,HARUF_PYRAMID,43,49,6,87,59,NEUTRAL,1,1,1,0.08059362849641538,0,2,2,0.0954606743509487,-1,1,1,0.014867045854533315,0.0968596160892119,1,1,1,1,1
2026-05-05,2026-05-04,Gali,HARUF_PYRAMID,43,94,7,87,59,NEUTRAL,1,1,1,0.08059362849641538,0,1,1,0.057679231984768584,-1,0,0,-0.022914396511646798,-0.13168200026270171,1,1,0,0,1
2026-05-05,2026-05-04,Gali,HARUF_PYRAMID,43,22,8,87,59,NEUTRAL,1,1,1,0.08059362849641538,1,2,2,0.09497657256072088,0,1,1,0.0143829440643055,0.10529510158662025,1,1,1,1,1
2026-05-06,2026-05-05,Deshawar,HOT_RECENCY,15,93,6,03,37,NEUTRAL,1,3,3,0.1484705417558788,2,4,3,0.17565189932748126,1,1,0,0.027181357571602477,0.17921956865155353,0,0,1,1,1
2026-05-06,2026-05-05,Deshawar,HOT_RECENCY,15,27,7,03,37,NEUTRAL,1,3,3,0.1484705417558788,1,2,2,0.11293542332913516,0,-1,-1,-0.03553511842674363,-0.22523749023547168,0,0,1,1,1
2026-05-06,2026-05-05,Deshawar,HOT_RECENCY,15,06,8,03,37,NEUTRAL,1,3,3,0.1484705417558788,6,7,6,0.44136562723395495,5,4,3,0.2928950854780762,1.7783455141777038,0,0,1,1,1
2026-05-06,2026-05-05,Faridabad,HARUF_PYRAMID,31,33,6,70,69,NEUTRAL,2,4,4,0.23261741795847193,1,3,3,0.1560082259862273,-1,-1,-1,-0.07660919197224464,-0.4712980253372996,0,0,1,1,1
2026-05-06,2026-05-05,Faridabad,HARUF_PYRAMID,31,88,7,70,69,NEUTRAL,2,4,4,0.23261741795847193,0,1,1,0.07382686555622997,-2,-3,-3,-0.15879055240224196,-0.9782258696884044,0,0,0,0,1
2026-05-06,2026-05-05,Faridabad,HARUF_PYRAMID,31,17,8,70,69,NEUTRAL,2,4,4,0.23261741795847193,1,2,2,0.1657232842923946,-1,-2,-2,-0.06689413366607733,-0.3672097857494365,0,0,1,1,1
2026-05-06,2026-05-05,Ghaziabad,G_SQUARE_HARMONICS,16,18,6,92,93,NEUTRAL,2,2,2,0.16431333135628942,0,1,1,0.09261440633412743,-2,-1,-1,-0.07169892502216199,-0.4038676754016239,0,0,0,0,1
2026-05-06,2026-05-05,Ghaziabad,G_SQUARE_HARMONICS,16,46,7,92,93,NEUTRAL,2,2,2,0.16431333135628942,2,5,4,0.2031859564482864,0,3,2,0.03887262509199699,0.3003565777716387,0,0,1,1,1
2026-05-06,2026-05-05,Ghaziabad,G_SQUARE_HARMONICS,16,48,8,92,93,NEUTRAL,2,2,2,0.16431333135628942,0,1,1,0.0718202681614266,-2,-1,-1,-0.09249306319486282,-0.5111687959434387,0,0,0,0,1
2026-05-06,2026-05-05,Gali,HARUF_PYRAMID,10,14,6,38,52,NEUTRAL,2,2,2,0.1455892282728223,4,6,6,0.40461536621621724,2,4,4,0.2590261379433949,1.8592311691899557,0,0,1,1,1
2026-05-06,2026-05-05,Gali,HARUF_PYRAMID,10,41,7,38,52,NEUTRAL,2,2,2,0.1455892282728223,2,4,4,0.17121519982330005,0,2,2,0.025625971550477744,0.2001522128438138,0,0,1,1,1
2026-05-06,2026-05-05,Gali,HARUF_PYRAMID,10,13,8,38,52,NEUTRAL,2,2,2,0.1455892282728223,2,3,3,0.187993478259406,0,1,1,0.04240424998658368,0.25335950610235125,0,0,1,1,1
2026-05-07,2026-05-06,Deshawar,HOT_RECENCY,15,93,6,84,94,NEUTRAL,1,3,3,0.14908581792847034,1,3,3,0.1285177057666524,0,0,0,-0.020568112161817947,-0.10966786352503055,0,0,1,1,1
2026-05-07,2026-05-06,Deshawar,HOT_RECENCY,15,27,7,84,94,NEUTRAL,1,3,3,0.14908581792847034,0,2,2,0.10144839760963055,-1,-1,-1,-0.04763742031883979,-0.2954433945882562,0,0,1,1,1
2026-05-07,2026-05-06,Deshawar,HOT_RECENCY,15,03,8,84,94,NEUTRAL,1,3,3,0.14908581792847034,5,7,6,0.5845789220633004,4,4,3,0.4354931041348301,2.5479041033889205,0,0,1,1,1
2026-05-07,2026-05-06,Faridabad,HARUF_PYRAMID,55,61,6,69,20,NEUTRAL,1,2,2,0.09057272557342153,0,1,1,0.07330784628613853,-1,-1,-1,-0.017264879287283,-0.09517884817901529,0,0,0,0,1
2026-05-07,2026-05-06,Faridabad,HARUF_PYRAMID,55,26,7,69,20,NEUTRAL,1,2,2,0.09057272557342153,0,1,1,0.07685352977921903,-1,-1,-1,-0.013719195794202499,-0.07291797104045328,0,0,0,0,1
2026-05-07,2026-05-06,Faridabad,HARUF_PYRAMID,55,36,8,69,20,NEUTRAL,1,2,2,0.09057272557342153,1,2,2,0.1371482029629581,0,0,0,0.046575477389536574,0.3474253506851666,0,0,1,1,1
2026-05-07,2026-05-06,Ghaziabad,G_SQUARE_HARMONICS,59,79,6,47,66,NEUTRAL,1,1,1,0.08539802133478856,3,5,5,0.4427425851574923,2,4,4,0.35734456382270374,1.9555469335209286,1,1,1,1,1
2026-05-07,2026-05-06,Ghaziabad,G_SQUARE_HARMONICS,59,90,7,47,66,NEUTRAL,1,1,1,0.08539802133478856,0,1,1,0.052839130762305085,-1,0,0,-0.03255889057248348,-0.1655278716005072,1,1,0,0,1
2026-05-07,2026-05-06,Ghaziabad,G_SQUARE_HARMONICS,59,91,8,47,66,NEUTRAL,1,1,1,0.08539802133478856,2,3,3,0.1263777372156562,1,2,2,0.04097971588086764,0.27137690939399023,1,1,1,1,1
2026-05-07,2026-05-06,Gali,HARUF_PYRAMID,39,91,6,33,17,NEUTRAL,1,1,1,0.08297380589607918,0,2,2,0.0758762396694359,-1,1,1,-0.007097566226643287,-0.04427568446246094,1,1,1,1,1
2026-05-07,2026-05-06,Gali,HARUF_PYRAMID,39,92,7,33,17,NEUTRAL,1,1,1,0.08297380589607918,0,1,1,0.05862798006188613,-1,0,0,-0.02434582583419305,-0.14894526830291,1,1,0,0,1
2026-05-07,2026-05-06,Gali,HARUF_PYRAMID,39,93,8,33,17,NEUTRAL,1,1,1,0.08297380589607918,0,1,1,0.045514923048740136,-1,0,0,-0.037458882847339045,-0.23447215851392994,1,1,0,0,1
2026-05-08,2026-05-07,Deshawar,HOT_RECENCY,15,93,6,06,10,NEUTRAL,3,5,4,0.19687428375320137,1,2,2,0.13473937891842894,-2,-3,-2,-0.062134904834772436,-0.4183053903736733,0,0,1,1,1
2026-05-08,2026-05-07,Deshawar,HOT_RECENCY,15,27,7,06,10,NEUTRAL,3,5,4,0.19687428375320137,1,3,3,0.11936791027559572,-2,-2,-1,-0.07750637347760565,-0.44154255905069295,0,0,1,1,1
2026-05-08,2026-05-07,Deshawar,HOT_RECENCY,15,03,8,06,10,NEUTRAL,3,5,4,0.19687428375320137,1,5,5,0.18765343749588048,-2,0,1,-0.009220846257320892,-0.07170341147374804,0,0,1,1,1
2026-05-08,2026-05-07,Faridabad,HARUF_PYRAMID,15,19,6,48,23,NEUTRAL,1,1,1,0.1105203761114355,0,1,1,0.08381189914052778,-1,0,0,-0.026708476970907724,-0.14634393134976026,1,1,0,0,1
2026-05-08,2026-05-07,Faridabad,HARUF_PYRAMID,15,51,7,48,23,NEUTRAL,1,1,1,0.1105203761114355,0,1,1,0.0638787422089307,-1,0,0,-0.04664163390250481,-0.25347672188251913,1,1,0,0,1
2026-05-08,2026-05-07,Faridabad,HARUF_PYRAMID,15,89,8,48,23,NEUTRAL,1,1,1,0.1105203761114355,0,1,1,0.05726317503351748,-1,0,0,-0.05325720107791802,-0.29119449801895314,1,1,0,0,1
2026-05-08,2026-05-07,Ghaziabad,G_SQUARE_HARMONICS,51,52,6,33,58,NEUTRAL,3,4,4,0.3647957473012037,0,3,3,0.12825742702792484,-3,-1,-1,-0.23653832027327884,-1.3843105390282877,0,0,1,1,1
2026-05-08,2026-05-07,Ghaziabad,G_SQUARE_HARMONICS,51,54,7,33,58,NEUTRAL,3,4,4,0.3647957473012037,0,1,1,0.07423480386601417,-3,-3,-3,-0.2905609434351895,-1.6829060184058329,0,0,0,0,1
2026-05-08,2026-05-07,Ghaziabad,G_SQUARE_HARMONICS,51,57,8,33,58,NEUTRAL,3,4,4,0.3647957473012037,0,3,3,0.09770058950077956,-3,-1,-1,-0.26709515780042414,-1.5283150095623204,0,0,1,1,1
2026-05-08,2026-05-07,Gali,HARUF_PYRAMID,01,09,6,97,33,NEUTRAL,2,6,6,0.21835243705344407,0,1,1,0.12603345137583494,-2,-5,-5,-0.09231898567760913,-0.5761762989984406,0,0,0,0,1
2026-05-08,2026-05-07,Gali,HARUF_PYRAMID,01,10,7,97,33,NEUTRAL,2,6,6,0.21835243705344407,1,2,2,0.1519436144204309,-1,-4,-4,-0.06640882263301318,-0.40727482949671157,0,0,1,1,1
2026-05-08,2026-05-07,Gali,HARUF_PYRAMID,01,14,8,97,33,NEUTRAL,2,6,6,0.21835243705344407,3,6,6,0.35712507657085996,1,0,0,0.1387726395174159,0.9849556045247676,0,0,1,1,1
2026-05-09,2026-05-08,Deshawar,HOT_RECENCY,00,93,6,19,48,NEUTRAL,6,8,7,0.444721421344937,2,4,3,0.17589348431204394,-4,-4,-4,-0.26882793703289304,-1.7843029608016343,0,0,1,1,1
2026-05-09,2026-05-08,Deshawar,HOT_RECENCY,00,15,7,19,48,NEUTRAL,6,8,7,0.444721421344937,1,4,4,0.16996373637199313,-5,-4,-3,-0.27475768497294384,-1.8151802199394131,0,0,1,1,1
2026-05-09,2026-05-08,Deshawar,HOT_RECENCY,00,27,8,19,48,NEUTRAL,6,8,7,0.444721421344937,0,2,2,0.08961180115088137,-6,-6,-5,-0.3551096201940556,-2.308136662049326,0,0,1,1,1
2026-05-09,2026-05-08,Faridabad,HARUF_PYRAMID,83,88,6,86,43,NEUTRAL,1,1,1,0.06748213268978952,2,4,3,0.2541615066689683,1,3,2,0.18667937397917878,1.2290734307421471,1,1,1,1,1
2026-05-09,2026-05-08,Faridabad,HARUF_PYRAMID,83,03,7,86,43,NEUTRAL,1,1,1,0.06748213268978952,0,4,3,0.1360768432728772,-1,3,2,0.06859471058308768,0.426123953529895,1,1,1,1,1
2026-05-09,2026-05-08,Faridabad,HARUF_PYRAMID,83,11,8,86,43,NEUTRAL,1,1,1,0.06748213268978952,0,1,1,0.10759212815002676,-1,0,0,0.04010999546023725,0.25514285274470333,1,1,0,0,1
2026-05-09,2026-05-08,Ghaziabad,G_SQUARE_HARMONICS,63,22,6,44,48,NEUTRAL,2,2,2,0.141714958675843,0,1,1,0.08226904191826159,-2,-1,-1,-0.0594459167575814,-0.3451172000235426,0,0,0,0,1
2026-05-09,2026-05-08,Ghaziabad,G_SQUARE_HARMONICS,63,23,7,44,48,NEUTRAL,2,2,2,0.141714958675843,0,1,1,0.082397163244608,-2,-1,-1,-0.059317795431235,-0.33873703306626035,0,0,0,0,1
2026-05-09,2026-05-08,Ghaziabad,G_SQUARE_HARMONICS,63,32,8,44,48,NEUTRAL,2,2,2,0.141714958675843,0,1,1,0.07011685503286419,-2,-1,-1,-0.0715981036429788,-0.4051928388036025,0,0,0,0,1
2026-05-09,2026-05-08,Gali,HARUF_PYRAMID,63,23,6,64,51,NEUTRAL,2,2,2,0.1431476193140342,0,1,1,0.08583202288418741,-2,-1,-1,-0.05731559642984678,-0.36680121269706156,0,0,0,0,1
2026-05-09,2026-05-08,Gali,HARUF_PYRAMID,63,32,7,64,51,NEUTRAL,2,2,2,0.1431476193140342,0,1,1,0.06901889067025309,-2,-1,-1,-0.0741287286437811,-0.47063636781568174,0,0,0,0,1
2026-05-09,2026-05-08,Gali,HARUF_PYRAMID,63,39,8,64,51,NEUTRAL,2,2,2,0.1431476193140342,0,1,1,0.06718505312833253,-2,-1,-1,-0.07596256618570166,-0.47240098140910514,0,0,0,0,1
2026-05-10,2026-05-09,Deshawar,HOT_RECENCY,00,93,6,62,22,NEUTRAL,7,10,9,0.9503486071366256,1,3,3,0.12978629909779837,-6,-7,-6,-0.8205623080388272,-5.182964968792316,0,0,1,1,1
2026-05-10,2026-05-09,Deshawar,HOT_RECENCY,00,15,7,62,22,NEUTRAL,7,10,9,0.9503486071366256,2,3,3,0.20185931444509264,-5,-7,-6,-0.748489292691533,-4.767087507145802,0,0,1,1,1
2026-05-10,2026-05-09,Deshawar,HOT_RECENCY,00,19,8,62,22,NEUTRAL,7,10,9,0.9503486071366256,3,5,5,0.38203959793680925,-4,-5,-4,-0.5683090091998164,-3.7322401075274634,0,0,1,1,1
2026-05-10,2026-05-09,Faridabad,HARUF_PYRAMID,40,77,6,46,15,NEUTRAL,1,2,2,0.1080371893159795,0,1,1,0.06723357495669018,-1,-1,-1,-0.04080361435928932,-0.240223884784592,0,0,0,0,1
2026-05-10,2026-05-09,Faridabad,HARUF_PYRAMID,40,07,7,46,15,NEUTRAL,1,2,2,0.1080371893159795,0,3,3,0.14140821708270745,-1,1,1,0.033371027766727956,0.2116042707630359,0,0,1,1,1
2026-05-10,2026-05-09,Faridabad,HARUF_PYRAMID,40,70,8,46,15,NEUTRAL,1,2,2,0.1080371893159795,0,3,3,0.10161080354982256,-1,1,1,-0.006426385766156936,-0.030721302345105173,0,0,1,1,1
2026-05-10,2026-05-09,Ghaziabad,G_SQUARE_HARMONICS,55,56,6,86,15,NEUTRAL,5,6,6,0.4951291728602196,0,2,2,0.10178998717643477,-5,-4,-4,-0.39333918568378484,-2.282687062614455,0,0,1,1,1
2026-05-10,2026-05-09,Ghaziabad,G_SQUARE_HARMONICS,55,64,7,86,15,NEUTRAL,5,6,6,0.4951291728602196,1,3,3,0.13603446481538706,-4,-3,-3,-0.35909470804483257,-2.0625858685761527,0,0,1,1,1
2026-05-10,2026-05-09,Ghaziabad,G_SQUARE_HARMONICS,55,65,8,86,15,NEUTRAL,5,6,6,0.4951291728602196,1,2,2,0.11126402624515003,-4,-4,-4,-0.3838651466150696,-2.2084474588532537,0,0,1,1,1
2026-05-10,2026-05-09,Gali,HARUF_PYRAMID,47,54,6,56,70,NEUTRAL,3,3,3,0.17767006082431688,0,1,1,0.0729143406830062,-3,-2,-2,-0.10475572014131068,-0.6892595105014638,0,0,0,0,1
2026-05-10,2026-05-09,Gali,HARUF_PYRAMID,47,74,7,56,70,NEUTRAL,3,3,3,0.17767006082431688,1,3,3,0.2310289649734446,-2,0,0,0.05335890414912772,0.3752018935877792,0,0,1,1,1
2026-05-10,2026-05-09,Gali,HARUF_PYRAMID,47,24,8,56,70,NEUTRAL,3,3,3,0.17767006082431688,2,3,3,0.3954748608330626,-1,0,0,0.21780480000874572,1.4292826310552027,0,0,1,1,1
2026-05-11,2026-05-10,Deshawar,HOT_RECENCY,79,00,6,10,64,NEUTRAL,1,2,2,0.09588444492235836,1,6,6,0.20896585060497058,0,4,4,0.11308140568261223,0.7046914789497027,0,0,1,1,1
2026-05-11,2026-05-10,Deshawar,HOT_RECENCY,79,93,7,10,64,NEUTRAL,1,2,2,0.09588444492235836,1,2,2,0.11276742672774344,0,0,0,0.016882981805385083,0.05111094072264477,0,0,1,1,1
2026-05-11,2026-05-10,Deshawar,HOT_RECENCY,79,15,8,10,64,NEUTRAL,1,2,2,0.09588444492235836,2,3,3,0.2531970709991236,1,1,1,0.15731262607676522,1.1876354232687603,0,0,1,1,1
2026-05-11,2026-05-10,Faridabad,HARUF_PYRAMID,41,66,6,22,83,NEUTRAL,1,1,1,0.07985789844141576,3,4,4,0.34327705917495716,2,3,3,0.2634191607335414,1.4502826113773177,1,1,1,1,1
2026-05-11,2026-05-10,Faridabad,HARUF_PYRAMID,41,04,7,22,83,NEUTRAL,1,1,1,0.07985789844141576,3,5,5,0.362308059947937,2,4,4,0.28245016150652125,1.7093923554393093,1,1,1,1,1
2026-05-11,2026-05-10,Faridabad,HARUF_PYRAMID,41,40,8,22,83,NEUTRAL,1,1,1,0.07985789844141576,1,2,2,0.11640134578479698,0,1,1,0.03654344734338122,0.21938417787243286,1,1,1,1,1
2026-05-11,2026-05-10,Ghaziabad,G_SQUARE_HARMONICS,46,60,6,43,29,NEUTRAL,2,2,2,0.14326480461001237,1,3,3,0.14175274462898155,-1,1,1,-0.0015120599810308222,-0.018128406531569996,0,0,1,1,1
2026-05-11,2026-05-10,Ghaziabad,G_SQUARE_HARMONICS,46,61,7,43,29,NEUTRAL,2,2,2,0.14326480461001237,0,1,1,0.05946357745059224,-2,-1,-1,-0.08380122715942012,-0.4771430663321581,0,0,0,0,1
2026-05-11,2026-05-10,Ghaziabad,G_SQUARE_HARMONICS,46,63,8,43,29,NEUTRAL,2,2,2,0.14326480461001237,0,1,1,0.05876593464448243,-2,-1,-1,-0.08449886996552994,-0.47750562195252905,0,0,0,0,1
2026-05-11,2026-05-10,Gali,HARUF_PYRAMID,29,92,6,83,54,NEUTRAL,1,1,1,0.09234487462432026,0,2,2,0.07936822326994551,-1,1,1,-0.012976651354374744,-0.07634493407273896,1,1,1,1,1
2026-05-11,2026-05-10,Gali,HARUF_PYRAMID,29,23,7,83,54,NEUTRAL,1,1,1,0.09234487462432026,0,1,1,0.07392830369610634,-1,0,0,-0.018416570928213916,-0.11633170662639769,1,1,0,0,1
2026-05-11,2026-05-10,Gali,HARUF_PYRAMID,29,32,8,83,54,NEUTRAL,1,1,1,0.09234487462432026,0,1,1,0.06956845857344361,-1,0,0,-0.022776416050876644,-0.1409101302021215,1,1,0,0,1
2026-05-12,2026-05-11,Deshawar,HOT_RECENCY,79,10,6,08,63,NEUTRAL,1,1,1,0.08808967158030688,5,6,5,0.5946087363527658,4,5,4,0.5065190647724589,3.03257184352932,1,1,1,1,1
2026-05-12,2026-05-11,Deshawar,HOT_RECENCY,79,93,7,08,63,NEUTRAL,1,1,1,0.08808967158030688,0,2,2,0.10089181317559853,-1,1,1,0.012802141595291652,0.07010934104484379,1,1,1,1,1
2026-05-12,2026-05-11,Deshawar,HOT_RECENCY,79,00,8,08,63,NEUTRAL,1,1,1,0.08808967158030688,2,7,6,0.2079991760256316,1,6,5,0.11990950444532471,0.7803327110228178,1,1,1,1,1
2026-05-12,2026-05-11,Faridabad,HARUF_PYRAMID,29,92,6,28,2,NEUTRAL,1,1,1,0.08797382210380535,0,1,1,0.0536004207389225,-1,0,0,-0.034373401364882844,-0.19986560968871386,1,1,0,0,1
2026-05-12,2026-05-11,Faridabad,HARUF_PYRAMID,29,02,7,28,2,NEUTRAL,1,1,1,0.08797382210380535,0,5,5,0.17786858435043668,-1,4,4,0.08989476224663133,0.5416685962602401,1,1,1,1,1
2026-05-12,2026-05-11,Faridabad,HARUF_PYRAMID,29,20,8,28,2,NEUTRAL,1,1,1,0.08797382210380535,0,2,2,0.10846797441083415,-1,1,1,0.020494152307028807,0.14052051913576208,1,1,1,1,1
2026-05-12,2026-05-11,Ghaziabad,G_SQUARE_HARMONICS,34,36,6,43,8,NEUTRAL,4,4,4,0.30478832824782687,0,1,1,0.0688110117809934,-4,-3,-3,-0.23597731646683345,-1.341110685349124,0,0,0,0,1
2026-05-12,2026-05-11,Ghaziabad,G_SQUARE_HARMONICS,34,37,7,43,8,NEUTRAL,4,4,4,0.30478832824782687,0,1,1,0.0806645225206838,-4,-3,-3,-0.22412380572714308,-1.2682635499981025,0,0,0,0,1
2026-05-12,2026-05-11,Ghaziabad,G_SQUARE_HARMONICS,34,43,8,43,8,RESCUE,4,4,4,0.30478832824782687,4,6,6,0.44116233892204415,0,2,2,0.13637401067421728,0.8035148186274901,0,0,1,1,1
2026-05-12,2026-05-11,Gali,HARUF_PYRAMID,23,32,6,47,94,NEUTRAL,1,1,1,0.0848334765803717,1,2,2,0.11765715543004131,0,1,1,0.03282367884966961,0.21950037094302255,1,1,1,1,1
2026-05-12,2026-05-11,Gali,HARUF_PYRAMID,23,88,7,47,94,NEUTRAL,1,1,1,0.0848334765803717,2,3,3,0.14437048526952184,1,2,2,0.05953700868915014,0.387498587818335,1,1,1,1,1
2026-05-12,2026-05-11,Gali,HARUF_PYRAMID,23,25,8,47,94,NEUTRAL,1,1,1,0.0848334765803717,0,2,2,0.09805626198932568,-1,1,1,0.013222785408953983,0.09882721091750046,1,1,1,1,1
2026-05-13,2026-05-12,Deshawar,HOT_RECENCY,79,08,6,46,78,NEUTRAL,1,2,2,0.10091375036048954,5,6,5,0.5135010768880202,4,4,3,0.4125873265275306,2.434166993032844,0,0,1,1,1
2026-05-13,2026-05-12,Deshawar,HOT_RECENCY,79,93,7,46,78,NEUTRAL,1,2,2,0.10091375036048954,0,1,1,0.06610166223218855,-1,-1,-1,-0.034812088128300986,-0.21431283518010352,0,0,0,0,1
2026-05-13,2026-05-12,Deshawar,HOT_RECENCY,79,10,8,46,78,NEUTRAL,1,2,2,0.10091375036048954,2,3,3,0.18137008680004296,1,1,1,0.08045633643955342,0.46794123997553194,0,0,1,1,1
2026-05-13,2026-05-12,Faridabad,HARUF_PYRAMID,14,41,6,01,11,NEUTRAL,1,1,1,0.11057606165590181,0,1,1,0.0807851883117037,-1,0,0,-0.02979087334419811,-0.15682900131694932,1,1,0,0,1
2026-05-13,2026-05-12,Faridabad,HARUF_PYRAMID,14,47,7,01,11,NEUTRAL,1,1,1,0.11057606165590181,0,2,2,0.11104812828147156,-1,1,1,0.00047206662556975587,-0.004380451655928375,1,1,1,1,1
2026-05-13,2026-05-12,Faridabad,HARUF_PYRAMID,14,74,8,01,11,NEUTRAL,1,1,1,0.11057606165590181,1,4,4,0.15256867178080388,0,3,3,0.041992610124902074,0.2233354848468797,1,1,1,1,1
2026-05-13,2026-05-12,Ghaziabad,G_SQUARE_HARMONICS,34,36,6,08,34,NEUTRAL,5,6,6,0.43962890402820515,0,1,1,0.0836463482624015,-5,-5,-5,-0.3559825557658036,-1.977927593307627,0,0,0,0,1
2026-05-13,2026-05-12,Ghaziabad,G_SQUARE_HARMONICS,34,37,7,08,34,NEUTRAL,5,6,6,0.43962890402820515,0,1,1,0.09728621755191814,-5,-5,-5,-0.342342686476287,-1.8850607208248982,0,0,0,0,1
2026-05-13,2026-05-12,Ghaziabad,G_SQUARE_HARMONICS,34,43,8,08,34,NEUTRAL,5,6,6,0.43962890402820515,6,7,6,1.031263802225468,1,1,0,0.591634898197263,3.20907862970363,0,0,1,1,1
2026-05-13,2026-05-12,Gali,DATE_TRIAD,26,47,6,58,64,NEUTRAL,1,1,1,0.07222538725041452,5,7,7,0.645918318168293,4,6,6,0.5736929309178785,3.779507401123697,1,1,1,1,1
2026-05-13,2026-05-12,Gali,DATE_TRIAD,26,79,7,58,64,NEUTRAL,1,1,1,0.07222538725041452,1,2,2,0.23211009849307188,0,1,1,0.15988471124265735,1.042711836163369,1,1,1,1,1
2026-05-13,2026-05-12,Gali,DATE_TRIAD,26,02,8,58,64,NEUTRAL,1,1,1,0.07222538725041452,0,3,3,0.10694533248758668,-1,2,2,0.03471994523717216,0.23465691808225952,1,1,1,1,1
2026-05-14,2026-05-13,Deshawar,HOT_RECENCY,79,46,6,76,92,NEUTRAL,1,1,1,0.07099106035127768,3,4,4,0.471862255398738,2,3,3,0.4008711950474603,2.284585348187294,1,1,1,1,1
2026-05-14,2026-05-13,Deshawar,HOT_RECENCY,79,08,7,76,92,NEUTRAL,1,1,1,0.07099106035127768,3,6,5,0.33917564152261986,2,5,4,0.2681845811713422,1.6247520110978595,1,1,1,1,1
2026-05-14,2026-05-13,Deshawar,HOT_RECENCY,79,93,8,76,92,NEUTRAL,1,1,1,0.07099106035127768,1,2,2,0.12425851673513243,0,1,1,0.053267456383854744,0.37943324042014653,1,1,1,1,1
2026-05-14,2026-05-13,Faridabad,HARUF_PYRAMID+DATE_TRIAD,99,08,6,05,24,NEUTRAL,1,3,3,0.1606831004805655,1,1,1,0.16042235039435146,0,-2,-2,-0.00026075008621403994,0.022220385796426045,0,0,0,0,2
2026-05-14,2026-05-13,Faridabad,HARUF_PYRAMID+DATE_TRIAD,99,02,7,05,24,NEUTRAL,1,3,3,0.1606831004805655,0,3,3,0.15442178127678058,-1,0,0,-0.006261319203784921,-0.03157474940627225,0,0,1,1,2
2026-05-14,2026-05-13,Faridabad,HARUF_PYRAMID+DATE_TRIAD,99,72,8,05,24,NEUTRAL,1,3,3,0.1606831004805655,1,1,1,0.08620187622293389,0,-2,-2,-0.07448122425763161,-0.41188312175680947,0,0,0,0,2
2026-05-14,2026-05-13,Ghaziabad,G_SQUARE_HARMONICS,80,81,6,27,43,NEUTRAL,5,7,6,0.409069368121879,0,1,1,0.06275803664408083,-5,-6,-5,-0.34631133147779813,-1.988553562996051,0,0,0,0,1
2026-05-14,2026-05-13,Ghaziabad,G_SQUARE_HARMONICS,80,84,7,27,43,NEUTRAL,5,7,6,0.409069368121879,0,1,1,0.05406446187353948,-5,-6,-5,-0.3550049062483395,-2.0318640237726777,0,0,0,0,1
2026-05-14,2026-05-13,Ghaziabad,G_SQUARE_HARMONICS,80,89,8,27,43,NEUTRAL,5,7,6,0.409069368121879,0,1,1,0.06503050539102452,-5,-6,-5,-0.3440388627308545,-1.9714393895050397,0,0,0,0,1
2026-05-14,2026-05-13,Gali,DATE_TRIAD,27,80,6,58,64,NEUTRAL,1,1,1,0.06824019414219762,0,1,1,0.05784585346000279,-1,0,0,-0.01039434068219483,-0.0670273118489112,1,1,0,0,1
2026-05-14,2026-05-13,Gali,DATE_TRIAD,27,00,7,58,64,NEUTRAL,1,1,1,0.06824019414219762,1,7,7,0.17574640791598678,0,6,6,0.10750621377378916,0.6915921574982518,1,1,1,1,1
2026-05-14,2026-05-13,Gali,DATE_TRIAD,27,22,8,58,64,NEUTRAL,1,1,1,0.06824019414219762,0,1,1,0.06020729527012879,-1,0,0,-0.00803289887206883,-0.046084582908312854,1,1,0,0,1
2026-05-15,2026-05-14,Deshawar,HOT_RECENCY,79,76,6,74,90,NEUTRAL,2,2,2,0.1329371549780791,3,4,4,0.5994553316621437,1,2,2,0.4665181766840646,2.5107786551852307,0,0,1,1,1
2026-05-15,2026-05-14,Deshawar,HOT_RECENCY,79,46,7,74,90,NEUTRAL,2,2,2,0.1329371549780791,1,4,4,0.17008512697105363,-1,2,2,0.03714797199297454,0.1081971404607982,0,0,1,1,1
2026-05-15,2026-05-14,Deshawar,HOT_RECENCY,79,93,8,74,90,NEUTRAL,2,2,2,0.1329371549780791,1,3,3,0.1505552067311056,-1,1,1,0.017618051753026498,0.05054070324588711,0,0,1,1,1
2026-05-15,2026-05-14,Faridabad,HARUF_PYRAMID+DATE_TRIAD,09,12,6,09,5,DAMAGE,2,3,3,0.3726265827336157,1,1,1,0.14492326219915402,-1,-2,-2,-0.22770332053446168,-1.2176261355496618,0,0,0,0,2
2026-05-15,2026-05-14,Faridabad,HARUF_PYRAMID+DATE_TRIAD,09,90,7,09,5,DAMAGE,2,3,3,0.3726265827336157,2,2,2,0.1405919866078486,0,-1,-1,-0.2320345961257671,-1.2598808737866174,0,0,1,1,2
2026-05-15,2026-05-14,Faridabad,HARUF_PYRAMID+DATE_TRIAD,09,06,8,09,5,DAMAGE,2,3,3,0.3726265827336157,0,3,3,0.12927921591714206,-2,0,0,-0.24334736681647365,-1.301120367035577,0,0,1,1,2
2026-05-15,2026-05-14,Ghaziabad,G_SQUARE_HARMONICS,33,37,6,17,34,NEUTRAL,3,3,3,0.3473251550738935,1,2,2,0.11096755777161571,-2,-1,-1,-0.2363575973022778,-1.416565093752593,0,0,1,1,1
2026-05-15,2026-05-14,Ghaziabad,G_SQUARE_HARMONICS,33,72,7,17,34,NEUTRAL,3,3,3,0.3473251550738935,3,6,5,0.3766895608524467,0,3,2,0.029364405778553204,-0.005801241957114289,0,0,1,1,1
2026-05-15,2026-05-14,Ghaziabad,G_SQUARE_HARMONICS,33,73,8,17,34,NEUTRAL,3,3,3,0.3473251550738935,0,1,1,0.0738953455391902,-3,-2,-2,-0.2734298095347033,-1.6109444134315338,0,0,0,0,1
2026-05-15,2026-05-14,Gali,DATE_TRIAD,90,08,6,35,40,NEUTRAL,1,1,1,0.05668112646096535,0,1,1,0.10097453490345626,-1,0,0,0.04429340844249091,0.28437988644574996,1,1,0,0,1
2026-05-15,2026-05-14,Gali,DATE_TRIAD,90,21,7,35,40,NEUTRAL,1,1,1,0.05668112646096535,0,1,1,0.08719799801441996,-1,0,0,0.030516871553454616,0.19550075243482867,1,1,0,0,1
2026-05-15,2026-05-14,Gali,DATE_TRIAD,90,19,8,35,40,NEUTRAL,1,1,1,0.05668112646096535,0,1,1,0.08230632938164023,-1,0,0,0.025625202920674883,0.16352395554081878,1,1,0,0,1
2026-05-16,2026-05-15,Deshawar,HOT_RECENCY,79,74,6,73,90,NEUTRAL,2,3,3,0.18138703227612588,3,5,5,0.5118608117864343,1,2,2,0.33047377951030843,1.8642236662384382,0,0,1,1,1
2026-05-16,2026-05-15,Deshawar,HOT_RECENCY,79,76,7,73,90,NEUTRAL,2,3,3,0.18138703227612588,1,4,4,0.15469359785603853,-1,1,1,-0.026693434420087342,-0.14793029871189045,0,0,1,1,1
2026-05-16,2026-05-15,Deshawar,HOT_RECENCY,79,93,8,73,90,NEUTRAL,2,3,3,0.18138703227612588,0,1,1,0.053074194679189994,-2,-2,-2,-0.12831283759693587,-0.7361090512330546,0,0,0,0,1
2026-05-16,2026-05-15,Faridabad,HARUF_PYRAMID+DATE_TRIAD,20,83,6,80,11,NEUTRAL,1,1,1,0.1268779429682031,1,1,1,0.08917694849335525,0,0,0,-0.03770099447484784,-0.21746671982167193,1,1,0,0,2
2026-05-16,2026-05-15,Faridabad,HARUF_PYRAMID+DATE_TRIAD,20,78,7,80,11,NEUTRAL,1,1,1,0.1268779429682031,1,1,1,0.10507287468470952,0,0,0,-0.021805068283493573,-0.1441587010779014,1,1,0,0,2
2026-05-16,2026-05-15,Faridabad,HARUF_PYRAMID+DATE_TRIAD,20,77,8,80,11,NEUTRAL,1,1,1,0.1268779429682031,0,4,4,0.12034752609086405,-1,3,3,-0.006530416877339046,-0.011740854424060032,1,1,1,1,2
2026-05-16,2026-05-15,Ghaziabad,G_SQUARE_HARMONICS,02,08,6,06,29,NEUTRAL,3,5,5,0.19134069283048757,3,5,5,0.28675445274393113,0,0,0,0.09541375991344356,0.493789995759498,0,0,1,1,1
2026-05-16,2026-05-15,Ghaziabad,G_SQUARE_HARMONICS,02,12,7,06,29,NEUTRAL,3,5,5,0.19134069283048757,1,2,2,0.14796622792764932,-2,-3,-3,-0.04337446490283825,-0.25296043458488504,0,0,1,1,1
2026-05-16,2026-05-15,Ghaziabad,G_SQUARE_HARMONICS,02,18,8,06,29,NEUTRAL,3,5,5,0.19134069283048757,1,2,2,0.1611214048741958,-2,-3,-3,-0.03021928795629178,-0.17876784939560109,0,0,1,1,1
2026-05-16,2026-05-15,Gali,DATE_TRIAD,02,38,6,72,77,NEUTRAL,2,4,3,0.2751527274427218,4,7,7,0.4618482588163526,2,3,4,0.18669553137363082,1.1753113026819921,0,0,1,1,1
2026-05-16,2026-05-15,Gali,DATE_TRIAD,02,16,7,72,77,NEUTRAL,2,4,3,0.2751527274427218,0,1,1,0.0787789928867107,-2,-3,-2,-0.1963737345560111,-1.2783943085632066,0,0,0,0,1
2026-05-16,2026-05-15,Gali,DATE_TRIAD,02,77,8,72,77,NEUTRAL,2,4,3,0.2751527274427218,1,3,3,0.22659240319213744,-1,-1,0,-0.04856032425058435,-0.39832542758839495,0,0,1,1,1
2026-05-17,2026-05-16,Deshawar,HOT_RECENCY,73,79,6,76,8,NEUTRAL,4,4,4,0.48965495191522446,0,2,2,0.0697579597252259,-4,-2,-2,-0.41989699218999854,-2.3761440788888835,0,0,1,1,1
2026-05-17,2026-05-16,Deshawar,HOT_RECENCY,73,74,7,76,8,NEUTRAL,4,4,4,0.48965495191522446,1,3,3,0.13729694647094348,-3,-1,-1,-0.352358005444281,-1.989388613908738,0,0,1,1,1
2026-05-17,2026-05-16,Deshawar,HOT_RECENCY,73,76,8,76,8,RESCUE,4,4,4,0.48965495191522446,1,2,2,0.10438608661160688,-3,-2,-2,-0.3852688653036176,-2.1755677437870684,0,0,1,1,1
2026-05-17,2026-05-16,Faridabad,HARUF_PYRAMID+DATE_TRIAD,31,32,6,69,80,NEUTRAL,1,1,1,0.15889272210068975,1,2,2,0.1464233565869416,0,1,1,-0.012469365513748137,-0.03906670989747163,1,1,1,1,2
2026-05-17,2026-05-16,Faridabad,HARUF_PYRAMID+DATE_TRIAD,31,12,7,69,80,NEUTRAL,1,1,1,0.15889272210068975,1,1,1,0.11615203719870443,0,0,0,-0.04274068490198532,-0.257940094890722,1,1,0,0,2
2026-05-17,2026-05-16,Faridabad,HARUF_PYRAMID+DATE_TRIAD,31,01,8,69,80,NEUTRAL,1,1,1,0.15889272210068975,0,6,6,0.22130469973578637,-1,5,5,0.06241197763509662,0.38099579198335354,1,1,1,1,2
2026-05-17,2026-05-16,Ghaziabad,G_SQUARE_HARMONICS,63,68,6,54,70,NEUTRAL,1,2,2,0.09522731838990837,1,3,3,0.19535310286386928,0,1,1,0.10012578447396091,0.5848399322281584,0,0,1,1,1
2026-05-17,2026-05-16,Ghaziabad,G_SQUARE_HARMONICS,63,69,7,54,70,NEUTRAL,1,2,2,0.09522731838990837,0,2,2,0.07353284849272183,-1,0,0,-0.02169446989718654,-0.10873812423341778,0,0,1,1,1
2026-05-17,2026-05-16,Ghaziabad,G_SQUARE_HARMONICS,63,86,8,54,70,NEUTRAL,1,2,2,0.09522731838990837,2,3,3,0.2931064331723556,1,1,1,0.19787911478244719,1.1376078182261455,0,0,1,1,1
2026-05-17,2026-05-16,Gali,DATE_TRIAD,13,68,6,85,87,NEUTRAL,1,3,3,0.12172206986040504,0,1,1,0.05379335008008329,-1,-2,-2,-0.06792871978032175,-0.4198295034058955,0,0,0,0,1
2026-05-17,2026-05-16,Gali,DATE_TRIAD,13,23,7,85,87,NEUTRAL,1,3,3,0.12172206986040504,1,2,2,0.15003550368459237,0,-1,-1,0.02831343382418733,0.13767644526747846,0,0,1,1,1
2026-05-17,2026-05-16,Gali,DATE_TRIAD,13,67,8,85,87,NEUTRAL,1,3,3,0.12172206986040504,0,1,1,0.05435211770202735,-1,-2,-2,-0.06736995215837768,-0.414594405402509,0,0,0,0,1
2026-05-18,2026-05-17,Deshawar,HOT_RECENCY,44,73,6,88,26,NEUTRAL,1,1,1,0.08437514223733564,4,6,5,0.3218402615362689,3,5,4,0.23746511929893324,1.4563090600919548,1,1,1,1,1
2026-05-18,2026-05-17,Deshawar,HOT_RECENCY,44,79,7,88,26,NEUTRAL,1,1,1,0.08437514223733564,1,3,3,0.2059108807266637,0,2,2,0.12153573848932805,0.9770721529153279,1,1,1,1,1
2026-05-18,2026-05-17,Deshawar,HOT_RECENCY,44,74,8,88,26,NEUTRAL,1,1,1,0.08437514223733564,2,3,3,0.24200968144125073,1,2,2,0.1576345392039151,1.053592390796338,1,1,1,1,1
2026-05-18,2026-05-17,Faridabad,HARUF_PYRAMID+DATE_TRIAD,00,60,6,13,46,NEUTRAL,2,5,4,0.2585613648621194,1,3,3,0.14744117433813697,-1,-2,-1,-0.11112019052398242,-0.7317472636395277,0,0,1,1,2
2026-05-18,2026-05-17,Faridabad,HARUF_PYRAMID+DATE_TRIAD,00,10,7,13,46,NEUTRAL,2,5,4,0.2585613648621194,0,2,2,0.13918357595258077,-2,-3,-2,-0.11937778890953862,-0.7383566056840329,0,0,1,1,2
2026-05-18,2026-05-17,Faridabad,HARUF_PYRAMID+DATE_TRIAD,00,42,8,13,46,NEUTRAL,2,5,4,0.2585613648621194,1,1,1,0.10048758137550654,-1,-4,-3,-0.15807378348661286,-0.9809174475488718,0,0,0,0,2
2026-05-18,2026-05-17,Ghaziabad,G_SQUARE_HARMONICS,55,59,6,81,86,NEUTRAL,1,2,1,0.08899000554238296,1,2,2,0.1700908567110288,0,0,1,0.08110085116864585,0.46662113309223036,0,1,1,1,1
2026-05-18,2026-05-17,Ghaziabad,G_SQUARE_HARMONICS,55,94,7,81,86,NEUTRAL,1,2,1,0.08899000554238296,1,2,2,0.13743914476785854,0,0,1,0.048449139225475585,0.2893356784309991,0,1,1,1,1
2026-05-18,2026-05-17,Ghaziabad,G_SQUARE_HARMONICS,55,95,8,81,86,NEUTRAL,1,2,1,0.08899000554238296,0,1,1,0.06181823870777854,-1,-1,0,-0.027171766834604413,-0.14017651188626562,0,1,0,0,1
2026-05-18,2026-05-17,Gali,DATE_TRIAD,12,24,6,46,52,NEUTRAL,2,3,3,0.14664339366187923,0,1,1,0.07431730513067698,-2,-2,-2,-0.07232608853120225,-0.45581481127654416,0,0,0,0,1
2026-05-18,2026-05-17,Gali,DATE_TRIAD,12,98,7,46,52,NEUTRAL,2,3,3,0.14664339366187923,1,2,2,0.19494074522582133,-1,-1,-1,0.048297351563942104,0.36247133425098066,0,0,1,1,1
2026-05-18,2026-05-17,Gali,DATE_TRIAD,12,10,8,46,52,NEUTRAL,2,3,3,0.14664339366187923,0,2,2,0.10000060698463367,-2,-1,-1,-0.04664278667724556,-0.29178496201085546,0,0,1,1,1
2026-05-19,2026-05-18,Deshawar,HOT_RECENCY,44,62,6,39,45,NEUTRAL,3,3,3,0.2863042915805949,0,1,1,0.07028302154912319,-3,-2,-2,-0.2160212700314717,-1.4012159743348893,0,0,0,0,1
2026-05-19,2026-05-18,Deshawar,HOT_RECENCY,44,79,7,39,45,NEUTRAL,3,3,3,0.2863042915805949,0,1,1,0.059089475971821216,-3,-2,-2,-0.22721481560877368,-1.4770893903347997,0,0,0,0,1
2026-05-19,2026-05-18,Deshawar,HOT_RECENCY,44,73,8,39,45,NEUTRAL,3,3,3,0.2863042915805949,1,2,2,0.11132609619339599,-2,-1,-1,-0.1749781953871989,-1.183314347378398,0,0,1,1,1
2026-05-19,2026-05-18,Faridabad,HARUF_PYRAMID+DATE_TRIAD,31,08,6,49,58,NEUTRAL,5,5,5,0.461488673034231,1,3,3,0.17978682896233583,-4,-2,-2,-0.2817018440718952,-1.7173363386491922,0,0,1,1,2
2026-05-19,2026-05-18,Faridabad,HARUF_PYRAMID+DATE_TRIAD,31,53,7,49,58,NEUTRAL,5,5,5,0.461488673034231,1,1,1,0.1032240328343035,-4,-4,-4,-0.35826464019992754,-2.1458656835085437,0,0,0,0,2
2026-05-19,2026-05-18,Faridabad,HARUF_PYRAMID+DATE_TRIAD,31,92,8,49,58,NEUTRAL,5,5,5,0.461488673034231,1,1,1,0.07601636496814605,-4,-4,-4,-0.38547230806608496,-2.3029461395596362,0,0,0,0,2
2026-05-19,2026-05-18,Ghaziabad,G_SQUARE_HARMONICS,15,19,6,83,91,NEUTRAL,3,3,3,0.2357535426641711,0,1,1,0.0988699619796444,-3,-2,-2,-0.1368835806845267,-0.738112189943802,0,0,0,0,1
2026-05-19,2026-05-18,Ghaziabad,G_SQUARE_HARMONICS,15,51,7,83,91,NEUTRAL,3,3,3,0.2357535426641711,1,2,2,0.12319988793035405,-2,-1,-1,-0.11255365473381704,-0.6187220174239888,0,0,1,1,1
2026-05-19,2026-05-18,Ghaziabad,G_SQUARE_HARMONICS,15,91,8,83,91,NEUTRAL,3,3,3,0.2357535426641711,1,2,2,0.11701123433294937,-2,-1,-1,-0.11874230833122172,-0.6252615800631902,0,0,1,1,1
2026-05-19,2026-05-18,Gali,G_SQUARE_HARMONICS,05,06,6,86,48,NEUTRAL,1,1,1,0.10113950804291647,1,3,2,0.15433464969822433,0,2,1,0.053195141655307865,0.3397776541580132,1,1,1,1,1
2026-05-19,2026-05-18,Gali,G_SQUARE_HARMONICS,05,08,7,86,48,NEUTRAL,1,1,1,0.10113950804291647,0,2,1,0.11978429159756807,-1,1,0,0.0186447835546516,0.12450436674532761,1,1,1,0,1
2026-05-19,2026-05-18,Gali,G_SQUARE_HARMONICS,05,20,8,86,48,NEUTRAL,1,1,1,0.10113950804291647,1,2,2,0.092768376791526,0,1,1,-0.008371131251390468,-0.04689590819084222,1,1,1,1,1
2026-05-20,2026-05-19,Deshawar,HOT_RECENCY,56,44,6,74,11,NEUTRAL,1,1,1,0.07001337056753497,4,6,6,0.42656135478617185,3,5,5,0.35654798421863687,2.3169877208177545,1,1,1,1,1
2026-05-20,2026-05-19,Deshawar,HOT_RECENCY,56,62,7,74,11,NEUTRAL,1,1,1,0.07001337056753497,0,2,2,0.09307107696357209,-1,1,1,0.023057706396037117,0.14821174102449475,1,1,1,1,1
2026-05-20,2026-05-19,Deshawar,HOT_RECENCY,56,79,8,74,11,NEUTRAL,1,1,1,0.07001337056753497,0,2,2,0.08435566555824471,-1,1,1,0.014342294990709742,0.10796637259725572,1,1,1,1,1
2026-05-20,2026-05-19,Faridabad,HARUF_PYRAMID+DATE_TRIAD,08,64,6,79,64,NEUTRAL,1,4,4,0.18500633017450271,2,3,3,0.14870222582315112,1,-1,-1,-0.03630410435135159,-0.1971692423179453,0,0,1,1,2
2026-05-20,2026-05-19,Faridabad,HARUF_PYRAMID+DATE_TRIAD,08,84,7,79,64,NEUTRAL,1,4,4,0.18500633017450271,1,1,1,0.10696018463236483,0,-3,-3,-0.07804614554213789,-0.5047444625772608,0,0,0,0,2
2026-05-20,2026-05-19,Faridabad,HARUF_PYRAMID+DATE_TRIAD,08,44,8,79,64,NEUTRAL,1,4,4,0.18500633017450271,2,4,4,0.16654886075916825,1,0,0,-0.018457469415334465,-0.1097837218558142,0,0,1,1,2
2026-05-20,2026-05-19,Ghaziabad,G_SQUARE_HARMONICS,13,16,6,10,36,NEUTRAL,2,2,2,0.1628114041876851,1,3,3,0.14548487904932048,-1,1,1,-0.017326525138364635,-0.10176175875767479,0,0,1,1,1
2026-05-20,2026-05-19,Ghaziabad,G_SQUARE_HARMONICS,13,18,7,10,36,NEUTRAL,2,2,2,0.1628114041876851,3,5,5,0.5461476255193358,1,3,3,0.3833362213316507,2.1037747797839574,0,0,1,1,1
2026-05-20,2026-05-19,Ghaziabad,G_SQUARE_HARMONICS,13,31,8,10,36,NEUTRAL,2,2,2,0.1628114041876851,0,1,1,0.07356770839702975,-2,-1,-1,-0.08924369579065536,-0.49804541702741545,0,0,0,0,1
2026-05-20,2026-05-19,Gali,G_SQUARE_HARMONICS,46,60,6,19,44,NEUTRAL,5,6,6,0.3938157390519002,0,1,1,0.05166150134000508,-5,-5,-5,-0.3421542377118951,-2.231897193221279,0,0,0,0,1
2026-05-20,2026-05-19,Gali,G_SQUARE_HARMONICS,46,61,7,19,44,NEUTRAL,5,6,6,0.3938157390519002,0,2,2,0.06844510375482919,-5,-4,-4,-0.325370635297071,-2.123293719622614,0,0,1,1,1
2026-05-20,2026-05-19,Gali,G_SQUARE_HARMONICS,46,63,8,19,44,NEUTRAL,5,6,6,0.3938157390519002,0,1,1,0.05830906195523572,-5,-5,-5,-0.3355066770966645,-2.185816173809831,0,0,0,0,1
2026-05-21,2026-05-20,Deshawar,HOT_RECENCY,39,56,6,96,99,NEUTRAL,2,3,3,0.13089778335790642,1,3,3,0.12340840242250335,-1,0,0,-0.007489380935403064,-0.03975817209981336,0,0,1,1,1
2026-05-21,2026-05-20,Deshawar,HOT_RECENCY,39,44,7,96,99,NEUTRAL,2,3,3,0.13089778335790642,1,2,2,0.09710896961955721,-1,-1,-1,-0.0337888137383492,-0.1476530846856886,0,0,1,1,1
2026-05-21,2026-05-20,Deshawar,HOT_RECENCY,39,62,8,96,99,NEUTRAL,2,3,3,0.13089778335790642,0,1,1,0.055878463973278523,-2,-2,-2,-0.07501931938462789,-0.4178483928398384,0,0,0,0,1
2026-05-21,2026-05-20,Faridabad,HARUF_PYRAMID+DATE_TRIAD,64,75,6,53,83,NEUTRAL,1,2,2,0.13084874822298692,1,1,1,0.09132604497517496,0,-1,-1,-0.03952270324781196,-0.20325680867531049,0,0,0,0,2
2026-05-21,2026-05-20,Faridabad,HARUF_PYRAMID+DATE_TRIAD,64,44,7,53,83,NEUTRAL,1,2,2,0.13084874822298692,3,3,3,0.20828716282273418,2,1,1,0.07743841459974726,0.48616643567730966,0,0,1,1,2
2026-05-21,2026-05-20,Faridabad,HARUF_PYRAMID+DATE_TRIAD,64,89,8,53,83,NEUTRAL,1,2,2,0.13084874822298692,0,1,1,0.07697929238552426,-1,-1,-1,-0.053869455837462665,-0.2651903093573017,0,0,0,0,2
2026-05-21,2026-05-20,Ghaziabad,G_SQUARE_HARMONICS,18,19,6,17,35,NEUTRAL,3,4,4,0.3326677829559293,1,2,1,0.13545340638725606,-2,-2,-3,-0.19721437656867324,-1.1524814198897722,0,0,1,0,1
2026-05-21,2026-05-20,Ghaziabad,G_SQUARE_HARMONICS,18,31,7,17,35,NEUTRAL,3,4,4,0.3326677829559293,0,1,1,0.07621649564256394,-3,-3,-3,-0.25645128731336536,-1.4955996191975482,0,0,0,0,1
2026-05-21,2026-05-20,Ghaziabad,G_SQUARE_HARMONICS,18,81,8,17,35,NEUTRAL,3,4,4,0.3326677829559293,0,3,3,0.12863685518454226,-3,-1,-1,-0.20403092777138704,-1.2094297903405682,0,0,1,1,1
2026-05-21,2026-05-20,Gali,G_SQUARE_HARMONICS,01,02,6,60,71,NEUTRAL,1,5,5,0.162250443926413,0,5,4,0.145988840154085,-1,0,-1,-0.016261603772327993,-0.10017646421369741,0,0,1,1,1
2026-05-21,2026-05-20,Gali,G_SQUARE_HARMONICS,01,09,7,60,71,NEUTRAL,1,5,5,0.162250443926413,1,3,2,0.16144212117390952,0,-2,-3,-0.0008083227525034764,-0.0034144990519022755,0,0,1,1,1
2026-05-21,2026-05-20,Gali,G_SQUARE_HARMONICS,01,10,8,60,71,NEUTRAL,1,5,5,0.162250443926413,1,2,2,0.12001854760379944,0,-3,-3,-0.04223189632261355,-0.2674301803036595,0,0,1,1,1
2026-05-22,2026-05-21,Deshawar,HOT_RECENCY,96,39,6,71,34,NEUTRAL,4,4,4,0.45101294605011216,0,5,5,0.1427481549298306,-4,1,1,-0.3082647911202816,-1.7378841425475398,0,0,1,1,1
2026-05-22,2026-05-21,Deshawar,HOT_RECENCY,96,56,7,71,34,NEUTRAL,4,4,4,0.45101294605011216,2,3,3,0.17456229967132175,-2,-1,-1,-0.2764506463787904,-1.5823644588296764,0,0,1,1,1
2026-05-22,2026-05-21,Deshawar,HOT_RECENCY,96,44,8,71,34,NEUTRAL,4,4,4,0.45101294605011216,1,3,3,0.12157317502625598,-3,-1,-1,-0.3294397710238562,-1.8422947267126553,0,0,1,1,1
2026-05-22,2026-05-21,Faridabad,HARUF_PYRAMID+DATE_TRIAD,06,61,6,01,4,NEUTRAL,1,1,1,0.16293885895646573,1,1,1,0.1018772130267541,0,0,0,-0.06106164592971164,-0.32106890122519793,1,1,0,0,2
2026-05-22,2026-05-21,Faridabad,HARUF_PYRAMID+DATE_TRIAD,06,07,7,01,4,NEUTRAL,1,1,1,0.16293885895646573,1,1,1,0.13312631204222616,0,0,0,-0.029812546914239568,-0.15987888463801236,1,1,0,0,2
2026-05-22,2026-05-21,Faridabad,HARUF_PYRAMID+DATE_TRIAD,06,10,8,01,4,NEUTRAL,1,1,1,0.16293885895646573,1,2,2,0.12363977477437339,0,1,1,-0.03929908418209234,-0.1709972228818296,1,1,1,1,2
2026-05-22,2026-05-21,Ghaziabad,G_SQUARE_HARMONICS,02,08,6,00,17,NEUTRAL,1,4,4,0.16234691443191662,0,3,3,0.16434786846253807,-1,-1,-1,0.002000954030621449,0.009575228979253447,0,0,1,1,1
2026-05-22,2026-05-21,Ghaziabad,G_SQUARE_HARMONICS,02,12,7,00,17,NEUTRAL,1,4,4,0.16234691443191662,0,1,1,0.0938394425528079,-1,-3,-3,-0.06850747187910872,-0.39014063461288095,0,0,0,0,1
2026-05-22,2026-05-21,Ghaziabad,G_SQUARE_HARMONICS,02,18,8,00,17,NEUTRAL,1,4,4,0.16234691443191662,2,4,4,0.32137628430283277,1,0,0,0.15902936987091615,0.9741781357073709,0,0,1,1,1
2026-05-22,2026-05-21,Gali,G_SQUARE_HARMONICS,63,68,6,43,59,NEUTRAL,1,1,1,0.06572090075310483,0,3,3,0.11760093309799641,-1,2,2,0.05188003234489158,0.3274121170328691,1,1,1,1,1
2026-05-22,2026-05-21,Gali,G_SQUARE_HARMONICS,63,69,7,43,59,NEUTRAL,1,1,1,0.06572090075310483,0,1,1,0.05176057999019659,-1,0,0,-0.013960320762908235,-0.0817737275436421,1,1,0,0,1
2026-05-22,2026-05-21,Gali,G_SQUARE_HARMONICS,63,86,8,43,59,NEUTRAL,1,1,1,0.06572090075310483,2,5,5,0.1606973628492894,1,4,4,0.09497646209618457,0.6189575715305331,1,1,1,1,1
2026-05-23,2026-05-22,Deshawar,HOT_RECENCY,06,96,6,16,42,NEUTRAL,1,1,1,0.11963083585568565,2,4,4,0.15708937786787697,1,3,3,0.037458542012191315,0.2100062534464714,1,1,1,1,1
2026-05-23,2026-05-22,Deshawar,HOT_RECENCY,06,56,7,16,42,NEUTRAL,1,1,1,0.11963083585568565,1,2,2,0.12920911681563127,0,1,1,0.009578280959945618,0.1523627859173382,1,1,1,1,1
2026-05-23,2026-05-22,Deshawar,HOT_RECENCY,06,44,8,16,42,NEUTRAL,1,1,1,0.11963083585568565,1,3,3,0.12358977942380289,0,2,2,0.00395894356811724,0.04103478455429965,1,1,1,1,1
2026-05-23,2026-05-22,Faridabad,HARUF_PYRAMID+DATE_TRIAD,92,24,6,77,90,NEUTRAL,1,1,1,0.1073804556634392,2,2,2,0.1493613512441988,1,1,1,0.0419808955807596,0.32503793340725595,1,1,1,1,2
2026-05-23,2026-05-22,Faridabad,HARUF_PYRAMID+DATE_TRIAD,92,71,7,77,90,NEUTRAL,1,1,1,0.1073804556634392,1,1,1,0.10185597330595578,0,0,0,-0.005524482357483429,0.0027054360179735726,1,1,0,0,2
2026-05-23,2026-05-22,Faridabad,HARUF_PYRAMID+DATE_TRIAD,92,02,8,77,90,NEUTRAL,1,1,1,0.1073804556634392,0,4,4,0.14585188147515624,-1,3,3,0.03847142581171703,0.25877955358255633,1,1,1,1,2
2026-05-23,2026-05-22,Ghaziabad,G_SQUARE_HARMONICS,01,02,6,18,21,NEUTRAL,4,8,7,0.2914107996629227,1,5,4,0.19401776502349452,-3,-3,-3,-0.0973930346394282,-0.5376363858317221,0,0,1,1,1
2026-05-23,2026-05-22,Ghaziabad,G_SQUARE_HARMONICS,01,03,7,18,21,NEUTRAL,4,8,7,0.2914107996629227,1,4,3,0.16364353206361343,-3,-4,-4,-0.1277672675993093,-0.7128524743164788,0,0,1,1,1
2026-05-23,2026-05-22,Ghaziabad,G_SQUARE_HARMONICS,01,04,8,18,21,NEUTRAL,4,8,7,0.2914107996629227,1,6,5,0.22202991297198002,-3,-2,-2,-0.0693808866909427,-0.32925958965209645,0,0,1,1,1
2026-05-23,2026-05-22,Gali,HARUF_PYRAMID,30,35,6,23,18,NEUTRAL,1,2,2,0.08684773443827637,1,3,3,0.17448192176959534,0,1,1,0.08763418733131897,0.5263522469013227,0,0,1,1,1
2026-05-23,2026-05-22,Gali,HARUF_PYRAMID,30,38,7,23,18,NEUTRAL,1,2,2,0.08684773443827637,0,2,2,0.07859771625225226,-1,0,0,-0.00825001818602411,-0.03747512172406908,0,0,1,1,1
2026-05-23,2026-05-22,Gali,HARUF_PYRAMID,30,53,8,23,18,NEUTRAL,1,2,2,0.08684773443827637,1,2,2,0.12031521582587315,0,0,0,0.03346748138759678,0.19264022987729668,0,0,1,1,1
2026-05-24,2026-05-23,Deshawar,LOOKBACK_5,96,69,6,97,100,NEUTRAL,1,3,3,0.12212625599951589,1,3,3,0.11519439738583216,0,0,0,-0.006931858613683728,0.006650128818446621,0,0,1,1,1
2026-05-24,2026-05-23,Deshawar,LOOKBACK_5,96,74,7,97,100,NEUTRAL,1,3,3,0.12212625599951589,2,3,3,0.2938594044006254,1,0,0,0.17173314840110954,0.9225461592948131,0,0,1,1,1
2026-05-24,2026-05-23,Deshawar,LOOKBACK_5,96,83,8,97,100,NEUTRAL,1,3,3,0.12212625599951589,2,4,3,0.17960050951837073,1,1,0,0.05747425351885484,0.43382927370985425,0,0,1,1,1
2026-05-24,2026-05-23,Faridabad,HARUF_PYRAMID+DATE_TRIAD,07,81,6,21,56,NEUTRAL,1,3,3,0.21121377053547763,1,1,1,0.08826108345009369,0,-2,-2,-0.12295268708538394,-0.695690228794238,0,0,0,0,2
2026-05-24,2026-05-23,Faridabad,HARUF_PYRAMID+DATE_TRIAD,07,83,7,21,56,NEUTRAL,1,3,3,0.21121377053547763,1,1,1,0.10163521143756904,0,-2,-2,-0.10957855909790859,-0.6541313813342378,0,0,0,0,2
2026-05-24,2026-05-23,Faridabad,HARUF_PYRAMID+DATE_TRIAD,07,18,8,21,56,NEUTRAL,1,3,3,0.21121377053547763,1,1,1,0.1041597164432714,0,-2,-2,-0.10705405409220622,-0.6014211331994568,0,0,0,0,2
2026-05-24,2026-05-23,Ghaziabad,G_SQUARE_HARMONICS,15,19,6,88,4,NEUTRAL,1,2,2,0.13168934355902234,1,2,2,0.18903596859111083,0,0,0,0.05734662503208848,0.32521792233678015,0,0,1,1,1
2026-05-24,2026-05-23,Ghaziabad,G_SQUARE_HARMONICS,15,51,7,88,4,NEUTRAL,1,2,2,0.13168934355902234,0,1,1,0.07054342880913045,-1,-1,-1,-0.061145914749891894,-0.33394506257149653,0,0,0,0,1
2026-05-24,2026-05-23,Ghaziabad,G_SQUARE_HARMONICS,15,91,8,88,4,NEUTRAL,1,2,2,0.13168934355902234,0,2,2,0.08562330601596098,-1,0,0,-0.046066037543061364,-0.2393224269140924,0,0,1,1,1
2026-05-24,2026-05-23,Gali,HARUF_PYRAMID,39,53,6,21,73,NEUTRAL,1,1,1,0.10045754468761428,1,4,3,0.14871289954865496,0,3,2,0.048255354861040684,0.31202977788282993,1,1,1,1,1
2026-05-24,2026-05-23,Gali,HARUF_PYRAMID,39,55,7,21,73,NEUTRAL,1,1,1,0.10045754468761428,1,2,2,0.1119866157778352,0,1,1,0.011529071090220916,0.08448343710662998,1,1,1,1,1
2026-05-24,2026-05-23,Gali,HARUF_PYRAMID,39,93,8,21,73,NEUTRAL,1,1,1,0.10045754468761428,0,1,1,0.049174277819431726,-1,0,0,-0.051283266868182555,-0.3220712022328164,1,1,0,0,1
2026-05-25,2026-05-24,Deshawar,LOOKBACK_5,71,17,6,73,87,NEUTRAL,2,3,3,0.16312502441228635,0,2,2,0.10413751353125603,-2,-1,-1,-0.058987510881030325,-0.36350385334102564,0,0,1,1,1
2026-05-25,2026-05-24,Deshawar,LOOKBACK_5,71,96,7,73,87,NEUTRAL,2,3,3,0.16312502441228635,1,3,3,0.11517693638383698,-1,0,0,-0.04794808802844937,-0.3303044838100073,0,0,1,1,1
2026-05-25,2026-05-24,Deshawar,LOOKBACK_5,71,69,8,73,87,NEUTRAL,2,3,3,0.16312502441228635,0,2,2,0.06794374693430505,-2,-1,-1,-0.0951812774779813,-0.5917736607056844,0,0,1,1,1
2026-05-25,2026-05-24,Faridabad,HARUF_PYRAMID+DATE_TRIAD,11,08,6,54,78,NEUTRAL,3,3,3,0.31395530252949766,3,3,3,0.3084928044467082,0,0,0,-0.00546249808278948,0.02870019704007487,0,0,1,1,2
2026-05-25,2026-05-24,Faridabad,HARUF_PYRAMID+DATE_TRIAD,11,90,7,54,78,NEUTRAL,3,3,3,0.31395530252949766,1,2,2,0.10385667996010087,-2,-1,-1,-0.2100986225693968,-1.2369129274450748,0,0,1,1,2
2026-05-25,2026-05-24,Faridabad,HARUF_PYRAMID+DATE_TRIAD,11,18,8,54,78,NEUTRAL,3,3,3,0.31395530252949766,0,1,1,0.10000691663006309,-3,-2,-2,-0.21394838589943457,-1.2693218967722275,0,0,0,0,2
2026-05-25,2026-05-24,Ghaziabad,G_SQUARE_HARMONICS,22,28,6,86,15,NEUTRAL,1,1,1,0.0914803543994939,0,1,1,0.09419692027856172,-1,0,0,0.0027165658790678227,0.01940503534711352,1,1,0,0,1
2026-05-25,2026-05-24,Ghaziabad,G_SQUARE_HARMONICS,22,81,7,86,15,NEUTRAL,1,1,1,0.0914803543994939,3,6,6,0.41458448036401657,2,5,5,0.32310412596452265,1.7727932794458725,1,1,1,1,1
2026-05-25,2026-05-24,Ghaziabad,G_SQUARE_HARMONICS,22,82,8,86,15,NEUTRAL,1,1,1,0.0914803543994939,0,2,2,0.08262884521184531,-1,1,1,-0.008851509187648585,-0.04637251533667891,1,1,1,1,1
2026-05-25,2026-05-24,Gali,G_SQUARE_HARMONICS,57,71,6,72,7,NEUTRAL,2,2,2,0.08845847301782626,0,1,1,0.062014638399499035,-2,-1,-1,-0.02644383461832723,-0.1635924943552246,0,0,0,0,1
2026-05-25,2026-05-24,Gali,G_SQUARE_HARMONICS,57,72,7,72,7,RESCUE,2,2,2,0.08845847301782626,0,1,1,0.06324808525400871,-2,-1,-1,-0.02521038776381755,-0.14650079822985762,0,0,0,0,1
2026-05-25,2026-05-24,Gali,G_SQUARE_HARMONICS,57,73,8,72,7,NEUTRAL,2,2,2,0.08845847301782626,0,1,1,0.05933054163557005,-2,-1,-1,-0.029127931382256216,-0.17886604118966426,0,0,0,0,1
2026-05-26,2026-05-25,Deshawar,LOOKBACK_5,16,61,6,09,56,NEUTRAL,1,3,3,0.12278549520638735,0,2,2,0.08400767456605937,-1,-1,-1,-0.038777820640327976,-0.2063006513426192,0,0,1,1,1
2026-05-26,2026-05-25,Deshawar,LOOKBACK_5,16,71,7,09,56,NEUTRAL,1,3,3,0.12278549520638735,1,3,3,0.1468545095998608,0,0,0,0.024069014393473448,0.19629363504499386,0,0,1,1,1
2026-05-26,2026-05-25,Deshawar,LOOKBACK_5,16,26,8,09,56,NEUTRAL,1,3,3,0.12278549520638735,2,4,3,0.1609677523542099,1,1,0,0.03818225714782256,0.2892621084443062,0,0,1,1,1
2026-05-26,2026-05-25,Faridabad,HARUF_PYRAMID+DATE_TRIAD,09,20,6,13,7,NEUTRAL,3,3,3,0.3261699217278111,1,1,1,0.10714691345220996,-2,-2,-2,-0.21902300827560117,-1.275531772418277,0,0,0,0,2
2026-05-26,2026-05-25,Faridabad,HARUF_PYRAMID+DATE_TRIAD,09,13,7,13,7,RESCUE,3,3,3,0.3261699217278111,2,3,3,0.19048666514764684,-1,0,0,-0.13568325658016428,-0.7712037507028515,0,0,1,1,2
2026-05-26,2026-05-25,Faridabad,HARUF_PYRAMID+DATE_TRIAD,09,40,8,13,7,NEUTRAL,3,3,3,0.3261699217278111,1,1,1,0.10341942837046252,-2,-2,-2,-0.2227504933573486,-1.2995806108676742,0,0,0,0,2
2026-05-26,2026-05-25,Ghaziabad,G_SQUARE_HARMONICS,46,60,6,08,16,NEUTRAL,2,2,2,0.14659640920467373,1,3,3,0.13008930505405628,-1,1,1,-0.016507104150617458,-0.08234345438707125,0,0,1,1,1
2026-05-26,2026-05-25,Ghaziabad,G_SQUARE_HARMONICS,46,61,7,08,16,NEUTRAL,2,2,2,0.14659640920467373,0,1,1,0.06589498515437614,-2,-1,-1,-0.0807014240502976,-0.44142592057363195,0,0,0,0,1
2026-05-26,2026-05-25,Ghaziabad,G_SQUARE_HARMONICS,46,63,8,08,16,NEUTRAL,2,2,2,0.14659640920467373,0,1,1,0.07402269622350893,-2,-1,-1,-0.0725737129811648,-0.3911957202661633,0,0,0,0,1
2026-05-26,2026-05-25,Gali,G_SQUARE_HARMONICS,33,37,6,79,12,NEUTRAL,1,2,2,0.0971745393271795,0,1,1,0.07291169199260246,-1,-1,-1,-0.024262847334577037,-0.15188606780234215,0,0,0,0,1
2026-05-26,2026-05-25,Gali,G_SQUARE_HARMONICS,33,72,7,79,12,NEUTRAL,1,2,2,0.0971745393271795,4,6,5,0.5921660374103777,3,4,3,0.49499149808319814,3.3072403212687247,0,0,1,1,1
2026-05-26,2026-05-25,Gali,G_SQUARE_HARMONICS,33,73,8,79,12,NEUTRAL,1,2,2,0.0971745393271795,0,1,1,0.05149584048911448,-1,-1,-1,-0.04567869883806502,-0.28475188339653035,0,0,0,0,1
2026-05-27,2026-05-26,Deshawar,LOOKBACK_5,97,79,6,83,13,NEUTRAL,2,4,4,0.1392561121512917,2,5,5,0.2645400154616307,0,1,1,0.125283903310339,0.9094611499830885,0,0,1,1,1
2026-05-27,2026-05-26,Deshawar,LOOKBACK_5,97,16,7,83,13,NEUTRAL,2,4,4,0.1392561121512917,1,4,4,0.1906746199374385,-1,0,0,0.051418507786146816,0.3787829613578402,0,0,1,1,1
2026-05-27,2026-05-26,Deshawar,LOOKBACK_5,97,61,8,83,13,NEUTRAL,2,4,4,0.1392561121512917,0,3,3,0.09161519353251052,-2,-1,-1,-0.04764091861878117,-0.24545942615886318,0,0,1,1,1
2026-05-27,2026-05-26,Faridabad,HARUF_PYRAMID+DATE_TRIAD,13,31,6,45,45,NEUTRAL,5,7,7,0.8110873930684731,5,6,6,0.4466240283333498,0,-1,-1,-0.3644633647351233,-2.1085000122299475,0,0,1,1,2
2026-05-27,2026-05-26,Faridabad,HARUF_PYRAMID+DATE_TRIAD,13,10,7,45,45,NEUTRAL,5,7,7,0.8110873930684731,2,2,2,0.2006407099737509,-3,-5,-5,-0.6104466830947222,-3.6856008986978424,0,0,1,1,2
2026-05-27,2026-05-26,Faridabad,HARUF_PYRAMID+DATE_TRIAD,13,20,8,45,45,NEUTRAL,5,7,7,0.8110873930684731,1,2,2,0.13358307795090024,-4,-5,-5,-0.6775043151175728,-4.059802473904641,0,0,1,1,2
2026-05-27,2026-05-26,Ghaziabad,G_SQUARE_HARMONICS,80,81,6,45,58,NEUTRAL,7,9,8,0.5282820646513139,1,4,4,0.18368280950771998,-6,-5,-4,-0.3445992551435939,-1.8942451080496348,0,0,1,1,1
2026-05-27,2026-05-26,Ghaziabad,G_SQUARE_HARMONICS,80,84,7,45,58,NEUTRAL,7,9,8,0.5282820646513139,0,1,1,0.06299478407794307,-7,-8,-7,-0.4652872805733708,-2.559340281520596,0,0,0,0,1
2026-05-27,2026-05-26,Ghaziabad,G_SQUARE_HARMONICS,80,89,8,45,58,NEUTRAL,7,9,8,0.5282820646513139,0,2,2,0.07476298004150743,-7,-7,-6,-0.45351908460980644,-2.490081853396116,0,0,1,1,1
2026-05-27,2026-05-26,Gali,G_SQUARE_HARMONICS,07,09,6,17,48,NEUTRAL,1,1,1,0.09978371425759236,1,2,2,0.16730339003697578,0,1,1,0.06751967577938342,0.43850862320489425,1,1,1,1,1
2026-05-27,2026-05-26,Gali,G_SQUARE_HARMONICS,07,20,7,17,48,NEUTRAL,1,1,1,0.09978371425759236,2,4,4,0.16625393009607864,1,3,3,0.06647021583848628,0.4111760004143685,1,1,1,1,1
2026-05-27,2026-05-26,Gali,G_SQUARE_HARMONICS,07,40,8,17,48,NEUTRAL,1,1,1,0.09978371425759236,0,1,1,0.06280094083233831,-1,0,0,-0.03698277342525405,-0.2243599483724248,1,1,0,0,1
2026-05-28,2026-05-27,Deshawar,LOOKBACK_5,73,16,6,64,34,NEUTRAL,3,3,3,0.3081775615317145,1,4,4,0.1532297262074239,-2,1,1,-0.1549478353242906,-0.8139746920146492,0,0,1,1,1
2026-05-28,2026-05-27,Deshawar,LOOKBACK_5,73,37,7,64,34,NEUTRAL,3,3,3,0.3081775615317145,0,3,3,0.09571753144647213,-3,0,0,-0.21246003008524236,-1.146372791935193,0,0,1,1,1
2026-05-28,2026-05-27,Deshawar,LOOKBACK_5,73,97,8,64,34,NEUTRAL,3,3,3,0.3081775615317145,0,4,4,0.1117990072690919,-3,1,1,-0.1963785542626226,-1.0783210416835989,0,0,1,1,1
2026-05-28,2026-05-27,Faridabad,DATE_TRIAD,03,24,6,25,34,NEUTRAL,2,4,3,0.2741693540884564,0,1,1,0.08745573173389973,-2,-3,-2,-0.18671362235455666,-1.2998192392370644,0,0,0,0,1
2026-05-28,2026-05-27,Faridabad,DATE_TRIAD,03,91,7,25,34,NEUTRAL,2,4,3,0.2741693540884564,1,3,3,0.1392700812719549,-1,-1,0,-0.1348992728165015,-0.9811426059581541,0,0,1,1,1
2026-05-28,2026-05-27,Faridabad,DATE_TRIAD,03,57,8,25,34,NEUTRAL,2,4,3,0.2741693540884564,0,1,1,0.07137026974210266,-2,-3,-2,-0.20279908434635374,-1.3913351932996705,0,0,0,0,1
2026-05-28,2026-05-27,Ghaziabad,G_SQUARE_HARMONICS,55,59,6,41,58,NEUTRAL,1,2,1,0.08911061191194233,1,2,1,0.12221251659553863,0,0,0,0.03310190468359629,0.19054073002783567,0,1,1,0,1
2026-05-28,2026-05-27,Ghaziabad,G_SQUARE_HARMONICS,55,94,7,41,58,NEUTRAL,1,2,1,0.08911061191194233,0,1,1,0.06591933266122481,-1,-1,0,-0.023191279250717525,-0.12145157950049379,0,1,0,0,1
2026-05-28,2026-05-27,Ghaziabad,G_SQUARE_HARMONICS,55,95,8,41,58,NEUTRAL,1,2,1,0.08911061191194233,2,3,2,0.15112867884997042,1,1,1,0.06201806693802808,0.3501682159367381,0,1,1,1,1
2026-05-28,2026-05-27,Gali,G_SQUARE_HARMONICS,02,08,6,81,15,NEUTRAL,1,3,3,0.11871124148523889,0,2,2,0.12575029913519997,-1,-1,-1,0.007039057649961086,0.054036328643369935,0,0,1,1,1
2026-05-28,2026-05-27,Gali,G_SQUARE_HARMONICS,02,12,7,81,15,NEUTRAL,1,3,3,0.11871124148523889,0,3,3,0.12386066690871374,-1,0,0,0.0051494254234748515,0.03789716669713983,0,0,1,1,1
2026-05-28,2026-05-27,Gali,G_SQUARE_HARMONICS,02,18,8,81,15,NEUTRAL,1,3,3,0.11871124148523889,1,2,2,0.12612089241844432,0,-1,-1,0.007409650933205433,0.04722407818390262,0,0,1,1,1
2026-05-29,2026-05-28,Deshawar,LOOKBACK_5,38,09,6,53,73,NEUTRAL,3,3,3,0.17902372946954884,0,2,2,0.1301974368203308,-3,-1,-1,-0.048826292649218034,-0.37899407401140206,0,0,1,1,1
2026-05-29,2026-05-28,Deshawar,LOOKBACK_5,38,73,7,53,73,NEUTRAL,3,3,3,0.17902372946954884,2,3,3,0.2801920284100993,-1,0,0,0.10116829894055049,0.43146142533415865,0,0,1,1,1
2026-05-29,2026-05-28,Deshawar,LOOKBACK_5,38,37,8,53,73,NEUTRAL,3,3,3,0.17902372946954884,1,2,2,0.20805026292687523,-2,-1,-1,0.029026533457326392,0.2302661820117009,0,0,1,1,1
2026-05-29,2026-05-28,Faridabad,DATE_TRIAD,04,35,6,76,78,NEUTRAL,1,2,2,0.15715615186056386,1,3,3,0.12308938540409191,0,1,1,-0.034066766456471956,-0.12411245184610276,0,0,1,1,1
2026-05-29,2026-05-28,Faridabad,DATE_TRIAD,04,46,7,76,78,NEUTRAL,1,2,2,0.15715615186056386,1,3,3,0.1272830713732815,0,1,1,-0.029873080487282377,-0.20246459978677522,0,0,1,1,1
2026-05-29,2026-05-28,Faridabad,DATE_TRIAD,04,55,8,76,78,NEUTRAL,1,2,2,0.15715615186056386,0,3,3,0.08872477429790328,-1,1,1,-0.06843137756266059,-0.354278146700687,0,0,1,1,1
2026-05-29,2026-05-28,Ghaziabad,G_SQUARE_HARMONICS,51,53,6,65,78,NEUTRAL,2,2,2,0.1340813693405215,1,2,2,0.13572573005446625,-1,0,0,0.001644360713944748,0.035090506494887985,0,0,1,1,1
2026-05-29,2026-05-28,Ghaziabad,G_SQUARE_HARMONICS,51,54,7,65,78,NEUTRAL,2,2,2,0.1340813693405215,2,5,5,0.37579200165112325,0,3,3,0.24171063231060175,1.3430731657122212,0,0,1,1,1
2026-05-29,2026-05-28,Ghaziabad,G_SQUARE_HARMONICS,51,57,8,65,78,NEUTRAL,2,2,2,0.1340813693405215,0,1,1,0.06303084673365832,-2,-1,-1,-0.07105052260686319,-0.38117179824738856,0,0,0,0,1
2026-05-29,2026-05-28,Gali,G_SQUARE_HARMONICS,15,19,6,06,23,NEUTRAL,1,1,1,0.10055337790231414,2,4,4,0.1813988498189633,1,3,3,0.08084547191664915,0.5387939354489875,1,1,1,1,1
2026-05-29,2026-05-28,Gali,G_SQUARE_HARMONICS,15,51,7,06,23,NEUTRAL,1,1,1,0.10055337790231414,0,1,1,0.060398597471685224,-1,0,0,-0.040154780430628915,-0.2501179845923706,1,1,0,0,1
2026-05-29,2026-05-28,Gali,G_SQUARE_HARMONICS,15,91,8,06,23,NEUTRAL,1,1,1,0.10055337790231414,1,3,3,0.12674097841269918,0,2,2,0.026187600510385045,0.161045366086917,1,1,1,1,1
2026-05-30,2026-05-29,Deshawar,LOOKBACK_5,83,38,6,71,21,NEUTRAL,2,5,5,0.19263006594315318,1,4,3,0.12797717919868812,-1,-1,-2,-0.06465288674446507,-0.33973068155549013,0,0,1,1,1
2026-05-30,2026-05-29,Deshawar,LOOKBACK_5,83,90,7,71,21,NEUTRAL,2,5,5,0.19263006594315318,0,2,2,0.06808716352848221,-2,-3,-3,-0.12454290241467098,-0.7354563057942382,0,0,1,1,1
2026-05-30,2026-05-29,Deshawar,LOOKBACK_5,83,09,8,71,21,NEUTRAL,2,5,5,0.19263006594315318,0,3,3,0.1371013484497316,-2,-2,-2,-0.05552871749342159,-0.31149365499959425,0,0,1,1,1
2026-05-30,2026-05-29,Faridabad,DATE_TRIAD,05,46,6,43,52,NEUTRAL,2,3,3,0.18530233099906152,1,2,2,0.11243876861013971,-1,-1,-1,-0.0728635623889218,-0.2799007887250965,0,0,1,1,1
2026-05-30,2026-05-29,Faridabad,DATE_TRIAD,05,52,7,43,52,NEUTRAL,2,3,3,0.18530233099906152,0,2,2,0.1103614015920315,-2,-1,-1,-0.07494092940703001,-0.3388467181977034,0,0,1,1,1
2026-05-30,2026-05-29,Faridabad,DATE_TRIAD,05,35,8,43,52,NEUTRAL,2,3,3,0.18530233099906152,0,3,3,0.0969066699732102,-2,0,0,-0.08839566102585132,-0.4287625276718803,0,0,1,1,1
2026-05-30,2026-05-29,Ghaziabad,G_SQUARE_HARMONICS,14,15,6,76,77,NEUTRAL,2,4,4,0.17801638315619442,2,4,3,0.2065185818009824,0,0,-1,0.02850219864478798,0.17554700017498148,0,0,1,1,1
2026-05-30,2026-05-29,Ghaziabad,G_SQUARE_HARMONICS,14,16,7,76,77,NEUTRAL,2,4,4,0.17801638315619442,0,1,1,0.11361594627973096,-2,-3,-3,-0.06440043687646346,-0.34180453705942315,0,0,0,0,1
2026-05-30,2026-05-29,Ghaziabad,G_SQUARE_HARMONICS,14,34,8,76,77,NEUTRAL,2,4,4,0.17801638315619442,0,3,3,0.11075477575209848,-2,-1,-1,-0.06726160740409594,-0.3594127432684008,0,0,1,1,1
2026-05-30,2026-05-29,Gali,G_SQUARE_HARMONICS,63,68,6,78,89,NEUTRAL,1,1,1,0.07190584185664382,0,1,1,0.0514978524147124,-1,0,0,-0.020407989441931423,-0.125347050594231,1,1,0,0,1
2026-05-30,2026-05-29,Gali,G_SQUARE_HARMONICS,63,69,7,78,89,NEUTRAL,1,1,1,0.07190584185664382,0,1,1,0.050166550354424654,-1,0,0,-0.02173929150221917,-0.13062520304829867,1,1,0,0,1
2026-05-30,2026-05-29,Gali,G_SQUARE_HARMONICS,63,86,8,78,89,NEUTRAL,1,1,1,0.07190584185664382,0,1,1,0.04880342972228015,-1,0,0,-0.023102412134363676,-0.1322504638521444,1,1,0,0,1
2026-06-01,2026-05-30,Faridabad,DATE_TRIAD,54,68,6,03,14,NEUTRAL,2,6,6,0.21420044585541387,0,1,1,0.06892765156725694,-2,-5,-5,-0.14527279428815693,-0.9211112478235342,0,0,0,0,1
2026-06-01,2026-05-30,Faridabad,DATE_TRIAD,54,94,7,03,14,NEUTRAL,2,6,6,0.21420044585541387,0,1,1,0.07088970265079203,-2,-5,-5,-0.14331074320462184,-0.8984197330861686,0,0,0,0,1
2026-06-01,2026-05-30,Faridabad,DATE_TRIAD,54,13,8,03,14,NEUTRAL,2,6,6,0.21420044585541387,2,3,3,0.3521785797108134,0,-3,-3,0.13797813385539953,0.7569183888570643,0,0,1,1,1
2026-06-01,2026-05-30,Ghaziabad,G_SQUARE_HARMONICS,23,27,6,52,20,NEUTRAL,1,4,3,0.16039807898223213,0,1,1,0.09378078311122318,-1,-3,-2,-0.06661729587100895,-0.3597490015071658,0,0,0,0,1
2026-06-01,2026-05-30,Ghaziabad,G_SQUARE_HARMONICS,23,32,7,52,20,NEUTRAL,1,4,3,0.16039807898223213,0,1,1,0.07933128974299103,-1,-3,-2,-0.0810667892392411,-0.43830515921109753,0,0,0,0,1
2026-06-01,2026-05-30,Ghaziabad,G_SQUARE_HARMONICS,23,35,8,52,20,NEUTRAL,1,4,3,0.16039807898223213,1,2,2,0.25531919161825445,0,-2,-1,0.09492111263602232,0.5191959655298657,0,0,1,1,1
2026-06-01,2026-05-30,Gali,G_SQUARE_HARMONICS,18,19,6,53,76,NEUTRAL,4,6,6,0.2777628074235985,0,5,4,0.14703285201351077,-4,-1,-2,-0.13072995541008772,-0.7783927784167509,0,0,1,1,1
2026-06-01,2026-05-30,Gali,G_SQUARE_HARMONICS,18,21,7,53,76,NEUTRAL,4,6,6,0.2777628074235985,1,5,4,0.2836486971723576,-3,-1,-2,0.005885889748759088,0.14267574400266625,0,0,1,1,1
2026-06-01,2026-05-30,Gali,G_SQUARE_HARMONICS,18,51,8,53,76,NEUTRAL,4,6,6,0.2777628074235985,0,1,1,0.07175219975844163,-4,-5,-5,-0.20601060766515686,-1.2755700941941872,0,0,0,0,1
2026-06-02,2026-06-01,Deshawar,LOOKBACK_5,46,64,6,11,48,NEUTRAL,2,4,4,0.1614567426337008,1,4,4,0.1301845679318094,-1,0,0,-0.03127217470189139,-0.25859706338691346,0,0,1,1,1
2026-06-02,2026-06-01,Deshawar,LOOKBACK_5,46,83,7,11,48,NEUTRAL,2,4,4,0.1614567426337008,0,2,2,0.0783321324551001,-2,-2,-2,-0.0831246101786007,-0.5870348030434973,0,0,1,1,1
2026-06-02,2026-06-01,Deshawar,LOOKBACK_5,46,28,8,11,48,NEUTRAL,2,4,4,0.1614567426337008,2,3,3,0.17682436139270025,0,-1,-1,0.015367618758999446,0.08981849418862686,0,0,1,1,1
2026-06-02,2026-06-01,Faridabad,DATE_TRIAD,79,84,6,51,11,NEUTRAL,1,1,1,0.07911761828667843,1,2,2,0.1045625062570653,0,1,1,0.025444887970386867,0.2050013959299058,1,1,1,1,1
2026-06-02,2026-06-01,Faridabad,DATE_TRIAD,79,95,7,51,11,NEUTRAL,1,1,1,0.07911761828667843,0,1,1,0.057163257770914966,-1,0,0,-0.021954360515763466,-0.12071018717661819,1,1,0,0,1
2026-06-02,2026-06-01,Faridabad,DATE_TRIAD,79,02,8,51,11,NEUTRAL,1,1,1,0.07911761828667843,0,6,5,0.19184399561416268,-1,5,4,0.11272637732748425,0.6487390471130572,1,1,1,1,1
2026-06-02,2026-06-01,Ghaziabad,G_SQUARE_HARMONICS,57,71,6,29,45,NEUTRAL,2,2,2,0.14227330824739037,1,2,2,0.12412138171944576,-1,0,0,-0.018151926527944617,-0.10370952355126883,0,0,1,1,1
2026-06-02,2026-06-01,Ghaziabad,G_SQUARE_HARMONICS,57,72,7,29,45,NEUTRAL,2,2,2,0.14227330824739037,1,2,2,0.12740457824254864,-1,0,0,-0.014868730004841735,-0.0734590364596035,0,0,1,1,1
2026-06-02,2026-06-01,Ghaziabad,G_SQUARE_HARMONICS,57,74,8,29,45,NEUTRAL,2,2,2,0.14227330824739037,0,1,1,0.05878059764182761,-2,-1,-1,-0.08349271060556276,-0.45710126020817615,0,0,0,0,1
2026-06-02,2026-06-01,Gali,G_SQUARE_HARMONICS,34,38,6,50,66,NEUTRAL,1,1,1,0.08175383923186363,1,4,3,0.18076998623204582,0,3,2,0.09901614700018219,0.6614760420368938,1,1,1,1,1
2026-06-02,2026-06-01,Gali,G_SQUARE_HARMONICS,34,43,7,50,66,NEUTRAL,1,1,1,0.08175383923186363,1,2,2,0.0969285573485496,0,1,1,0.01517471811668597,0.11828408002236113,1,1,1,1,1
2026-06-02,2026-06-01,Gali,G_SQUARE_HARMONICS,34,45,8,50,66,NEUTRAL,1,1,1,0.08175383923186363,0,2,2,0.07657810445304579,-1,1,1,-0.005175734778817845,-0.020961313948407723,1,1,1,1,1
2026-06-03,2026-06-02,Deshawar,LOOKBACK_5,53,46,6,48,21,NEUTRAL,1,4,4,0.12328159021509344,1,2,2,0.12091098875102695,0,-2,-2,-0.0023706014640664935,0.042150816424458726,0,0,1,1,1
2026-06-03,2026-06-02,Deshawar,LOOKBACK_5,53,64,7,48,21,NEUTRAL,1,4,4,0.12328159021509344,0,2,2,0.0899146021702222,-1,-2,-2,-0.033366988044871246,-0.20186661973963238,0,0,1,1,1
2026-06-03,2026-06-02,Deshawar,LOOKBACK_5,53,88,8,48,21,NEUTRAL,1,4,4,0.12328159021509344,3,6,5,0.45016227935598296,2,2,1,0.3268806891408895,2.047355034225471,0,0,1,1,1
2026-06-03,2026-06-02,Faridabad,DATE_TRIAD,15,80,6,65,71,NEUTRAL,5,5,4,0.3320968041875813,0,1,1,0.06655704331612429,-5,-4,-3,-0.26553976087145703,-1.5771680342987833,0,0,0,0,1
2026-06-03,2026-06-02,Faridabad,DATE_TRIAD,15,96,7,65,71,NEUTRAL,5,5,4,0.3320968041875813,0,2,2,0.06989208353201853,-5,-3,-2,-0.2622047206555628,-1.5454616826880128,0,0,1,1,1
2026-06-03,2026-06-02,Faridabad,DATE_TRIAD,15,00,8,65,71,NEUTRAL,5,5,4,0.3320968041875813,0,5,5,0.160462484484968,-5,0,1,-0.1716343197026133,-1.0165811582806619,0,0,1,1,1
2026-06-03,2026-06-02,Ghaziabad,G_SQUARE_HARMONICS,59,79,6,85,92,NEUTRAL,1,1,1,0.06999081051558984,0,1,1,0.08632163100341525,-1,0,0,0.016330820487825415,0.0958178231714869,1,1,0,0,1
2026-06-03,2026-06-02,Ghaziabad,G_SQUARE_HARMONICS,59,90,7,85,92,NEUTRAL,1,1,1,0.06999081051558984,0,1,1,0.05579691794033044,-1,0,0,-0.014193892575259395,-0.07148079540176389,1,1,0,0,1
2026-06-03,2026-06-02,Ghaziabad,G_SQUARE_HARMONICS,59,91,8,85,92,NEUTRAL,1,1,1,0.06999081051558984,0,2,2,0.09851991894950081,-1,1,1,0.028529108433910974,0.18356357322546557,1,1,1,1,1
2026-06-03,2026-06-02,Gali,G_SQUARE_HARMONICS,54,59,6,02,18,NEUTRAL,1,1,1,0.07803022633815886,0,1,1,0.05528166504673378,-1,0,0,-0.02274856129142508,-0.1472989887027737,1,1,0,0,1
2026-06-03,2026-06-02,Gali,G_SQUARE_HARMONICS,54,95,7,02,18,NEUTRAL,1,1,1,0.07803022633815886,0,1,1,0.046187205132929565,-1,0,0,-0.03184302120522929,-0.20161575535915088,1,1,0,0,1
2026-06-03,2026-06-02,Gali,G_SQUARE_HARMONICS,54,00,8,02,18,NEUTRAL,1,1,1,0.07803022633815886,2,8,7,0.20540577686309777,1,7,6,0.12737555052493893,0.8183400121637154,1,1,1,1,1
2026-06-04,2026-06-03,Deshawar,ECHO_7,08,80,6,47,53,NEUTRAL,2,2,2,0.1806113472938023,0,2,2,0.079163264016253,-2,0,0,-0.1014480832775493,-0.6663010053152983,0,0,1,1,1
2026-06-04,2026-06-03,Deshawar,ECHO_7,08,60,7,47,53,NEUTRAL,2,2,2,0.1806113472938023,0,1,1,0.05427488640251768,-2,-1,-1,-0.1263364608912846,-0.8219783906569742,0,0,0,0,1
2026-06-04,2026-06-03,Deshawar,ECHO_7,08,91,8,47,53,NEUTRAL,2,2,2,0.1806113472938023,0,2,2,0.07649200934596383,-2,0,0,-0.10411933794783847,-0.6815110166980741,0,0,1,1,1
2026-06-04,2026-06-03,Faridabad,DATE_TRIAD,90,99,6,04,10,NEUTRAL,1,1,1,0.08214727845960484,0,2,2,0.08075422143869242,-1,1,1,-0.0013930570209124277,0.0019006552658772935,1,1,1,1,1
2026-06-04,2026-06-03,Faridabad,DATE_TRIAD,90,01,7,04,10,NEUTRAL,1,1,1,0.08214727845960484,3,7,7,0.24450676891714776,2,6,6,0.16235949045754292,0.960976844490993,1,1,1,1,1
2026-06-04,2026-06-03,Faridabad,DATE_TRIAD,90,02,8,04,10,NEUTRAL,1,1,1,0.08214727845960484,0,4,4,0.11547727302231904,-1,3,3,0.033329994562714196,0.1988634786495574,1,1,1,1,1
2026-06-04,2026-06-03,Ghaziabad,G_SQUARE_HARMONICS,35,38,6,78,91,NEUTRAL,4,5,4,0.241650703254098,0,1,1,0.10038820187027439,-4,-4,-3,-0.1412625013838236,-0.7859169666421617,0,0,0,0,1
2026-06-04,2026-06-03,Ghaziabad,G_SQUARE_HARMONICS,35,39,7,78,91,NEUTRAL,4,5,4,0.241650703254098,0,1,1,0.06382532207323939,-4,-4,-3,-0.1778253811808586,-0.9903051172610655,0,0,0,0,1
2026-06-04,2026-06-03,Ghaziabad,G_SQUARE_HARMONICS,35,43,8,78,91,NEUTRAL,4,5,4,0.241650703254098,0,2,2,0.09222754877324114,-4,-3,-2,-0.14942315448085686,-0.8294885505863143,0,0,1,1,1
2026-06-04,2026-06-03,Gali,G_SQUARE_HARMONICS,27,29,6,16,37,NEUTRAL,3,3,3,0.19669158188693772,0,1,1,0.07153294802914269,-3,-2,-2,-0.12515863385779502,-0.7787964521870976,0,0,0,0,1
2026-06-04,2026-06-03,Gali,G_SQUARE_HARMONICS,27,62,7,16,37,NEUTRAL,3,3,3,0.19669158188693772,0,1,1,0.05620964506300258,-3,-2,-2,-0.14048193682393514,-0.8672717979202726,0,0,0,0,1
2026-06-04,2026-06-03,Gali,G_SQUARE_HARMONICS,27,72,8,16,37,NEUTRAL,3,3,3,0.19669158188693772,1,4,4,0.24156702643684166,-2,1,1,0.04487544454990394,0.4890317394403758,0,0,1,1,1
2026-06-05,2026-06-04,Faridabad,HARUF_PYRAMID+DATE_TRIAD,20,57,6,72,90,NEUTRAL,1,1,1,0.12438091422929665,1,1,1,0.0805792105095258,0,0,0,-0.04380170371977085,-0.24049255510000273,1,1,0,0,2
2026-06-05,2026-06-04,Faridabad,HARUF_PYRAMID+DATE_TRIAD,20,14,7,72,90,NEUTRAL,1,1,1,0.12438091422929665,0,1,1,0.09112616163931204,-1,0,0,-0.0332547525899846,-0.17083796442513127,1,1,0,0,2
2026-06-05,2026-06-04,Faridabad,HARUF_PYRAMID+DATE_TRIAD,20,49,8,72,90,NEUTRAL,1,1,1,0.12438091422929665,1,2,2,0.12767482427634658,0,1,1,0.0032939100470499305,0.05228181413402855,1,1,1,1,2
2026-06-05,2026-06-04,Ghaziabad,G_SQUARE_HARMONICS,18,19,6,72,22,NEUTRAL,2,2,2,0.1635436512512287,2,4,3,0.20467732171353442,0,2,1,0.04113367046230573,0.29709359576353145,0,0,1,1,1
2026-06-05,2026-06-04,Ghaziabad,G_SQUARE_HARMONICS,18,21,7,72,22,NEUTRAL,2,2,2,0.1635436512512287,0,7,6,0.20101221366896352,-2,5,4,0.03746856241773483,0.21724048914191463,0,0,1,1,1
2026-06-05,2026-06-04,Ghaziabad,G_SQUARE_HARMONICS,18,51,8,72,22,NEUTRAL,2,2,2,0.1635436512512287,0,1,1,0.07885797920858341,-2,-1,-1,-0.08468567204264528,-0.46414629497677823,0,0,0,0,1
2026-06-05,2026-06-04,Gali,G_SQUARE_HARMONICS,79,89,6,16,14,NEUTRAL,1,2,2,0.0845539898290883,0,1,1,0.0575525944754733,-1,-1,-1,-0.027001395353614996,-0.1679075078495728,0,0,0,0,1
2026-06-05,2026-06-04,Gali,G_SQUARE_HARMONICS,79,91,7,16,14,NEUTRAL,1,2,2,0.0845539898290883,0,2,2,0.07746817097667676,-1,0,0,-0.007085818852411538,-0.045760950439271864,0,0,1,1,1
2026-06-05,2026-06-04,Gali,G_SQUARE_HARMONICS,79,93,8,16,14,NEUTRAL,1,2,2,0.0845539898290883,0,1,1,0.05271313895895446,-1,-1,-1,-0.03184085087013384,-0.19324487572884186,0,0,0,0,1
2026-06-06,2026-06-05,Deshawar,LOOKBACK_5,74,48,6,10,31,NEUTRAL,2,4,4,0.16425187797896643,0,2,2,0.10344000940558148,-2,-2,-2,-0.06081186857338494,-0.3675196607713166,0,0,1,1,1
2026-06-06,2026-06-05,Deshawar,LOOKBACK_5,74,84,7,10,31,NEUTRAL,2,4,4,0.16425187797896643,0,2,2,0.08088190626217688,-2,-2,-2,-0.08336997171678955,-0.48795548133729716,0,0,1,1,1
2026-06-06,2026-06-05,Deshawar,LOOKBACK_5,74,21,8,10,31,NEUTRAL,2,4,4,0.16425187797896643,0,6,5,0.1462176033470482,-2,2,1,-0.01803427463191823,-0.07195207456642205,0,0,1,1,1
2026-06-06,2026-06-05,Faridabad,HARUF_PYRAMID+DATE_TRIAD,49,31,6,32,73,NEUTRAL,1,2,2,0.13166825404162813,2,3,3,0.1679957804137048,1,1,1,0.036327526372076674,0.2586325141859036,0,0,1,1,2
2026-06-06,2026-06-05,Faridabad,HARUF_PYRAMID+DATE_TRIAD,49,60,7,32,73,NEUTRAL,1,2,2,0.13166825404162813,1,1,1,0.09096611741118782,0,-1,-1,-0.04070213663044031,-0.22853250390488855,0,0,0,0,2
2026-06-06,2026-06-05,Faridabad,HARUF_PYRAMID+DATE_TRIAD,49,64,8,32,73,NEUTRAL,1,2,2,0.13166825404162813,1,1,1,0.08562220914417806,0,-1,-1,-0.04604604489745007,-0.26992512814168934,0,0,0,0,2
2026-06-06,2026-06-05,Ghaziabad,G_SQUARE_HARMONICS,33,37,6,66,75,NEUTRAL,2,3,3,0.28725889819920414,0,1,1,0.09014591406212807,-2,-2,-2,-0.19711298413707606,-1.0975220942849568,0,0,0,0,1
2026-06-06,2026-06-05,Ghaziabad,G_SQUARE_HARMONICS,33,72,7,66,75,NEUTRAL,2,3,3,0.28725889819920414,4,6,5,0.445742873202823,2,3,2,0.15848397500361888,0.8897584960003417,0,0,1,1,1
2026-06-06,2026-06-05,Ghaziabad,G_SQUARE_HARMONICS,33,73,8,66,75,NEUTRAL,2,3,3,0.28725889819920414,0,1,1,0.05646539276872682,-2,-2,-2,-0.23079350543047733,-1.2815050577242957,0,0,0,0,1
2026-06-06,2026-06-05,Gali,G_SQUARE_HARMONICS,79,89,6,55,80,NEUTRAL,1,1,1,0.06717029578178275,0,1,1,0.07429817809887569,-1,0,0,0.007127882317092937,0.04037279464215876,1,1,0,0,1
2026-06-06,2026-06-05,Gali,G_SQUARE_HARMONICS,79,91,7,55,80,NEUTRAL,1,1,1,0.06717029578178275,0,1,1,0.0521098951405447,-1,0,0,-0.015060400641238057,-0.08950399900480838,1,1,0,0,1
2026-06-06,2026-06-05,Gali,G_SQUARE_HARMONICS,79,93,8,55,80,NEUTRAL,1,1,1,0.06717029578178275,0,2,2,0.07290469803897241,-1,1,1,0.005734402257189658,0.052099854373352184,1,1,1,1,1
2026-06-07,2026-06-06,Deshawar,MODEL_F,71,13,6,28,71,NEUTRAL,3,3,3,0.2885748630017716,2,3,3,0.19310912618889536,-1,0,0,-0.09546573681287623,-0.46052252526973114,0,0,1,1,1
2026-06-07,2026-06-06,Deshawar,MODEL_F,71,39,7,28,71,NEUTRAL,3,3,3,0.2885748630017716,1,2,2,0.14807442210374921,-2,-1,-1,-0.14050044089802238,-0.7301714432591799,0,0,1,1,1
2026-06-07,2026-06-06,Deshawar,MODEL_F,71,78,8,28,71,NEUTRAL,3,3,3,0.2885748630017716,1,3,3,0.12170842113501508,-2,0,0,-0.16686644186675653,-0.9592637478245093,0,0,1,1,1
2026-06-07,2026-06-06,Faridabad,HARUF_PYRAMID+DATE_TRIAD,68,42,6,88,2,NEUTRAL,1,1,1,0.10974955407440126,1,1,1,0.10228060736556578,0,0,0,-0.0074689467088354805,-0.03513385156472226,1,1,0,0,2
2026-06-07,2026-06-06,Faridabad,HARUF_PYRAMID+DATE_TRIAD,68,63,7,88,2,NEUTRAL,1,1,1,0.10974955407440126,1,1,1,0.09910306980040164,0,0,0,-0.010646484273999626,-0.036564522337524274,1,1,0,0,2
2026-06-07,2026-06-06,Faridabad,HARUF_PYRAMID+DATE_TRIAD,68,78,8,88,2,NEUTRAL,1,1,1,0.10974955407440126,1,1,1,0.10176145845116943,0,0,0,-0.007988095623231828,-0.026396435226299753,1,1,0,0,2
2026-06-07,2026-06-06,Ghaziabad,G_SQUARE_HARMONICS,44,46,6,32,13,NEUTRAL,1,1,1,0.0823422746180175,0,1,1,0.07923445789844377,-1,0,0,-0.0031078167195737333,-0.013689563647181435,1,1,0,0,1
2026-06-07,2026-06-06,Ghaziabad,G_SQUARE_HARMONICS,44,63,7,32,13,NEUTRAL,1,1,1,0.0823422746180175,1,2,2,0.10582516910354137,0,1,1,0.02348289448552386,0.17200777807029388,1,1,1,1,1
2026-06-07,2026-06-06,Ghaziabad,G_SQUARE_HARMONICS,44,64,8,32,13,NEUTRAL,1,1,1,0.0823422746180175,0,1,1,0.058015864829194005,-1,0,0,-0.0243264097888235,-0.1283945439165245,1,1,0,0,1
2026-06-07,2026-06-06,Gali,G_SQUARE_HARMONICS,50,44,6,78,79,NEUTRAL,3,6,5,0.21951137508724272,2,5,4,0.16863305895522837,-1,-1,-1,-0.05087831613201435,-0.3245268267357604,0,0,1,1,1
2026-06-07,2026-06-06,Gali,G_SQUARE_HARMONICS,50,45,7,78,79,NEUTRAL,3,6,5,0.21951137508724272,0,2,2,0.07473419654216382,-3,-4,-3,-0.1447771785450789,-0.914229674473443,0,0,1,1,1
2026-06-07,2026-06-06,Gali,G_SQUARE_HARMONICS,50,54,8,78,79,NEUTRAL,3,6,5,0.21951137508724272,0,1,1,0.06005024632372823,-3,-5,-4,-0.15946112876351448,-1.010070664709995,0,0,0,0,1
2026-06-08,2026-06-07,Deshawar,MODEL_F,00,66,6,62,68,NEUTRAL,3,7,5,0.4406958609820793,2,3,3,0.1606229701790815,-1,-4,-2,-0.2800728908029978,-1.8794200707016684,0,0,1,1,1
2026-06-08,2026-06-07,Deshawar,MODEL_F,00,47,7,62,68,NEUTRAL,3,7,5,0.4406958609820793,1,5,5,0.28007967847564197,-2,-2,0,-0.16061618250643733,-1.112993296543649,0,0,1,1,1
2026-06-08,2026-06-07,Deshawar,MODEL_F,00,82,8,62,68,NEUTRAL,3,7,5,0.4406958609820793,2,5,5,0.22308360695599863,-1,-2,0,-0.21761225402608067,-1.5319147402231432,0,0,1,1,1
2026-06-08,2026-06-07,Faridabad,HARUF_PYRAMID+DATE_TRIAD,33,66,6,39,18,NEUTRAL,3,4,4,0.30325564771140656,1,2,2,0.169760502510088,-2,-2,-2,-0.13349514520131855,-0.7930668640715265,0,0,1,1,2
2026-06-08,2026-06-07,Faridabad,HARUF_PYRAMID+DATE_TRIAD,33,28,7,39,18,NEUTRAL,3,4,4,0.30325564771140656,1,3,3,0.16256776737354584,-2,-1,-1,-0.14068788033786073,-0.798132309226948,0,0,1,1,2
2026-06-08,2026-06-07,Faridabad,HARUF_PYRAMID+DATE_TRIAD,33,58,8,39,18,NEUTRAL,3,4,4,0.30325564771140656,1,1,1,0.08023273167084856,-2,-3,-3,-0.22302291604055802,-1.2830556975485279,0,0,0,0,2
2026-06-08,2026-06-07,Ghaziabad,G_SQUARE_HARMONICS,16,17,6,70,85,NEUTRAL,1,2,2,0.11596071944327899,1,2,2,0.14607935278171474,0,0,0,0.030118633338435757,0.1796290398757192,0,0,1,1,1
2026-06-08,2026-06-07,Ghaziabad,G_SQUARE_HARMONICS,16,19,7,70,85,NEUTRAL,1,2,2,0.11596071944327899,1,3,2,0.1849050789340572,0,1,0,0.0689443594907782,0.39354146423826697,0,0,1,1,1
2026-06-08,2026-06-07,Ghaziabad,G_SQUARE_HARMONICS,16,21,8,70,85,NEUTRAL,1,2,2,0.11596071944327899,0,1,1,0.09768238316701634,-1,-1,-1,-0.018278336276262644,-0.0905450494717327,0,0,0,0,1
2026-06-08,2026-06-07,Gali,G_SQUARE_HARMONICS,18,19,6,66,85,NEUTRAL,2,3,3,0.13336363707998755,1,4,3,0.1649367401504848,-1,1,0,0.03157310307049724,0.22361614162697718,0,0,1,1,1
2026-06-08,2026-06-07,Gali,G_SQUARE_HARMONICS,18,21,7,66,85,NEUTRAL,2,3,3,0.13336363707998755,1,6,5,0.18746487599403877,-1,3,2,0.05410123891405122,0.3464673368235297,0,0,1,1,1
2026-06-08,2026-06-07,Gali,G_SQUARE_HARMONICS,18,51,8,66,85,NEUTRAL,2,3,3,0.13336363707998755,0,1,1,0.05625155693017696,-2,-2,-2,-0.0771120801498106,-0.48297959349162134,0,0,0,0,1
2026-06-09,2026-06-08,Deshawar,MODEL_F,64,28,6,26,10,NEUTRAL,2,3,3,0.13790056492884736,2,4,4,0.18004021481147062,0,1,1,0.042139649882623254,0.22833506040971874,0,0,1,1,1
2026-06-09,2026-06-08,Deshawar,MODEL_F,64,71,7,26,10,NEUTRAL,2,3,3,0.13790056492884736,2,4,4,0.18045981587985802,0,1,1,0.04255925095101065,0.2172688599203454,0,0,1,1,1
2026-06-09,2026-06-08,Deshawar,MODEL_F,64,48,8,26,10,NEUTRAL,2,3,3,0.13790056492884736,1,3,3,0.18321298900832805,-1,0,0,0.04531242407948069,0.26786906557432566,0,0,1,1,1
2026-06-09,2026-06-08,Faridabad,HARUF_PYRAMID+DATE_TRIAD,53,64,6,35,3,NEUTRAL,1,1,1,0.11032465586870091,1,2,2,0.11944261472963624,0,1,1,0.009117958860935332,0.08842567983735383,1,1,1,1,2
2026-06-09,2026-06-08,Faridabad,HARUF_PYRAMID+DATE_TRIAD,53,83,7,35,3,NEUTRAL,1,1,1,0.11032465586870091,0,1,1,0.07989958239500658,-1,0,0,-0.03042507347369433,-0.1343782912655493,1,1,0,0,2
2026-06-09,2026-06-08,Faridabad,HARUF_PYRAMID+DATE_TRIAD,53,37,8,35,3,NEUTRAL,1,1,1,0.11032465586870091,1,1,1,0.07815159832352905,0,0,0,-0.03217305754517186,-0.15556327038441997,1,1,0,0,2
2026-06-09,2026-06-08,Ghaziabad,G_SQUARE_HARMONICS,70,71,6,21,19,NEUTRAL,6,7,6,0.5780224177464319,0,1,1,0.05781167836473597,-6,-6,-5,-0.5202107393816959,-3.000846922077193,0,0,0,0,1
2026-06-09,2026-06-08,Ghaziabad,G_SQUARE_HARMONICS,70,72,7,21,19,NEUTRAL,6,7,6,0.5780224177464319,0,3,3,0.12872675310527165,-6,-4,-3,-0.4492956646411603,-2.5851738024817976,0,0,1,1,1
2026-06-09,2026-06-08,Ghaziabad,G_SQUARE_HARMONICS,70,79,8,21,19,NEUTRAL,6,7,6,0.5780224177464319,0,1,1,0.054753255943002795,-6,-6,-5,-0.5232691618034291,-3.012183888898741,0,0,0,0,1
2026-06-09,2026-06-08,Gali,G_SQUARE_HARMONICS,44,46,6,00,17,NEUTRAL,1,3,3,0.09902859348792994,2,3,3,0.1416908689842183,1,0,0,0.04266227549628834,0.27750900670757017,0,0,1,1,1
2026-06-09,2026-06-08,Gali,G_SQUARE_HARMONICS,44,63,7,00,17,NEUTRAL,1,3,3,0.09902859348792994,0,1,1,0.055876007714574495,-1,-2,-2,-0.04315258577335545,-0.26116364206144,0,0,0,0,1
2026-06-09,2026-06-08,Gali,G_SQUARE_HARMONICS,44,64,8,00,17,NEUTRAL,1,3,3,0.09902859348792994,1,3,3,0.13878225399629945,0,0,0,0.03975366050836951,0.24684907782017673,0,0,1,1,1
2026-06-10,2026-06-09,Deshawar,MODEL_F,71,10,6,65,77,NEUTRAL,4,5,5,0.24965629625985214,3,4,4,0.20589556459112707,-1,-1,-1,-0.04376073166872507,-0.2721395869786134,0,0,1,1,1
2026-06-10,2026-06-09,Deshawar,MODEL_F,71,17,7,65,77,NEUTRAL,4,5,5,0.24965629625985214,2,3,3,0.3135743610365845,-2,-2,-2,0.06391806477673234,0.484072860088659,0,0,1,1,1
2026-06-10,2026-06-09,Deshawar,MODEL_F,71,28,8,65,77,NEUTRAL,4,5,5,0.24965629625985214,3,6,6,0.241410372353566,-1,1,1,-0.008245923906286146,-0.04018532953769349,0,0,1,1,1
2026-06-10,2026-06-09,Faridabad,HARUF_PYRAMID+DATE_TRIAD,72,48,6,85,57,NEUTRAL,3,3,3,0.18719134778492985,2,2,2,0.23847513175264126,-1,-1,-1,0.05128378396771141,0.2837751801575574,0,0,1,1,2
2026-06-10,2026-06-09,Faridabad,HARUF_PYRAMID+DATE_TRIAD,72,27,7,85,57,NEUTRAL,3,3,3,0.18719134778492985,2,3,3,0.16627292079660308,-1,0,0,-0.02091842698832677,-0.07312035803542827,0,0,1,1,2
2026-06-10,2026-06-09,Faridabad,HARUF_PYRAMID+DATE_TRIAD,72,32,8,85,57,NEUTRAL,3,3,3,0.18719134778492985,2,4,4,0.18760522035255062,-1,1,1,0.0004138725676207655,-0.0009086124739048351,0,0,1,1,2
2026-06-10,2026-06-09,Ghaziabad,G_SQUARE_HARMONICS,57,71,6,33,24,NEUTRAL,1,2,2,0.10079552521247978,0,1,1,0.07086896858879702,-1,-1,-1,-0.029926556623682765,-0.18317256583128044,0,0,0,0,1
2026-06-10,2026-06-09,Ghaziabad,G_SQUARE_HARMONICS,57,72,7,33,24,NEUTRAL,1,2,2,0.10079552521247978,3,5,5,0.3419359285485556,2,3,3,0.2411404033360758,1.4761252111339198,0,0,1,1,1
2026-06-10,2026-06-09,Ghaziabad,G_SQUARE_HARMONICS,57,73,8,33,24,NEUTRAL,1,2,2,0.10079552521247978,0,1,1,0.06404404082659847,-1,-1,-1,-0.036751484385881314,-0.22006059506210796,0,0,0,0,1
2026-06-10,2026-06-09,Gali,G_SQUARE_HARMONICS,01,02,6,31,34,NEUTRAL,4,5,4,0.20511018984582036,2,8,6,0.3707960796441739,-2,3,2,0.16568588979835353,1.0786610097829863,0,0,1,1,1
2026-06-10,2026-06-09,Gali,G_SQUARE_HARMONICS,01,03,7,31,34,NEUTRAL,4,5,4,0.20511018984582036,1,5,4,0.15315246242540678,-3,0,0,-0.051957727420413574,-0.3208124304700465,0,0,1,1,1
2026-06-10,2026-06-09,Gali,G_SQUARE_HARMONICS,01,04,8,31,34,NEUTRAL,4,5,4,0.20511018984582036,0,5,3,0.14903965358264443,-4,0,-1,-0.05607053626317593,-0.33575826451000934,0,0,1,1,1
2026-06-11,2026-06-10,Deshawar,MODEL_F,56,55,6,31,86,NEUTRAL,5,5,5,0.3152426841413375,1,3,3,0.23353055166984785,-4,-2,-2,-0.08171213247148965,-0.41644387937888183,0,0,1,1,1
2026-06-11,2026-06-10,Deshawar,MODEL_F,56,10,7,31,86,NEUTRAL,5,5,5,0.3152426841413375,1,3,3,0.17353887339286972,-4,-2,-2,-0.14170381074846777,-0.883861499552886,0,0,1,1,1
2026-06-11,2026-06-10,Deshawar,MODEL_F,56,15,8,31,86,NEUTRAL,5,5,5,0.3152426841413375,3,5,4,0.20775174645224959,-2,0,-1,-0.1074909376890879,-0.6233069789629262,0,0,1,1,1
2026-06-11,2026-06-10,Faridabad,HARUF_PYRAMID+DATE_TRIAD,85,83,6,75,8,NEUTRAL,4,6,6,0.6851660498817487,2,3,3,0.17469534753200722,-2,-3,-3,-0.5104707023497415,-3.0485665705884832,0,0,1,1,2
2026-06-11,2026-06-10,Faridabad,HARUF_PYRAMID+DATE_TRIAD,85,86,7,75,8,NEUTRAL,4,6,6,0.6851660498817487,1,1,1,0.0914843421638476,-3,-5,-5,-0.5936817077179011,-3.488954873243532,0,0,0,0,2
2026-06-11,2026-06-10,Faridabad,HARUF_PYRAMID+DATE_TRIAD,85,75,8,75,8,RESCUE,4,6,6,0.6851660498817487,1,1,1,0.11483225370886238,-3,-5,-5,-0.5703337961728863,-3.3501970452274907,0,0,0,0,2
2026-06-11,2026-06-10,Ghaziabad,G_SQUARE_HARMONICS,63,22,6,00,10,NEUTRAL,2,2,2,0.13248997046506722,0,2,2,0.09828008762556474,-2,0,0,-0.03420988283950248,-0.19770610740288763,0,0,1,1,1
2026-06-11,2026-06-10,Ghaziabad,G_SQUARE_HARMONICS,63,23,7,00,10,NEUTRAL,2,2,2,0.13248997046506722,1,3,3,0.1492519413334661,-1,1,1,0.016761970868398868,0.09886265991175214,0,0,1,1,1
2026-06-11,2026-06-10,Ghaziabad,G_SQUARE_HARMONICS,63,32,8,00,10,NEUTRAL,2,2,2,0.13248997046506722,0,3,3,0.11754911161089993,-2,1,1,-0.014940858854167294,-0.0867300810945062,0,0,1,1,1
2026-06-11,2026-06-10,Gali,G_SQUARE,44,66,6,07,44,NEUTRAL,2,2,2,0.15732420675426748,5,7,6,0.6487416524040799,3,5,4,0.4914174456498124,3.118102336279514,0,0,1,1,1
2026-06-11,2026-06-10,Gali,G_SQUARE,44,28,7,07,44,NEUTRAL,2,2,2,0.15732420675426748,0,1,1,0.07470342531552289,-2,-1,-1,-0.08262078143874459,-0.5153104156454378,0,0,0,0,1
2026-06-11,2026-06-10,Gali,G_SQUARE,44,68,8,07,44,NEUTRAL,2,2,2,0.15732420675426748,0,6,5,0.15002902391931805,-2,4,3,-0.007295182834949426,-0.04431897142901664,0,0,1,1,1
2026-06-12,2026-06-11,Deshawar,MODEL_F,11,26,6,52,89,NEUTRAL,3,4,4,0.22592614945316936,2,5,5,0.2233350472270558,-1,1,1,-0.0025911022261135563,-0.13317159704006243,0,0,1,1,1
2026-06-12,2026-06-11,Deshawar,MODEL_F,11,78,7,52,89,NEUTRAL,3,4,4,0.22592614945316936,3,5,5,0.34739156544368144,0,1,1,0.12146541599051208,0.663207050785362,0,0,1,1,1
2026-06-12,2026-06-11,Deshawar,MODEL_F,11,28,8,52,89,NEUTRAL,3,4,4,0.22592614945316936,0,4,4,0.11489298507532811,-3,0,0,-0.11103316437784125,-0.7595701071346848,0,0,1,1,1
2026-06-12,2026-06-11,Faridabad,HARUF_PYRAMID+DATE_TRIAD,15,78,6,79,10,NEUTRAL,2,3,3,0.30078867614127025,1,1,1,0.10711832899108752,-1,-2,-2,-0.19367034715018272,-1.2582588726990445,0,0,0,0,2
2026-06-12,2026-06-11,Faridabad,HARUF_PYRAMID+DATE_TRIAD,15,51,7,79,10,NEUTRAL,2,3,3,0.30078867614127025,1,1,1,0.10346225849538211,-1,-2,-2,-0.19732641764588815,-1.2637423326866475,0,0,0,0,2
2026-06-12,2026-06-11,Faridabad,HARUF_PYRAMID+DATE_TRIAD,15,35,8,79,10,NEUTRAL,2,3,3,0.30078867614127025,5,6,6,0.27713883292334723,3,3,3,-0.023649843217923017,-0.12120251511665603,0,0,1,1,2
2026-06-12,2026-06-11,Ghaziabad,G_SQUARE_HARMONICS,01,02,6,20,23,NEUTRAL,4,5,4,0.2241186438000901,1,5,4,0.20997594027932803,-3,0,0,-0.014142703520762079,-0.07547131756618297,0,0,1,1,1
2026-06-12,2026-06-11,Ghaziabad,G_SQUARE_HARMONICS,01,03,7,20,23,NEUTRAL,4,5,4,0.2241186438000901,1,4,3,0.17939709992803374,-3,-1,-1,-0.044721543872056374,-0.24620547543269367,0,0,1,1,1
2026-06-12,2026-06-11,Ghaziabad,G_SQUARE_HARMONICS,01,04,8,20,23,NEUTRAL,4,5,4,0.2241186438000901,0,4,3,0.14268407779496856,-4,-1,-1,-0.08143456600512156,-0.45252184275534724,0,0,1,1,1
2026-06-12,2026-06-11,Gali,G_SQUARE,70,00,6,59,65,NEUTRAL,5,6,4,0.4105276809784899,6,10,8,0.6690651336465966,1,4,4,0.2585374526681067,1.813576388653459,0,0,1,1,1
2026-06-12,2026-06-11,Gali,G_SQUARE,70,22,7,59,65,NEUTRAL,5,6,4,0.4105276809784899,0,1,1,0.07530768069222801,-5,-5,-3,-0.33522000028626187,-2.085032352658854,0,0,0,0,1
2026-06-12,2026-06-11,Gali,G_SQUARE,70,33,8,59,65,NEUTRAL,5,6,4,0.4105276809784899,0,1,1,0.08735723725226646,-5,-5,-3,-0.32317044372622344,-1.9993439034388483,0,0,0,0,1
2026-06-13,2026-06-12,Deshawar,MODEL_F,77,07,6,71,19,NEUTRAL,3,3,2,0.3544003932767444,1,2,2,0.17380946463758368,-2,-1,0,-0.1805909286391607,-1.2347348646556071,0,0,1,1,1
2026-06-13,2026-06-12,Deshawar,MODEL_F,77,08,7,71,19,NEUTRAL,3,3,2,0.3544003932767444,1,2,2,0.16297379542703583,-2,-1,0,-0.19142659784970856,-1.316471349887289,0,0,1,1,1
2026-06-13,2026-06-12,Deshawar,MODEL_F,77,31,8,71,19,NEUTRAL,3,3,2,0.3544003932767444,2,3,3,0.14458424978115095,-1,0,1,-0.20981614349559344,-1.5180600777770146,0,0,1,1,1
2026-06-13,2026-06-12,Faridabad,HARUF_PYRAMID+DATE_TRIAD,00,78,6,58,11,NEUTRAL,2,6,6,0.3565007782099779,1,1,1,0.11967700081904656,-1,-5,-5,-0.23682377739093133,-1.3762137158510885,0,0,0,0,2
2026-06-13,2026-06-12,Faridabad,HARUF_PYRAMID+DATE_TRIAD,00,81,7,58,11,NEUTRAL,2,6,6,0.3565007782099779,1,1,1,0.0844104685808612,-1,-5,-5,-0.2720903096291167,-1.5666478655468263,0,0,0,0,2
2026-06-13,2026-06-12,Faridabad,HARUF_PYRAMID+DATE_TRIAD,00,18,8,58,11,NEUTRAL,2,6,6,0.3565007782099779,1,1,1,0.09696463238139584,-1,-5,-5,-0.25953614582858203,-1.4791280438295744,0,0,0,0,2
2026-06-13,2026-06-12,Ghaziabad,G_SQUARE_HARMONICS,27,29,6,91,96,NEUTRAL,1,4,3,0.14773843910097922,0,1,1,0.08994210793979407,-1,-3,-2,-0.057796331161185155,-0.3267205897026594,0,0,0,0,1
2026-06-13,2026-06-12,Ghaziabad,G_SQUARE_HARMONICS,27,62,7,91,96,NEUTRAL,1,4,3,0.14773843910097922,0,1,1,0.055697584939210544,-1,-3,-2,-0.09204085416176869,-0.5201592981565155,0,0,0,0,1
2026-06-13,2026-06-12,Ghaziabad,G_SQUARE_HARMONICS,27,72,8,91,96,NEUTRAL,1,4,3,0.14773843910097922,0,2,2,0.10104823166615319,-1,-2,-1,-0.046690207434826034,-0.26202143247284304,0,0,1,1,1
2026-06-13,2026-06-12,Gali,G_SQUARE,64,00,6,10,31,NEUTRAL,1,1,1,0.07557093054792574,3,10,9,0.3011576390409665,2,9,8,0.22558670849304074,1.4530260881043948,1,1,1,1,1
2026-06-13,2026-06-12,Gali,G_SQUARE,64,55,7,10,31,NEUTRAL,1,1,1,0.07557093054792574,1,5,5,0.281240278590758,0,4,4,0.20566934804283227,1.2966185417059917,1,1,1,1,1
2026-06-13,2026-06-12,Gali,G_SQUARE,64,66,8,10,31,NEUTRAL,1,1,1,0.07557093054792574,0,4,4,0.10429352576748789,-1,3,3,0.02872259521956215,0.1966337353096521,1,1,1,1,1
2026-06-14,2026-06-13,Deshawar,MODEL_F,11,31,6,40,84,NEUTRAL,3,3,3,0.24491146288549775,2,3,3,0.14261523444004653,-1,0,0,-0.10229622844545122,-0.7530470116807391,0,0,1,1,1
2026-06-14,2026-06-13,Deshawar,MODEL_F,11,17,7,40,84,NEUTRAL,3,3,3,0.24491146288549775,4,6,5,0.36796454176324517,1,3,2,0.12305307887774741,0.6412343572019912,0,0,1,1,1
2026-06-14,2026-06-13,Deshawar,MODEL_F,11,03,8,40,84,NEUTRAL,3,3,3,0.24491146288549775,1,4,4,0.17719844354527275,-2,1,1,-0.067713019340225,-0.4596712025230074,0,0,1,1,1
2026-06-14,2026-06-13,Faridabad,HARUF_PYRAMID+DATE_TRIAD,18,53,6,23,36,NEUTRAL,1,1,1,0.13006747240500385,2,4,4,0.2040190097601443,1,3,3,0.07395153735514046,0.4178504226675266,1,1,1,1,2
2026-06-14,2026-06-13,Faridabad,HARUF_PYRAMID+DATE_TRIAD,18,15,7,23,36,NEUTRAL,1,1,1,0.13006747240500385,0,2,2,0.12241840110377136,-1,1,1,-0.007649071301232491,-0.028611239607041927,1,1,1,1,2
2026-06-14,2026-06-13,Faridabad,HARUF_PYRAMID+DATE_TRIAD,18,05,8,23,36,NEUTRAL,1,1,1,0.13006747240500385,0,1,1,0.13339753829245285,-1,0,0,0.0033300658874489963,0.033682098511477965,1,1,0,0,2
2026-06-14,2026-06-13,Ghaziabad,G_SQUARE_HARMONICS,01,02,6,52,63,NEUTRAL,2,6,5,0.20454013313590302,1,6,6,0.2368707061208038,-1,0,1,0.032330572984900774,0.208278449101448,0,0,1,1,1
2026-06-14,2026-06-13,Ghaziabad,G_SQUARE_HARMONICS,01,09,7,52,63,NEUTRAL,2,6,5,0.20454013313590302,1,3,3,0.20477287987110565,-1,-3,-2,0.0002327467352026269,0.036370323656107706,0,0,1,1,1
2026-06-14,2026-06-13,Ghaziabad,G_SQUARE_HARMONICS,01,10,8,52,63,NEUTRAL,2,6,5,0.20454013313590302,0,2,1,0.11554266666110945,-2,-4,-4,-0.08899746647479358,-0.4988570394466516,0,0,1,0,1
2026-07-01,2026-06-14,Faridabad,HARUF_PYRAMID+DATE_TRIAD,91,97,6,97,6,RESCUE,1,1,1,0.11555229115410304,1,4,4,0.1409551592920756,0,3,3,0.025402868137972573,0.20424873733432136,1,1,1,1,2
2026-07-01,2026-06-14,Faridabad,HARUF_PYRAMID+DATE_TRIAD,91,62,7,97,6,NEUTRAL,1,1,1,0.11555229115410304,1,1,1,0.10277220033490526,0,0,0,-0.012780090819197773,-0.049938990126489946,1,1,0,0,2
2026-07-01,2026-06-14,Faridabad,HARUF_PYRAMID+DATE_TRIAD,91,11,8,97,6,NEUTRAL,1,1,1,0.11555229115410304,4,7,6,0.5031959385308511,3,6,5,0.38764364737674806,2.3932873331073514,1,1,1,1,2
2026-07-01,2026-06-14,Ghaziabad,G_SQUARE_HARMONICS,57,71,6,69,75,NEUTRAL,2,2,2,0.160272754003275,0,2,2,0.08787930917752108,-2,0,0,-0.07239344482575392,-0.41605722287192654,0,0,1,1,1
2026-07-01,2026-06-14,Ghaziabad,G_SQUARE_HARMONICS,57,72,7,69,75,NEUTRAL,2,2,2,0.160272754003275,1,3,3,0.14713941582300863,-1,1,1,-0.01313333818026638,-0.07044732839515466,0,0,1,1,1
2026-07-01,2026-06-14,Ghaziabad,G_SQUARE_HARMONICS,57,74,8,69,75,NEUTRAL,2,2,2,0.160272754003275,0,1,1,0.06135963810176895,-2,-1,-1,-0.09891311590150606,-0.55834802552628,0,0,0,0,1
2026-07-01,2026-06-14,Gali,G_SQUARE,91,00,6,78,84,NEUTRAL,1,2,1,0.07607500554442714,2,9,8,0.24318989622970477,1,7,7,0.16711489068527763,1.0671031140669758,0,1,1,1,1
2026-07-01,2026-06-14,Gali,G_SQUARE,91,55,7,78,84,NEUTRAL,1,2,1,0.07607500554442714,0,2,2,0.09437386155555849,-1,0,1,0.018298856011131348,0.1293597641923973,0,1,1,1,1
2026-07-01,2026-06-14,Gali,G_SQUARE,91,66,8,78,84,NEUTRAL,1,2,1,0.07607500554442714,0,2,2,0.06885050251987593,-1,0,1,-0.007224503024551215,-0.030348395333523792,0,1,1,1,1
2026-07-02,2026-07-01,Deshawar,MODEL_F,44,28,6,24,85,NEUTRAL,4,5,4,0.4342394113205355,1,4,4,0.18474906074662542,-3,-1,0,-0.24949035057391009,-1.7338558369569912,0,0,1,1,1
2026-07-02,2026-07-01,Deshawar,MODEL_F,44,88,7,24,85,NEUTRAL,4,5,4,0.4342394113205355,1,2,2,0.20171287002181396,-3,-3,-2,-0.23252654129872155,-1.5756046406201907,0,0,1,1,1
2026-07-02,2026-07-01,Deshawar,MODEL_F,44,99,8,24,85,NEUTRAL,4,5,4,0.4342394113205355,2,4,4,0.1805213837071556,-2,-1,0,-0.2537180276133799,-1.698614436371189,0,0,1,1,1
2026-07-02,2026-07-01,Faridabad,HARUF_PYRAMID+DATE_TRIAD,08,10,6,69,85,NEUTRAL,1,1,1,0.1536952042320766,1,1,1,0.14111781385258623,0,0,0,-0.012577390379490377,-0.10033874189097836,1,1,0,0,2
2026-07-02,2026-07-01,Faridabad,HARUF_PYRAMID+DATE_TRIAD,08,99,7,69,85,NEUTRAL,1,1,1,0.1536952042320766,1,3,3,0.1744258458239991,0,2,2,0.020730641591922477,0.10419018567734406,1,1,1,1,2
2026-07-02,2026-07-01,Faridabad,HARUF_PYRAMID+DATE_TRIAD,08,18,8,69,85,NEUTRAL,1,1,1,0.1536952042320766,1,1,1,0.09361277834387823,0,0,0,-0.060082425888198385,-0.33949360199875467,1,1,0,0,2
2026-07-02,2026-07-01,Ghaziabad,G_SQUARE_HARMONICS,36,37,6,11,42,NEUTRAL,1,1,1,0.0789601578973025,0,1,1,0.10753444837878322,-1,0,0,0.02857429048148072,0.16915132267695226,1,1,0,0,1
2026-07-02,2026-07-01,Ghaziabad,G_SQUARE_HARMONICS,36,39,7,11,42,NEUTRAL,1,1,1,0.0789601578973025,0,2,2,0.09725072200707433,-1,1,1,0.018290564109771826,0.11153620676902559,1,1,1,1,1
2026-07-02,2026-07-01,Ghaziabad,G_SQUARE_HARMONICS,36,53,8,11,42,NEUTRAL,1,1,1,0.0789601578973025,0,1,1,0.06208666128522053,-1,0,0,-0.01687349661208197,-0.08591400911191699,1,1,0,0,1
2026-07-02,2026-07-01,Gali,G_SQUARE,77,88,6,33,3,NEUTRAL,2,3,3,0.1142079706775119,0,2,2,0.07760301082634638,-2,-1,-1,-0.03660495985116552,-0.22683001714491202,0,0,1,1,1
2026-07-02,2026-07-01,Gali,G_SQUARE,77,99,7,33,3,NEUTRAL,2,3,3,0.1142079706775119,1,3,3,0.14354285914406126,-1,0,0,0.029334888466549358,0.16001891945849012,0,0,1,1,1
2026-07-02,2026-07-01,Gali,G_SQUARE,77,12,8,33,3,NEUTRAL,2,3,3,0.1142079706775119,2,3,2,0.18680863676889775,0,0,-1,0.07260066609138585,0.4456475474865951,0,0,1,1,1
2026-07-03,2026-07-02,Deshawar,MODEL_F,40,22,6,39,74,NEUTRAL,4,4,4,0.23034885629464028,1,2,2,0.22006945044040466,-3,-2,-2,-0.010279405854235618,0.1222327869921005,0,0,1,1,1
2026-07-03,2026-07-02,Deshawar,MODEL_F,40,00,7,39,74,NEUTRAL,4,4,4,0.23034885629464028,1,5,5,0.27903140378949676,-3,1,1,0.04868254749485648,0.42368367277566144,0,0,1,1,1
2026-07-03,2026-07-02,Deshawar,MODEL_F,40,77,8,39,74,NEUTRAL,4,4,4,0.23034885629464028,2,3,3,0.11424042358966088,-2,-1,-1,-0.11610843270497939,-0.6238811904436765,0,0,1,1,1
2026-07-03,2026-07-02,Faridabad,HARUF_PYRAMID+DATE_TRIAD,09,21,6,73,43,NEUTRAL,2,2,2,0.19785642435648285,0,2,2,0.1193562264469325,-2,0,0,-0.07850019790955035,-0.47172692782718095,0,0,1,1,2
2026-07-03,2026-07-02,Faridabad,HARUF_PYRAMID+DATE_TRIAD,09,71,7,73,43,NEUTRAL,2,2,2,0.19785642435648285,1,1,1,0.10802081719965718,-1,-1,-1,-0.08983560715682566,-0.5803514647529268,0,0,0,0,2
2026-07-03,2026-07-02,Faridabad,HARUF_PYRAMID+DATE_TRIAD,09,77,8,73,43,NEUTRAL,2,2,2,0.19785642435648285,1,2,2,0.12253202584854947,-1,0,0,-0.07532439850793338,-0.46577163285385603,0,0,1,1,2
2026-07-03,2026-07-02,Ghaziabad,G_SQUARE_HARMONICS,44,48,6,31,40,NEUTRAL,1,1,1,0.07266041205366633,0,1,1,0.07680769186963009,-1,0,0,0.004147279815963759,0.030417629496549692,1,1,0,0,1
2026-07-03,2026-07-02,Ghaziabad,G_SQUARE_HARMONICS,44,81,7,31,40,NEUTRAL,1,1,1,0.07266041205366633,0,1,1,0.05668083455402007,-1,0,0,-0.015979577499646257,-0.08436274732367732,1,1,0,0,1
2026-07-03,2026-07-02,Ghaziabad,G_SQUARE_HARMONICS,44,84,8,31,40,NEUTRAL,1,1,1,0.07266041205366633,0,1,1,0.05635034522471312,-1,0,0,-0.01631006682895321,-0.08330448195688422,1,1,0,0,1
2026-07-03,2026-07-02,Gali,G_SQUARE,80,03,6,49,58,NEUTRAL,1,1,1,0.05469784847684357,0,5,4,0.1592625302183824,-1,4,3,0.10456468174153884,0.6604127762493693,1,1,1,1,1
2026-07-03,2026-07-02,Gali,G_SQUARE,80,30,7,49,58,NEUTRAL,1,1,1,0.05469784847684357,0,1,1,0.07054164911859558,-1,0,0,0.015843800641752004,0.09760312669229226,1,1,0,0,1
2026-07-03,2026-07-02,Gali,G_SQUARE,80,66,8,49,58,NEUTRAL,1,1,1,0.05469784847684357,2,5,4,0.292040624496836,1,4,3,0.23734277601999243,1.4933050388056626,1,1,1,1,1
2026-07-04,2026-07-03,Deshawar,MODEL_F,11,71,6,91,100,NEUTRAL,2,2,2,0.25451388009936826,2,4,4,0.2953946338537059,0,2,2,0.04088075375433764,0.07476767775308613,0,0,1,1,1
2026-07-04,2026-07-03,Deshawar,MODEL_F,11,88,7,91,100,NEUTRAL,2,2,2,0.25451388009936826,1,3,3,0.1093005513900902,-1,1,1,-0.14521332870927806,-0.9333061424687619,0,0,1,1,1
2026-07-04,2026-07-03,Deshawar,MODEL_F,11,44,8,91,100,NEUTRAL,2,2,2,0.25451388009936826,2,4,4,0.3378577954196228,0,2,2,0.08334391532025454,0.753272865067417,0,0,1,1,1
2026-07-04,2026-07-03,Faridabad,HARUF_PYRAMID+DATE_TRIAD,12,71,6,34,62,NEUTRAL,1,1,1,0.12259231850433083,1,1,1,0.10676739147077302,0,0,0,-0.015824927033557812,-0.11292935362022394,1,1,0,0,2
2026-07-04,2026-07-03,Faridabad,HARUF_PYRAMID+DATE_TRIAD,12,16,7,34,62,NEUTRAL,1,1,1,0.12259231850433083,0,1,1,0.09536844806851913,-1,0,0,-0.027223870435811703,-0.13734093060392127,1,1,0,0,2
2026-07-04,2026-07-03,Faridabad,HARUF_PYRAMID+DATE_TRIAD,12,20,8,34,62,NEUTRAL,1,1,1,0.12259231850433083,1,1,1,0.13557672266046975,0,0,0,0.012984404156138912,0.09704164125712478,1,1,0,0,2
2026-07-04,2026-07-03,Ghaziabad,G_SQUARE_HARMONICS,46,60,6,72,79,NEUTRAL,1,1,1,0.08102938632884416,0,1,1,0.06119352994514381,-1,0,0,-0.019835856383700348,-0.11258230817244969,1,1,0,0,1
2026-07-04,2026-07-03,Ghaziabad,G_SQUARE_HARMONICS,46,61,7,72,79,NEUTRAL,1,1,1,0.08102938632884416,1,2,2,0.11160532431378231,0,1,1,0.030575937984938156,0.2023040673526974,1,1,1,1,1
2026-07-04,2026-07-03,Ghaziabad,G_SQUARE_HARMONICS,46,63,8,72,79,NEUTRAL,1,1,1,0.08102938632884416,0,1,1,0.05838773016002309,-1,0,0,-0.022641656168821064,-0.12294951518645486,1,1,0,0,1
2026-07-04,2026-07-03,Gali,G_SQUARE,95,49,6,39,13,NEUTRAL,2,2,2,0.1190678075992507,4,5,5,0.3688101436277413,2,3,3,0.24974233602849058,1.6072074941377448,0,0,1,1,1
2026-07-04,2026-07-03,Gali,G_SQUARE,95,94,7,39,13,NEUTRAL,2,2,2,0.1190678075992507,2,3,3,0.19334128462761518,0,1,1,0.07427347702836448,0.4500919086330024,0,0,1,1,1
2026-07-04,2026-07-03,Gali,G_SQUARE,95,45,8,39,13,NEUTRAL,2,2,2,0.1190678075992507,0,1,1,0.05120021445705529,-2,-1,-1,-0.06786759314219541,-0.4517897947666039,0,0,0,0,1
2026-07-05,2026-07-04,Deshawar,HOT_RECENCY,62,40,6,23,51,NEUTRAL,2,2,2,0.12430990434746024,0,2,2,0.09797739033160055,-2,0,0,-0.02633251401585969,-0.18761143975908778,0,0,1,1,1
2026-07-05,2026-07-04,Deshawar,HOT_RECENCY,62,10,7,23,51,NEUTRAL,2,2,2,0.12430990434746024,0,3,2,0.1175391854836641,-2,1,0,-0.006770718863796141,-0.032574405248032456,0,0,1,1,1
2026-07-05,2026-07-04,Deshawar,HOT_RECENCY,62,52,8,23,51,NEUTRAL,2,2,2,0.12430990434746024,0,2,2,0.0695456913758214,-2,0,0,-0.054764212971638845,-0.3598953597475346,0,0,1,1,1
2026-07-05,2026-07-04,Faridabad,HARUF_PYRAMID+DATE_TRIAD,13,12,6,92,56,NEUTRAL,1,4,4,0.15033011957335177,1,1,1,0.12357404442186587,0,-3,-3,-0.026756075151485897,-0.1825056793046047,0,0,0,0,2
2026-07-05,2026-07-04,Faridabad,HARUF_PYRAMID+DATE_TRIAD,13,71,7,92,56,NEUTRAL,1,4,4,0.15033011957335177,1,1,1,0.1106048913156999,0,-3,-3,-0.03972522825765187,-0.2824162565733427,0,0,0,0,2
2026-07-05,2026-07-04,Faridabad,HARUF_PYRAMID+DATE_TRIAD,13,32,8,92,56,NEUTRAL,1,4,4,0.15033011957335177,2,2,2,0.284688404689459,1,-2,-2,0.13435828511610723,0.896829144178852,0,0,1,1,2
2026-07-05,2026-07-04,Ghaziabad,G_SQUARE_HARMONICS,33,37,6,91,96,NEUTRAL,2,5,5,0.3026846101788398,1,2,2,0.17766906094751972,-1,-3,-3,-0.12501554923132008,-0.7115169883608141,0,0,1,1,1
2026-07-05,2026-07-04,Ghaziabad,G_SQUARE_HARMONICS,33,72,7,91,96,NEUTRAL,2,5,5,0.3026846101788398,5,7,6,0.7094058529111363,3,2,1,0.40672124273229654,2.3461138146189966,0,0,1,1,1
2026-07-05,2026-07-04,Ghaziabad,G_SQUARE_HARMONICS,33,73,8,91,96,NEUTRAL,2,5,5,0.3026846101788398,1,2,2,0.12068701537286425,-1,-3,-3,-0.18199759480597555,-1.0340760742747435,0,0,1,1,1
2026-07-05,2026-07-04,Gali,G_SQUARE,88,99,6,36,31,NEUTRAL,3,3,3,0.2535604716803707,0,1,1,0.05774183564159131,-3,-2,-2,-0.19581863603877941,-1.2168242560342852,0,0,0,0,1
2026-07-05,2026-07-04,Gali,G_SQUARE,88,46,7,36,31,NEUTRAL,3,3,3,0.2535604716803707,0,2,2,0.08671845642166984,-3,-1,-1,-0.16684201525870088,-1.032641514382575,0,0,1,1,1
2026-07-05,2026-07-04,Gali,G_SQUARE,88,48,8,36,31,NEUTRAL,3,3,3,0.2535604716803707,0,1,1,0.06360037886704556,-3,-2,-2,-0.18996009281332515,-1.180762167696693,0,0,0,0,1
2026-07-06,2026-07-05,Deshawar,HOT_RECENCY,24,62,6,06,20,NEUTRAL,1,4,4,0.13485093016083394,1,2,2,0.1016172482086202,0,-2,-2,-0.03323368195221374,-0.1783675783151405,0,0,1,1,1
2026-07-06,2026-07-05,Deshawar,HOT_RECENCY,24,40,7,06,20,NEUTRAL,1,4,4,0.13485093016083394,0,1,1,0.07979449955458996,-1,-3,-3,-0.055056430606243975,-0.3327676632747911,0,0,0,0,1
2026-07-06,2026-07-05,Deshawar,HOT_RECENCY,24,76,8,06,20,NEUTRAL,1,4,4,0.13485093016083394,0,4,4,0.12217125113472307,-1,0,0,-0.012679679026110863,-0.07773956271826243,0,0,1,1,1
2026-07-06,2026-07-05,Faridabad,HARUF_PYRAMID+DATE_TRIAD,25,21,6,19,59,NEUTRAL,1,2,2,0.18111268807162495,1,2,2,0.19505767325152165,0,0,0,0.013944985179896702,0.12752377344850063,0,0,1,1,2
2026-07-06,2026-07-05,Faridabad,HARUF_PYRAMID+DATE_TRIAD,25,52,7,19,59,NEUTRAL,1,2,2,0.18111268807162495,1,1,1,0.12072354764013006,0,-1,-1,-0.06038914043149489,-0.3064431300085816,0,0,0,0,2
2026-07-06,2026-07-05,Faridabad,HARUF_PYRAMID+DATE_TRIAD,25,67,8,19,59,NEUTRAL,1,2,2,0.18111268807162495,2,2,2,0.11205005405769791,1,0,0,-0.06906263401392704,-0.3024790702289212,0,0,1,1,2
2026-07-06,2026-07-05,Ghaziabad,G_SQUARE_HARMONICS,01,02,6,54,65,NEUTRAL,3,5,4,0.2566217186877385,1,4,4,0.19378999625127605,-2,-1,0,-0.06283172243646243,-0.341358139998442,0,0,1,1,1
2026-07-06,2026-07-05,Ghaziabad,G_SQUARE_HARMONICS,01,09,7,54,65,NEUTRAL,3,5,4,0.2566217186877385,0,1,1,0.10248822618296263,-3,-4,-3,-0.15413349250477584,-0.8891502031877229,0,0,0,0,1
2026-07-06,2026-07-05,Ghaziabad,G_SQUARE_HARMONICS,01,10,8,54,65,NEUTRAL,3,5,4,0.2566217186877385,1,3,2,0.27195762127158674,-2,-2,-2,0.01533590258384826,0.10029946252122923,0,0,1,1,1
2026-07-06,2026-07-05,Gali,G_SQUARE,88,99,6,50,75,NEUTRAL,1,1,1,0.06342630537251945,0,1,1,0.057006210983460516,-1,0,0,-0.006420094389058932,-0.039364926778118536,1,1,0,0,1
2026-07-06,2026-07-05,Gali,G_SQUARE,88,36,7,50,75,NEUTRAL,1,1,1,0.06342630537251945,5,6,5,0.45263227986351817,4,5,4,0.3892059744909987,2.47283640256484,1,1,1,1,1
2026-07-06,2026-07-05,Gali,G_SQUARE,88,37,8,50,75,NEUTRAL,1,1,1,0.06342630537251945,0,2,2,0.0760603889926342,-1,1,1,0.012634083620114755,0.07786435442385498,1,1,1,1,1
2026-07-07,2026-07-06,Deshawar,HOT_RECENCY,91,62,6,19,35,NEUTRAL,1,2,2,0.09577951440685535,0,1,1,0.05780620298186391,-1,-1,-1,-0.03797331142499144,-0.21970394838310492,0,0,0,0,1
2026-07-07,2026-07-06,Deshawar,HOT_RECENCY,91,24,7,19,35,NEUTRAL,1,2,2,0.09577951440685535,0,2,2,0.09920941038573616,-1,0,0,0.003429895978880812,0.03961683305804964,0,0,1,1,1
2026-07-07,2026-07-06,Deshawar,HOT_RECENCY,91,40,8,19,35,NEUTRAL,1,2,2,0.09577951440685535,0,1,1,0.06935870196555367,-1,-1,-1,-0.026420812441301678,-0.1350859444754477,0,0,0,0,1
2026-07-07,2026-07-06,Faridabad,HARUF_PYRAMID+DATE_TRIAD,70,20,6,04,15,NEUTRAL,1,2,2,0.12458517215428401,1,4,4,0.1729040844919079,0,2,2,0.04831891233762388,0.25476148726225734,0,0,1,1,2
2026-07-07,2026-07-06,Faridabad,HARUF_PYRAMID+DATE_TRIAD,70,07,7,04,15,NEUTRAL,1,2,2,0.12458517215428401,1,4,4,0.14985814984076068,0,2,2,0.02527297768647667,0.13952435713382272,0,0,1,1,2
2026-07-07,2026-07-06,Faridabad,HARUF_PYRAMID+DATE_TRIAD,70,53,8,04,15,NEUTRAL,1,2,2,0.12458517215428401,1,1,1,0.10875083034107189,0,-1,-1,-0.015834341813212124,-0.10951520260780723,0,0,0,0,2
2026-07-07,2026-07-06,Ghaziabad,MODEL_F,45,33,6,48,78,NEUTRAL,5,5,5,0.41080372497044926,1,3,3,0.2575335945493883,-4,-2,-2,-0.15327013042106097,-0.887756456534734,0,0,1,1,1
2026-07-07,2026-07-06,Ghaziabad,MODEL_F,45,72,7,48,78,NEUTRAL,5,5,5,0.41080372497044926,2,3,3,0.16968500385295443,-3,-2,-2,-0.24111872111749483,-1.3746530869563582,0,0,1,1,1
2026-07-07,2026-07-06,Ghaziabad,MODEL_F,45,00,8,48,78,NEUTRAL,5,5,5,0.41080372497044926,2,7,7,0.358215466694501,-3,2,2,-0.05258825827594826,-0.20853856772539903,0,0,1,1,1
2026-07-07,2026-07-06,Gali,G_SQUARE,01,02,6,41,44,NEUTRAL,2,5,5,0.1868698010891181,1,5,4,0.28773533968108034,-1,0,-1,0.10086553859196223,0.7035065584580533,0,0,1,1,1
2026-07-07,2026-07-06,Gali,G_SQUARE,01,03,7,41,44,NEUTRAL,2,5,5,0.1868698010891181,2,5,5,0.19034147523984998,0,0,0,0.0034716741507318793,0.011684705068835566,0,0,1,1,1
2026-07-07,2026-07-06,Gali,G_SQUARE,01,04,8,41,44,NEUTRAL,2,5,5,0.1868698010891181,0,3,2,0.12467201296736122,-2,-2,-3,-0.062197788121756886,-0.40357584207687314,0,0,1,1,1
2026-07-08,2026-07-07,Deshawar,HOT_RECENCY,23,91,6,53,27,NEUTRAL,2,3,3,0.14815097709338812,3,6,5,0.30996922936869453,1,3,2,0.1618182522753064,0.9605450695015242,0,0,1,1,1
2026-07-08,2026-07-07,Deshawar,HOT_RECENCY,23,62,7,53,27,NEUTRAL,2,3,3,0.14815097709338812,2,3,3,0.16432079733629432,0,0,0,0.016169820242906197,0.15712908324154184,0,0,1,1,1
2026-07-08,2026-07-07,Deshawar,HOT_RECENCY,23,24,8,53,27,NEUTRAL,2,3,3,0.14815097709338812,0,1,1,0.08288631119730112,-2,-2,-2,-0.065264665896087,-0.3796545029805356,0,0,0,0,1
2026-07-08,2026-07-07,Faridabad,HARUF_PYRAMID+DATE_TRIAD,80,18,6,41,4,NEUTRAL,1,1,1,0.12249478540135228,1,1,1,0.10991232009789861,0,0,0,-0.012582465303453666,-0.0649810335669172,1,1,0,0,2
2026-07-08,2026-07-07,Faridabad,HARUF_PYRAMID+DATE_TRIAD,80,64,7,41,4,NEUTRAL,1,1,1,0.12249478540135228,4,4,4,0.24005248266707285,3,3,3,0.11755769726572057,0.7790878087330113,1,1,1,1,2
2026-07-08,2026-07-07,Faridabad,HARUF_PYRAMID+DATE_TRIAD,80,73,8,41,4,NEUTRAL,1,1,1,0.12249478540135228,1,4,4,0.1301595881303625,0,3,3,0.007664802729010212,0.10062067277274633,1,1,1,1,2
2026-07-08,2026-07-07,Ghaziabad,MODEL_F,54,55,6,71,94,NEUTRAL,3,3,3,0.19154314680446416,1,3,3,0.23883762228581665,-2,0,0,0.04729447548135249,0.3700103917632591,0,0,1,1,1
2026-07-08,2026-07-07,Ghaziabad,MODEL_F,54,45,7,71,94,NEUTRAL,3,3,3,0.19154314680446416,2,3,3,0.1895112373961083,-1,0,0,-0.0020319094083558475,0.008869310591094859,0,0,1,1,1
2026-07-08,2026-07-07,Ghaziabad,MODEL_F,54,72,8,71,94,NEUTRAL,3,3,3,0.19154314680446416,1,3,3,0.15546506832840967,-2,0,0,-0.03607807847605449,-0.2109216444368165,0,0,1,1,1
2026-07-08,2026-07-07,Gali,G_SQUARE,66,77,6,21,64,NEUTRAL,1,1,1,0.09136825350366692,1,2,2,0.09085859353823379,0,1,1,-0.0005096599654331319,0.007285056209333174,1,1,1,1,1
2026-07-08,2026-07-07,Gali,G_SQUARE,66,99,7,21,64,NEUTRAL,1,1,1,0.09136825350366692,0,1,1,0.04497251004211787,-1,0,0,-0.04639574346154905,-0.2965965874389587,1,1,0,0,1
2026-07-08,2026-07-07,Gali,G_SQUARE,66,14,8,21,64,NEUTRAL,1,1,1,0.09136825350366692,5,6,6,0.33706548018374505,4,5,5,0.24569722668007812,1.531255046115867,1,1,1,1,1
2026-07-09,2026-07-08,Deshawar,ECHO_7,71,17,6,02,12,NEUTRAL,4,4,4,0.3507472588175836,2,3,3,0.19395006684693036,-2,-1,-1,-0.15679719197065325,-0.8908828352133695,0,0,1,1,1
2026-07-09,2026-07-08,Deshawar,ECHO_7,71,75,7,02,12,NEUTRAL,4,4,4,0.3507472588175836,1,2,2,0.10938272597598997,-3,-2,-2,-0.24136453284159365,-1.4880868574605106,0,0,1,1,1
2026-07-09,2026-07-08,Deshawar,ECHO_7,71,37,8,02,12,NEUTRAL,4,4,4,0.3507472588175836,0,1,1,0.0665263581653524,-4,-3,-3,-0.2842209006522312,-1.7594412638745425,0,0,0,0,1
2026-07-09,2026-07-08,Faridabad,HARUF_PYRAMID+DATE_TRIAD,75,77,6,88,94,NEUTRAL,2,3,3,0.2254689000600431,1,3,3,0.13233883962653456,-1,0,0,-0.09313006043350855,-0.5267734631477785,0,0,1,1,2
2026-07-09,2026-07-08,Faridabad,HARUF_PYRAMID+DATE_TRIAD,75,36,7,88,94,NEUTRAL,2,3,3,0.2254689000600431,1,1,1,0.08203212070582351,-1,-2,-2,-0.1434367793542196,-0.8198616277392116,0,0,0,0,2
2026-07-09,2026-07-08,Faridabad,HARUF_PYRAMID+DATE_TRIAD,75,57,8,88,94,NEUTRAL,2,3,3,0.2254689000600431,1,3,3,0.13536301854102578,-1,0,0,-0.09010588151901733,-0.5025972514770697,0,0,1,1,2
2026-07-09,2026-07-08,Ghaziabad,MODEL_F,91,48,6,29,74,NEUTRAL,2,3,3,0.2548432121311056,1,3,3,0.1613007665123993,-1,0,0,-0.09354244561870631,-0.5300234825803342,0,0,1,1,1
2026-07-09,2026-07-08,Ghaziabad,MODEL_F,91,51,7,29,74,NEUTRAL,2,3,3,0.2548432121311056,1,2,2,0.15495759093728675,-1,-1,-1,-0.09988562119381886,-0.5329146027135467,0,0,1,1,1
2026-07-09,2026-07-08,Ghaziabad,MODEL_F,91,22,8,29,74,NEUTRAL,2,3,3,0.2548432121311056,4,5,4,0.42199312461731053,2,2,1,0.16714991248620492,0.873050830684498,0,0,1,1,1
2026-07-09,2026-07-08,Gali,G_SQUARE,33,66,6,75,85,NEUTRAL,2,5,5,0.27160419243833583,3,4,4,0.37570835383164125,1,-1,-1,0.10410416139330542,0.5732564181808288,0,0,1,1,1
2026-07-09,2026-07-08,Gali,G_SQUARE,33,77,7,75,85,NEUTRAL,2,5,5,0.27160419243833583,1,3,2,0.22937895932962904,-1,-2,-3,-0.042225233108706794,-0.34423210318242825,0,0,1,1,1
2026-07-09,2026-07-08,Gali,G_SQUARE,33,99,8,75,85,NEUTRAL,2,5,5,0.27160419243833583,0,1,1,0.052269783711241705,-2,-4,-4,-0.21933440872709414,-1.4554723930730484,0,0,0,0,1
2026-07-10,2026-07-09,Deshawar,ECHO_7,62,60,6,26,4,NEUTRAL,1,3,3,0.10666167428183762,1,3,3,0.23006980766173116,0,0,0,0.12340813337989354,0.8389202150075312,0,0,1,1,1
2026-07-10,2026-07-09,Deshawar,ECHO_7,62,73,7,26,4,NEUTRAL,1,3,3,0.10666167428183762,0,1,1,0.07285796077376906,-1,-2,-2,-0.03380371350806856,-0.20864467125784625,0,0,0,0,1
2026-07-10,2026-07-09,Deshawar,ECHO_7,62,88,8,26,4,NEUTRAL,1,3,3,0.10666167428183762,0,2,2,0.07230916834677818,-1,-1,-1,-0.03435250593505944,-0.19707894280132815,0,0,1,1,1
2026-07-10,2026-07-09,Faridabad,HARUF_PYRAMID+DATE_TRIAD,86,68,6,74,91,NEUTRAL,3,4,4,0.21102203273221887,2,4,4,0.2394934349533,-1,0,0,0.028471402221081132,0.16235394780690515,0,0,1,1,2
2026-07-10,2026-07-09,Faridabad,HARUF_PYRAMID+DATE_TRIAD,86,79,7,74,91,NEUTRAL,3,4,4,0.21102203273221887,2,3,3,0.16390873223437172,-1,-1,-1,-0.04711330049784715,-0.19194268234604428,0,0,1,1,2
2026-07-10,2026-07-09,Faridabad,HARUF_PYRAMID+DATE_TRIAD,86,11,8,74,91,NEUTRAL,3,4,4,0.21102203273221887,2,4,4,0.32151610522432766,-1,0,0,0.1104940724921088,0.6576206656192238,0,0,1,1,2
2026-07-10,2026-07-09,Ghaziabad,MODEL_F,71,17,6,42,55,NEUTRAL,2,4,4,0.19222409408138522,1,4,4,0.19933036268754276,-1,0,0,0.00710626860615754,0.05359885925189545,0,0,1,1,1
2026-07-10,2026-07-09,Ghaziabad,MODEL_F,71,44,7,42,55,NEUTRAL,2,4,4,0.19222409408138522,4,5,5,0.2968409249015961,2,1,1,0.10461683082021087,0.6298207056785685,0,0,1,1,1
2026-07-10,2026-07-09,Ghaziabad,MODEL_F,71,14,8,42,55,NEUTRAL,2,4,4,0.19222409408138522,2,4,4,0.34058398489291686,0,0,0,0.14835989081153164,0.8916723847535755,0,0,1,1,1
2026-07-10,2026-07-09,Gali,G_SQUARE,52,00,6,35,51,NEUTRAL,1,2,1,0.08713359568726127,3,6,6,0.3524686084523093,2,4,5,0.26533501276504806,1.6755230969229444,0,1,1,1,1
2026-07-10,2026-07-09,Gali,G_SQUARE,52,55,7,35,51,NEUTRAL,1,2,1,0.08713359568726127,0,1,1,0.06479055798507494,-1,-1,0,-0.022343037702186333,-0.13035320732632805,0,1,0,0,1
2026-07-10,2026-07-09,Gali,G_SQUARE,52,77,8,35,51,NEUTRAL,1,2,1,0.08713359568726127,2,3,3,0.254313668179494,1,1,2,0.16718007249223277,0.9982714708139976,0,1,1,1,1
2026-07-11,2026-07-10,Deshawar,ECHO_7,48,84,6,53,58,NEUTRAL,2,2,2,0.12153589721759835,0,1,1,0.07193360820112323,-2,-1,-1,-0.04960228901647512,-0.2937794509974224,0,0,0,0,1
2026-07-11,2026-07-10,Deshawar,ECHO_7,48,08,7,53,58,NEUTRAL,2,2,2,0.12153589721759835,0,2,2,0.11984070094423568,-2,0,0,-0.0016951962733626619,0.02204051541338148,0,0,1,1,1
2026-07-11,2026-07-10,Deshawar,ECHO_7,48,34,8,53,58,NEUTRAL,2,2,2,0.12153589721759835,1,2,2,0.1336594500797485,-1,0,0,0.012123552862150153,0.14101924195856408,0,0,1,1,1
2026-07-11,2026-07-10,Faridabad,HARUF_PYRAMID+DATE_TRIAD,39,82,6,32,28,NEUTRAL,2,2,2,0.25690175142765914,1,1,1,0.10600376698326715,-1,-1,-1,-0.150897984444392,-1.0420079615940518,0,0,0,0,2
2026-07-11,2026-07-10,Faridabad,HARUF_PYRAMID+DATE_TRIAD,39,13,7,32,28,NEUTRAL,2,2,2,0.25690175142765914,2,4,4,0.17317254455586892,0,2,2,-0.08372920687179022,-0.6449011277427997,0,0,1,1,2
2026-07-11,2026-07-10,Faridabad,HARUF_PYRAMID+DATE_TRIAD,39,11,8,32,28,NEUTRAL,2,2,2,0.25690175142765914,2,4,4,0.24904219905538874,0,2,2,-0.0078595523722704,-0.1566542384599634,0,0,1,1,2
2026-07-11,2026-07-10,Ghaziabad,MODEL_F,11,91,6,04,57,NEUTRAL,3,5,5,0.33400940149067826,2,3,3,0.2513776907430633,-1,-2,-2,-0.08263171074761494,-0.5256672082314486,0,0,1,1,1
2026-07-11,2026-07-10,Ghaziabad,MODEL_F,11,17,7,04,57,NEUTRAL,3,5,5,0.33400940149067826,1,5,5,0.17866647311975306,-2,0,0,-0.1553429283709252,-0.9200330526417482,0,0,1,1,1
2026-07-11,2026-07-10,Ghaziabad,MODEL_F,11,22,8,04,57,NEUTRAL,3,5,5,0.33400940149067826,1,3,3,0.25098852239431674,-2,-2,-2,-0.08302087909636152,-0.508620438469576,0,0,1,1,1
2026-07-11,2026-07-10,Gali,G_SQUARE,85,00,6,04,27,NEUTRAL,2,2,2,0.12431930853548367,1,6,5,0.17477291015062407,-1,4,3,0.0504536016151404,0.3363454081892392,0,0,1,1,1
2026-07-11,2026-07-10,Gali,G_SQUARE,85,22,7,04,27,NEUTRAL,2,2,2,0.12431930853548367,0,1,1,0.06865402447369001,-2,-1,-1,-0.05566528406179366,-0.3317421948221134,0,0,0,0,1
2026-07-11,2026-07-10,Gali,G_SQUARE,85,33,8,04,27,NEUTRAL,2,2,2,0.12431930853548367,0,2,2,0.08939947537951867,-2,0,0,-0.034919833155965,-0.18946222242998634,0,0,1,1,1
2026-07-12,2026-07-11,Deshawar,ECHO_7,47,74,6,26,34,NEUTRAL,1,1,1,0.07023471452144457,0,1,1,0.07486089562583098,-1,0,0,0.004626181104386409,0.027946667846871442,1,1,0,0,1
2026-07-12,2026-07-11,Deshawar,ECHO_7,47,76,7,26,34,NEUTRAL,1,1,1,0.07023471452144457,0,1,1,0.06315090302549208,-1,0,0,-0.007083811495952497,-0.03792626385041936,1,1,0,0,1
2026-07-12,2026-07-11,Deshawar,ECHO_7,47,68,8,26,34,NEUTRAL,1,1,1,0.07023471452144457,1,2,2,0.0803947395268728,0,1,1,0.01016002500542823,0.11083586481577445,1,1,1,1,1
2026-07-12,2026-07-11,Faridabad,HARUF_PYRAMID+DATE_TRIAD,81,85,6,91,15,NEUTRAL,1,3,3,0.1415175383889215,2,2,2,0.13191230610359797,1,-1,-1,-0.009605232285323534,-0.05648198085479861,0,0,1,1,2
2026-07-12,2026-07-11,Faridabad,HARUF_PYRAMID+DATE_TRIAD,81,33,7,91,15,NEUTRAL,1,3,3,0.1415175383889215,2,3,3,0.17315270743033392,1,0,0,0.03163516904141242,0.22590889660280744,0,0,1,1,2
2026-07-12,2026-07-11,Faridabad,HARUF_PYRAMID+DATE_TRIAD,81,58,8,91,15,NEUTRAL,1,3,3,0.1415175383889215,1,2,2,0.1567873825123133,0,-1,-1,0.015269844123391801,0.09534549583415075,0,0,1,1,2
2026-07-12,2026-07-11,Ghaziabad,MODEL_F,40,44,6,15,35,NEUTRAL,6,6,5,0.4260877128196429,3,4,3,0.4931921007530818,-3,-2,-2,0.06710438793343887,0.21664239876574243,0,0,1,1,1
2026-07-12,2026-07-11,Ghaziabad,MODEL_F,40,08,7,15,35,NEUTRAL,6,6,5,0.4260877128196429,2,4,4,0.2295269688733564,-4,-2,-1,-0.1965607439462865,-1.103256755264621,0,0,1,1,1
2026-07-12,2026-07-11,Ghaziabad,MODEL_F,40,42,8,15,35,NEUTRAL,6,6,5,0.4260877128196429,2,4,4,0.17263966478320206,-4,-2,-1,-0.25344804803644083,-1.4839040599496365,0,0,1,1,1
2026-07-12,2026-07-11,Gali,G_SQUARE,40,00,6,77,83,NEUTRAL,4,5,4,0.381101801757345,1,6,5,0.17377754009998525,-3,1,1,-0.20732426165735973,-1.2673925275244313,0,0,1,1,1
2026-07-12,2026-07-11,Gali,G_SQUARE,40,55,7,77,83,NEUTRAL,4,5,4,0.381101801757345,0,1,1,0.07491758837524207,-4,-4,-3,-0.3061842133821029,-1.8613053821450336,0,0,0,0,1
2026-07-12,2026-07-11,Gali,G_SQUARE,40,66,8,77,83,NEUTRAL,4,5,4,0.381101801757345,0,1,1,0.06513784295592563,-4,-4,-3,-0.31596395880141936,-1.9158202335143142,0,0,0,0,1
2026-07-13,2026-07-12,Deshawar,ECHO_7,78,87,6,66,70,NEUTRAL,1,1,1,0.07100180610306943,0,1,1,0.06055357459574523,-1,0,0,-0.010448231507324199,-0.05793158567057982,1,1,0,0,1
2026-07-13,2026-07-12,Deshawar,ECHO_7,78,93,7,66,70,NEUTRAL,1,1,1,0.07100180610306943,1,3,3,0.1421340115238266,0,2,2,0.07113220542075717,0.5303703352206448,1,1,1,1,1
2026-07-13,2026-07-12,Deshawar,ECHO_7,78,47,8,66,70,NEUTRAL,1,1,1,0.07100180610306943,0,1,1,0.06332217282997588,-1,0,0,-0.007679633273093553,-0.03239262717208902,1,1,0,0,1
2026-07-13,2026-07-12,Faridabad,DATE_TRIAD,11,99,6,05,11,NEUTRAL,3,4,4,0.2682029222199933,0,2,2,0.08870077726378862,-3,-2,-2,-0.1795021449562047,-1.0490186712739629,0,0,1,1,1
2026-07-13,2026-07-12,Faridabad,DATE_TRIAD,11,01,7,05,11,NEUTRAL,3,4,4,0.2682029222199933,2,5,4,0.2265110593430497,-1,1,0,-0.041691862876943625,-0.23243253276086984,0,0,1,1,1
2026-07-13,2026-07-12,Faridabad,DATE_TRIAD,11,02,8,05,11,NEUTRAL,3,4,4,0.2682029222199933,0,4,4,0.1367886246977907,-3,0,0,-0.1314142975222026,-0.7679816031220488,0,0,1,1,1
2026-07-13,2026-07-12,Ghaziabad,G_SQUARE_HARMONICS,16,18,6,87,89,NEUTRAL,2,2,2,0.16327655808374575,0,1,1,0.11145970067518364,-2,-1,-1,-0.05181685740856211,-0.30153330437016324,0,0,0,0,1
2026-07-13,2026-07-12,Ghaziabad,G_SQUARE_HARMONICS,16,46,7,87,89,NEUTRAL,2,2,2,0.16327655808374575,2,3,2,0.18338292622049007,0,1,0,0.020106368136744324,0.10893600661759273,0,0,1,1,1
2026-07-13,2026-07-12,Ghaziabad,G_SQUARE_HARMONICS,16,48,8,87,89,NEUTRAL,2,2,2,0.16327655808374575,0,2,2,0.07179083098097423,-2,0,0,-0.09148572710277152,-0.5344072646828291,0,0,1,1,1
2026-07-13,2026-07-12,Gali,G_SQUARE,20,07,6,45,51,NEUTRAL,1,1,1,0.09189865357368544,0,2,2,0.11775371789062239,-1,1,1,0.025855064316936946,0.15909262140114455,1,1,1,1,1
2026-07-13,2026-07-12,Gali,G_SQUARE,20,70,7,45,51,NEUTRAL,1,1,1,0.09189865357368544,0,1,1,0.05193276809830177,-1,0,0,-0.039965885475383676,-0.24581589403491028,1,1,0,0,1
2026-07-13,2026-07-12,Gali,G_SQUARE,20,44,8,45,51,NEUTRAL,1,1,1,0.09189865357368544,1,2,2,0.1211687338353113,0,1,1,0.029270080261625864,0.18277992127063347,1,1,1,1,1
2026-07-14,2026-07-13,Deshawar,ECHO_7,10,01,6,73,77,NEUTRAL,4,5,5,0.25566119058112935,3,7,7,0.2219741817606267,-1,2,2,-0.033687008820502656,-0.17356113889155433,0,0,1,1,1
2026-07-14,2026-07-13,Deshawar,ECHO_7,10,80,7,73,77,NEUTRAL,4,5,5,0.25566119058112935,1,2,2,0.0982786201414562,-3,-3,-3,-0.15738257043967313,-0.9908978030757198,0,0,1,1,1
2026-07-14,2026-07-13,Deshawar,ECHO_7,10,28,8,73,77,NEUTRAL,4,5,5,0.25566119058112935,0,1,1,0.08424884886544882,-4,-4,-4,-0.17141234171568054,-1.0735566521843223,0,0,0,0,1
2026-07-14,2026-07-13,Faridabad,DATE_TRIAD,01,02,6,93,94,NEUTRAL,2,6,6,0.2051505898059201,0,4,4,0.15809512659980332,-2,-2,-2,-0.04705546320611678,-0.27834732432125997,0,0,1,1,1
2026-07-14,2026-07-13,Faridabad,DATE_TRIAD,01,19,7,93,94,NEUTRAL,2,6,6,0.2051505898059201,3,5,5,0.35858076280362133,1,-1,-1,0.15343017299770123,0.8653884464000274,0,0,1,1,1
2026-07-14,2026-07-13,Faridabad,DATE_TRIAD,01,08,8,93,94,NEUTRAL,2,6,6,0.2051505898059201,0,1,1,0.12154646939823999,-2,-5,-5,-0.08360412040768012,-0.4802928045414848,0,0,0,0,1
2026-07-14,2026-07-13,Ghaziabad,G_SQUARE_HARMONICS,18,19,6,75,23,NEUTRAL,1,1,1,0.10543240665341823,0,4,3,0.14700774365290717,-1,3,2,0.04157533699948894,0.25973835525632927,1,1,1,1,1
2026-07-14,2026-07-13,Ghaziabad,G_SQUARE_HARMONICS,18,21,7,75,23,NEUTRAL,1,1,1,0.10543240665341823,0,1,1,0.07808776136887059,-1,0,0,-0.027344645284547636,-0.15661287117188155,1,1,0,0,1
2026-07-14,2026-07-13,Ghaziabad,G_SQUARE_HARMONICS,18,51,8,75,23,NEUTRAL,1,1,1,0.10543240665341823,2,6,6,0.20597474641487876,1,5,5,0.10054233976146053,0.6255781586197664,1,1,1,1,1
2026-07-14,2026-07-13,Gali,G_SQUARE,95,00,6,52,61,NEUTRAL,2,4,3,0.17480872142107395,0,4,4,0.1500928219102194,-2,0,1,-0.024715899510854566,-0.15384412771826916,0,0,1,1,1
2026-07-14,2026-07-13,Gali,G_SQUARE,95,11,7,52,61,NEUTRAL,2,4,3,0.17480872142107395,2,3,3,0.2992888705109575,0,-1,0,0.12448014908988353,0.7453555718780516,0,0,1,1,1
2026-07-14,2026-07-13,Gali,G_SQUARE,95,44,8,52,61,NEUTRAL,2,4,3,0.17480872142107395,1,3,2,0.23792265880530863,-1,-1,-1,0.06311393738423468,0.36182547619004457,0,0,1,1,1
2026-07-15,2026-07-14,Deshawar,ECHO_7,28,82,6,16,25,NEUTRAL,1,1,1,0.10089482258889579,0,1,1,0.07086882299215298,-1,0,0,-0.030025999596742806,-0.18479583979093178,1,1,0,0,1
2026-07-15,2026-07-14,Deshawar,ECHO_7,28,46,7,16,25,NEUTRAL,1,1,1,0.10089482258889579,1,3,3,0.12731422087940406,0,2,2,0.026419398290508267,0.16851945768123322,1,1,1,1,1
2026-07-15,2026-07-14,Deshawar,ECHO_7,28,59,8,16,25,NEUTRAL,1,1,1,0.10089482258889579,0,1,1,0.050296646337783406,-1,0,0,-0.05059817625111238,-0.3029808631485242,1,1,0,0,1
2026-07-15,2026-07-14,Faridabad,DATE_TRIAD,02,13,6,60,65,NEUTRAL,2,6,5,0.23229223496216742,0,2,2,0.11029863531635056,-2,-4,-3,-0.12199359964581685,-0.7173065775221539,0,0,1,1,1
2026-07-15,2026-07-14,Faridabad,DATE_TRIAD,02,49,7,60,65,NEUTRAL,2,6,5,0.23229223496216742,0,1,1,0.08299055862496983,-2,-5,-4,-0.1493016763371976,-0.8711811504344917,0,0,0,0,1
2026-07-15,2026-07-14,Faridabad,DATE_TRIAD,02,05,8,60,65,NEUTRAL,2,6,5,0.23229223496216742,2,5,5,0.24470376324970275,0,-1,0,0.012411528287535334,0.1725085686320018,0,0,1,1,1
2026-07-15,2026-07-14,Ghaziabad,G_SQUARE_HARMONICS,27,42,6,77,25,NEUTRAL,2,2,2,0.26907034141128655,0,2,2,0.09878110374058964,-2,0,0,-0.17028923767069692,-0.9717589560172899,0,0,1,1,1
2026-07-15,2026-07-14,Ghaziabad,G_SQUARE_HARMONICS,27,52,7,77,25,NEUTRAL,2,2,2,0.26907034141128655,1,3,2,0.1158771466299611,-1,1,0,-0.15319319478132545,-0.8806289193933308,0,0,1,1,1
2026-07-15,2026-07-14,Ghaziabad,G_SQUARE_HARMONICS,27,62,8,77,25,NEUTRAL,2,2,2,0.26907034141128655,0,1,1,0.05112106975675385,-2,-1,-1,-0.2179492716545327,-1.2533692711790585,0,0,0,0,1
2026-07-15,2026-07-14,Gali,G_SQUARE,73,00,6,08,29,NEUTRAL,1,1,1,0.058644472829993,1,4,4,0.15266515021087784,0,3,3,0.09402067738088485,0.5830669908383281,1,1,1,1,1
2026-07-15,2026-07-14,Gali,G_SQUARE,73,22,7,08,29,NEUTRAL,1,1,1,0.058644472829993,2,5,5,0.3188632253424316,1,4,4,0.2602187525124386,1.5977701912207392,1,1,1,1,1
2026-07-15,2026-07-14,Gali,G_SQUARE,73,33,8,08,29,NEUTRAL,1,1,1,0.058644472829993,0,1,1,0.06716255091618192,-1,0,0,0.008518078086188922,0.06297902513220816,1,1,0,0,1
2026-07-16,2026-07-15,Deshawar,ECHO_7,62,26,6,28,34,NEUTRAL,2,3,3,0.17784157860215388,4,5,5,0.37541153644140834,2,2,2,0.19756995783925446,1.0774847832382561,0,0,1,1,1
2026-07-16,2026-07-15,Deshawar,ECHO_7,62,97,7,28,34,NEUTRAL,2,3,3,0.17784157860215388,2,4,4,0.1950806057459738,0,1,1,0.01723902714381992,0.14418251770455703,0,0,1,1,1
2026-07-16,2026-07-15,Deshawar,ECHO_7,62,75,8,28,34,NEUTRAL,2,3,3,0.17784157860215388,0,1,1,0.06132901786778164,-2,-2,-2,-0.11651256073437224,-0.7038248638135709,0,0,0,0,1
2026-07-16,2026-07-15,Faridabad,DATE_TRIAD,03,24,6,15,25,NEUTRAL,1,3,3,0.14921690291974818,0,1,1,0.1030248051808225,-1,-2,-2,-0.04619209773892567,-0.2560309032297866,0,0,0,0,1
2026-07-16,2026-07-15,Faridabad,DATE_TRIAD,03,79,7,15,25,NEUTRAL,1,3,3,0.14921690291974818,1,3,3,0.13394447117418248,0,0,0,-0.015272431745565695,-0.06831645276790421,0,0,1,1,1
2026-07-16,2026-07-15,Faridabad,DATE_TRIAD,03,02,8,15,25,NEUTRAL,1,3,3,0.14921690291974818,0,3,3,0.1391256939695695,-1,0,0,-0.010091208950178676,-0.030811030368018688,0,0,1,1,1
2026-07-16,2026-07-15,Ghaziabad,G_SQUARE_HARMONICS+MODEL_F,33,72,6,05,33,NEUTRAL,2,2,2,0.275957621972175,2,2,2,0.12632890598874294,0,0,0,-0.14962871598343205,-0.9526332161441086,0,0,1,1,2
2026-07-16,2026-07-15,Ghaziabad,G_SQUARE_HARMONICS+MODEL_F,33,28,7,05,33,NEUTRAL,2,2,2,0.275957621972175,1,1,1,0.1135787647878347,-1,-1,-1,-0.1623788571843403,-1.0354798640944867,0,0,0,0,2
2026-07-16,2026-07-15,Ghaziabad,G_SQUARE_HARMONICS+MODEL_F,33,78,8,05,33,NEUTRAL,2,2,2,0.275957621972175,1,3,3,0.13402646811886126,-1,1,1,-0.14193115385331373,-0.8803852685876549,0,0,1,1,2
2026-07-16,2026-07-15,Gali,G_SQUARE,80,00,6,90,91,NEUTRAL,4,6,5,0.37215680254125183,1,5,4,0.16568610744623205,-3,-1,-1,-0.20647069509501978,-1.274498806681216,0,0,1,1,1
2026-07-16,2026-07-15,Gali,G_SQUARE,80,22,7,90,91,NEUTRAL,4,6,5,0.37215680254125183,0,2,2,0.09616171562193297,-4,-4,-3,-0.27599508691931884,-1.6837988171658977,0,0,1,1,1
2026-07-16,2026-07-15,Gali,G_SQUARE,80,33,8,90,91,NEUTRAL,4,6,5,0.37215680254125183,3,5,5,0.4843406918433063,-1,-1,0,0.11218388930205447,0.7249444165064363,0,0,1,1,1
2026-07-17,2026-07-16,Deshawar,ECHO_7,73,60,6,32,38,NEUTRAL,3,4,4,0.1858745414589053,1,3,2,0.11042820615337731,-2,-1,-2,-0.075446335305528,-0.4100371907015551,0,0,1,1,1
2026-07-17,2026-07-16,Deshawar,ECHO_7,73,00,7,32,38,NEUTRAL,3,4,4,0.1858745414589053,4,7,6,0.7406974954037092,1,3,2,0.554822953944804,3.5888636393661764,0,0,1,1,1
2026-07-17,2026-07-16,Deshawar,ECHO_7,73,01,8,32,38,NEUTRAL,3,4,4,0.1858745414589053,1,4,4,0.18433010922369034,-2,0,0,-0.0015444322352149709,0.05995475456109767,0,0,1,1,1
2026-07-17,2026-07-16,Faridabad,DATE_TRIAD,04,35,6,30,39,NEUTRAL,3,5,5,0.23161883530590976,0,1,1,0.08059315861006765,-3,-4,-4,-0.1510256766958421,-0.8924960437246965,0,0,0,0,1
2026-07-17,2026-07-16,Faridabad,DATE_TRIAD,04,46,7,30,39,NEUTRAL,3,5,5,0.23161883530590976,2,5,4,0.21460079222483047,-1,0,-1,-0.017018043081079293,-0.058401667291967385,0,0,1,1,1
2026-07-17,2026-07-16,Faridabad,DATE_TRIAD,04,55,8,30,39,NEUTRAL,3,5,5,0.23161883530590976,0,3,3,0.09798348426853716,-3,-2,-2,-0.13363535103737262,-0.7576357599086808,0,0,1,1,1
2026-07-17,2026-07-16,Ghaziabad,G_SQUARE_HARMONICS+MODEL_F,45,77,6,30,57,NEUTRAL,2,2,2,0.13621525033055187,4,5,5,0.3489316384696542,2,3,3,0.21271638813910232,1.3250156699964046,0,0,1,1,2
2026-07-17,2026-07-16,Ghaziabad,G_SQUARE_HARMONICS+MODEL_F,45,54,7,30,57,NEUTRAL,2,2,2,0.13621525033055187,1,3,3,0.11242805502167656,-1,1,1,-0.02378719530887531,-0.11958413169401871,0,0,1,1,2
2026-07-17,2026-07-16,Ghaziabad,G_SQUARE_HARMONICS+MODEL_F,45,04,8,30,57,NEUTRAL,2,2,2,0.13621525033055187,1,6,5,0.187940277437963,-1,4,3,0.051725027107411115,0.3482871251615113,0,0,1,1,2
2026-07-17,2026-07-16,Gali,G_SQUARE,91,00,6,14,14,NEUTRAL,1,3,3,0.10281329675068378,5,7,6,0.41645640966799985,4,4,3,0.31364311291731606,1.8809562077770827,0,0,1,1,1
2026-07-17,2026-07-16,Gali,G_SQUARE,91,11,7,14,14,NEUTRAL,1,3,3,0.10281329675068378,0,1,1,0.10009690083217007,-1,-2,-2,-0.002716395918513706,-0.02370195784953877,0,0,0,0,1
2026-07-17,2026-07-16,Gali,G_SQUARE,91,44,8,14,14,NEUTRAL,1,3,3,0.10281329675068378,3,4,4,0.4451656982622354,2,1,1,0.3423524015115516,2.222268497797134,0,0,1,1,1
2026-07-18,2026-07-17,Deshawar,ECHO_7,65,56,6,85,87,NEUTRAL,1,1,1,0.0679261900467908,1,2,2,0.09980706103409492,0,1,1,0.03188087098730412,0.21800402369227884,1,1,1,1,1
2026-07-18,2026-07-17,Deshawar,ECHO_7,65,46,7,85,87,NEUTRAL,1,1,1,0.0679261900467908,1,3,3,0.24060595870554685,0,2,2,0.17267976865875606,1.2496164735811595,1,1,1,1,1
2026-07-18,2026-07-17,Deshawar,ECHO_7,65,08,8,85,87,NEUTRAL,1,1,1,0.0679261900467908,1,2,2,0.10353779444067875,0,1,1,0.03561160439388794,0.2500311913947339,1,1,1,1,1
2026-07-18,2026-07-17,Faridabad,DATE_TRIAD,05,30,6,07,17,NEUTRAL,1,6,6,0.19285374594766297,5,7,6,0.5873933609522839,4,1,0,0.3945396150046209,2.4914223958846384,0,0,1,1,1
2026-07-18,2026-07-17,Faridabad,DATE_TRIAD,05,46,7,07,17,NEUTRAL,1,6,6,0.19285374594766297,0,1,1,0.06233285233940965,-1,-5,-5,-0.1305208936082533,-0.8078945856979787,0,0,0,0,1
2026-07-18,2026-07-17,Faridabad,DATE_TRIAD,05,35,8,07,17,NEUTRAL,1,6,6,0.19285374594766297,0,1,1,0.07835595722400937,-1,-5,-5,-0.1144977887236536,-0.6988889529751929,0,0,0,0,1
2026-07-18,2026-07-17,Ghaziabad,G_SQUARE_HARMONICS+MODEL_F,05,93,6,51,75,NEUTRAL,4,7,6,0.2752338225759796,1,1,1,0.0967491054456173,-3,-6,-5,-0.17848471713036232,-1.1056451451595521,0,0,0,0,2
2026-07-18,2026-07-17,Ghaziabad,G_SQUARE_HARMONICS+MODEL_F,05,99,7,51,75,NEUTRAL,4,7,6,0.2752338225759796,2,3,3,0.12695896583212238,-2,-4,-3,-0.14827485674385724,-0.9237252711446261,0,0,1,1,2
2026-07-18,2026-07-17,Ghaziabad,G_SQUARE_HARMONICS+MODEL_F,05,77,8,51,75,NEUTRAL,4,7,6,0.2752338225759796,4,5,5,0.334170513543108,0,-2,-1,0.05893669096712839,0.3798668925833819,0,0,1,1,2
2026-07-18,2026-07-17,Gali,G_SQUARE,66,77,6,80,88,NEUTRAL,1,1,1,0.06318765797588284,1,2,2,0.11053349413050863,0,1,1,0.04734583615462579,0.30994985203914593,1,1,1,1,1
2026-07-18,2026-07-17,Gali,G_SQUARE,66,99,7,80,88,NEUTRAL,1,1,1,0.06318765797588284,2,3,3,0.2558483044669774,1,2,2,0.1926606464910946,1.2096285472758137,1,1,1,1,1
2026-07-18,2026-07-17,Gali,G_SQUARE,66,14,8,80,88,NEUTRAL,1,1,1,0.06318765797588284,4,5,5,0.5299396697487296,3,4,4,0.4667520117728468,2.994266099266307,1,1,1,1,1
2026-07-19,2026-07-18,Deshawar,ECHO_7,31,13,6,16,25,NEUTRAL,2,2,2,0.13258300593361894,2,3,3,0.1899167498249963,0,1,1,0.05733374389137735,0.3791002694743817,0,0,1,1,1
2026-07-19,2026-07-18,Deshawar,ECHO_7,31,73,7,16,25,NEUTRAL,2,2,2,0.13258300593361894,3,4,4,0.19887604328933642,1,2,2,0.06629303735571748,0.40926468450760556,0,0,1,1,1
2026-07-19,2026-07-18,Deshawar,ECHO_7,31,76,8,16,25,NEUTRAL,2,2,2,0.13258300593361894,0,1,1,0.06849167187282018,-2,-1,-1,-0.06409133406079875,-0.3922063871248527,0,0,0,0,1
2026-07-19,2026-07-18,Faridabad,DATE_TRIAD,57,24,6,83,85,NEUTRAL,1,2,2,0.09326784604231654,0,2,2,0.10494665453017321,-1,0,0,0.01167880848785667,0.0906047531407379,0,0,1,1,1
2026-07-19,2026-07-18,Faridabad,DATE_TRIAD,57,33,7,83,85,NEUTRAL,1,2,2,0.09326784604231654,0,3,3,0.1112712501118531,-1,1,1,0.018003404069536558,0.14344713264867603,0,0,1,1,1
2026-07-19,2026-07-18,Faridabad,DATE_TRIAD,57,39,8,83,85,NEUTRAL,1,2,2,0.09326784604231654,0,3,3,0.09530861367579016,-1,1,1,0.0020407676334736197,0.050626600834894675,0,0,1,1,1
2026-07-19,2026-07-18,Ghaziabad,G_SQUARE_HARMONICS+MODEL_F,06,86,6,45,34,NEUTRAL,3,4,4,0.3902811566941257,1,1,1,0.09654705724525091,-2,-3,-3,-0.2937340994488748,-1.804900348244031,0,0,0,0,2
2026-07-19,2026-07-18,Ghaziabad,G_SQUARE_HARMONICS+MODEL_F,06,11,7,45,34,NEUTRAL,3,4,4,0.3902811566941257,2,4,4,0.3228037645726116,-1,0,0,-0.0674773921215141,-0.47781479896880374,0,0,1,1,2
2026-07-19,2026-07-18,Ghaziabad,G_SQUARE_HARMONICS+MODEL_F,06,88,8,45,34,NEUTRAL,3,4,4,0.3902811566941257,1,1,1,0.09299802899892125,-2,-3,-3,-0.2972831276952045,-1.813294164212738,0,0,0,0,2
2026-07-19,2026-07-18,Gali,G_SQUARE,82,00,6,57,64,NEUTRAL,1,1,1,0.06377334032155954,1,6,5,0.16401390109198635,0,5,4,0.10024056077042681,0.5997375791228261,1,1,1,1,1
2026-07-19,2026-07-18,Gali,G_SQUARE,82,22,7,57,64,NEUTRAL,1,1,1,0.06377334032155954,0,2,2,0.09630896631115955,-1,1,1,0.03253562598960001,0.18700530009012323,1,1,1,1,1
2026-07-19,2026-07-18,Gali,G_SQUARE,82,33,8,57,64,NEUTRAL,1,1,1,0.06377334032155954,0,2,2,0.09624956764233537,-1,1,1,0.03247622732077583,0.2033891240419971,1,1,1,1,1
2026-07-20,2026-07-19,Deshawar,ECHO_7,25,33,6,83,85,NEUTRAL,1,1,1,0.09230090079290063,1,3,3,0.24160936287375784,0,2,2,0.1493084620808572,0.9960471690799452,1,1,1,1,1
2026-07-20,2026-07-19,Deshawar,ECHO_7,25,93,7,83,85,NEUTRAL,1,1,1,0.09230090079290063,1,3,3,0.14539558096274535,0,2,2,0.05309468016984473,0.3663385906241161,1,1,1,1,1
2026-07-20,2026-07-19,Deshawar,ECHO_7,25,47,8,83,85,NEUTRAL,1,1,1,0.09230090079290063,1,2,2,0.1889623587665449,0,1,1,0.09666145797364428,0.7627668909904154,1,1,1,1,1
2026-07-20,2026-07-19,Faridabad,DATE_TRIAD,90,68,6,47,55,NEUTRAL,1,1,1,0.06609981297345899,0,1,1,0.06601889096197333,-1,0,0,-8.092201148565681e-05,0.00999877491347162,1,1,0,0,1
2026-07-20,2026-07-19,Faridabad,DATE_TRIAD,90,94,7,47,55,NEUTRAL,1,1,1,0.06609981297345899,0,2,2,0.08343791828496099,-1,1,1,0.017338105311501997,0.12729285670877494,1,1,1,1,1
2026-07-20,2026-07-19,Faridabad,DATE_TRIAD,90,13,8,47,55,NEUTRAL,1,1,1,0.06609981297345899,4,5,5,0.3207281610118208,3,4,4,0.25462834803836176,1.4318889920252829,1,1,1,1,1
2026-07-20,2026-07-19,Ghaziabad,G_SQUARE_HARMONICS+MODEL_F,49,22,6,32,62,NEUTRAL,3,4,4,0.2665140782122935,2,3,3,0.2920349049196846,-1,-1,-1,0.025520826707391087,0.14389417950527972,0,0,1,1,2
2026-07-20,2026-07-19,Ghaziabad,G_SQUARE_HARMONICS+MODEL_F,49,55,7,32,62,NEUTRAL,3,4,4,0.2665140782122935,1,2,1,0.09311808253575167,-2,-2,-3,-0.17339599567654185,-1.022794161551983,0,0,1,0,2
2026-07-20,2026-07-19,Ghaziabad,G_SQUARE_HARMONICS+MODEL_F,49,94,8,32,62,NEUTRAL,3,4,4,0.2665140782122935,0,2,2,0.1082936081139826,-3,-2,-2,-0.15822047009831092,-0.9125292313519942,0,0,1,1,2
2026-07-20,2026-07-19,Gali,RASHI_FAMILY,54,40,6,54,5,DAMAGE,2,2,2,0.15188806059003196,1,3,3,0.1461968995350994,-1,1,1,-0.005691161054932559,0.029096351563281275,0,0,1,1,1
2026-07-20,2026-07-19,Gali,RASHI_FAMILY,54,77,7,54,5,DAMAGE,2,2,2,0.15188806059003196,2,4,4,0.2951039906113398,0,2,2,0.14321593002130784,0.8822384896192242,0,0,1,1,1
2026-07-20,2026-07-19,Gali,RASHI_FAMILY,54,17,8,54,5,DAMAGE,2,2,2,0.15188806059003196,0,1,1,0.07928094451199416,-2,-1,-1,-0.0726071160780378,-0.42587064287842824,0,0,0,0,1
2026-07-21,2026-07-20,Deshawar,ECHO_7,71,17,6,73,1,NEUTRAL,2,4,4,0.16062615892777582,1,2,2,0.15892800029271806,-1,-2,-2,-0.0016981586350577615,0.011039361822862137,0,0,1,1,1
2026-07-21,2026-07-20,Deshawar,ECHO_7,71,26,7,73,1,NEUTRAL,2,4,4,0.16062615892777582,1,4,4,0.19064523009084303,-1,0,0,0.030019071163067207,0.1586004557707501,0,0,1,1,1
2026-07-21,2026-07-20,Deshawar,ECHO_7,71,80,8,73,1,NEUTRAL,2,4,4,0.16062615892777582,0,1,1,0.04568658631800909,-2,-3,-3,-0.11493957260976673,-0.6962605116745431,0,0,0,0,1
2026-07-21,2026-07-20,Faridabad,DATE_TRIAD,21,79,6,06,17,NEUTRAL,1,1,1,0.1082222545799247,0,1,1,0.09292551902504109,-1,0,0,-0.015296735554883603,-0.07057236922054066,1,1,0,0,1
2026-07-21,2026-07-20,Faridabad,DATE_TRIAD,21,95,7,06,17,NEUTRAL,1,1,1,0.1082222545799247,0,2,2,0.08526701531507051,-1,1,1,-0.022955239264854183,-0.12807323257035524,1,1,1,1,1
2026-07-21,2026-07-20,Faridabad,DATE_TRIAD,21,02,8,06,17,NEUTRAL,1,1,1,0.1082222545799247,0,3,3,0.11278099245442458,-1,2,2,0.0045587378744998824,0.036967141789814306,1,1,1,1,1
2026-07-21,2026-07-20,Ghaziabad,G_SQUARE_HARMONICS+MODEL_F,51,13,6,82,92,NEUTRAL,4,6,6,0.2707377906272964,1,1,1,0.1280990954107143,-3,-5,-5,-0.14263869521658212,-0.8742539961729136,0,0,0,0,2
2026-07-21,2026-07-20,Ghaziabad,G_SQUARE_HARMONICS+MODEL_F,51,22,7,82,92,NEUTRAL,4,6,6,0.2707377906272964,1,2,1,0.17040428912303798,-3,-4,-5,-0.10033350150425843,-0.6171360800686705,0,0,1,0,2
2026-07-21,2026-07-20,Ghaziabad,G_SQUARE_HARMONICS+MODEL_F,51,23,8,82,92,NEUTRAL,4,6,6,0.2707377906272964,3,5,4,0.3798699040131139,-1,-1,-2,0.10913211338581746,0.6774684896076555,0,0,1,1,2
2026-07-21,2026-07-20,Gali,RASHI_FAMILY,40,77,6,11,37,NEUTRAL,2,3,3,0.12769896157608196,1,2,2,0.10345538879108147,-1,-1,-1,-0.024243572785000486,-0.16627715927894815,0,0,1,1,1
2026-07-21,2026-07-20,Gali,RASHI_FAMILY,40,80,7,11,37,NEUTRAL,2,3,3,0.12769896157608196,2,3,3,0.10632189253481167,0,0,0,-0.02137706904127029,-0.11564666319054062,0,0,1,1,1
2026-07-21,2026-07-20,Gali,RASHI_FAMILY,40,18,8,11,37,NEUTRAL,2,3,3,0.12769896157608196,0,1,1,0.07637469595773554,-2,-2,-2,-0.051324265618346424,-0.3487454830491743,0,0,0,0,1
2026-07-22,2026-07-21,Deshawar,ECHO_7,40,04,6,05,14,NEUTRAL,1,2,2,0.1060174073195529,0,4,4,0.11951712969066468,-1,2,2,0.013499722371111772,0.11293636498097093,0,0,1,1,1
2026-07-22,2026-07-21,Deshawar,ECHO_7,40,83,7,05,14,NEUTRAL,1,2,2,0.1060174073195529,3,4,4,0.19958059238930945,2,2,2,0.09356318506975654,0.5601323292034562,0,0,1,1,1
2026-07-22,2026-07-21,Deshawar,ECHO_7,40,46,8,05,14,NEUTRAL,1,2,2,0.1060174073195529,1,3,3,0.12162376928846556,0,1,1,0.015606361968912658,0.12123315789932598,0,0,1,1,1
2026-07-22,2026-07-21,Faridabad,DATE_TRIAD,51,80,6,34,42,NEUTRAL,2,2,2,0.16486639297976552,0,1,1,0.0712248380122232,-2,-1,-1,-0.09364155496754233,-0.6207578152686533,0,0,0,0,1
2026-07-22,2026-07-21,Faridabad,DATE_TRIAD,51,96,7,34,42,NEUTRAL,2,2,2,0.16486639297976552,0,2,2,0.07600838127628147,-2,0,0,-0.08885801170348405,-0.5830062112812031,0,0,1,1,1
2026-07-22,2026-07-21,Faridabad,DATE_TRIAD,51,00,8,34,42,NEUTRAL,2,2,2,0.16486639297976552,1,7,6,0.19392549760082614,-1,5,4,0.029059104621060622,0.10554815366187276,0,0,1,1,1
2026-07-22,2026-07-21,Ghaziabad,G_SQUARE_HARMONICS+MODEL_F,02,04,6,09,72,NEUTRAL,2,4,3,0.21770283963557066,1,3,3,0.15158227628858878,-1,-1,0,-0.06612056334698188,-0.37565158666046095,0,0,1,1,2
2026-07-22,2026-07-21,Ghaziabad,G_SQUARE_HARMONICS+MODEL_F,02,33,7,09,72,NEUTRAL,2,4,3,0.21770283963557066,3,3,3,0.3344130667544835,1,-1,0,0.11671022711891285,0.6767155548734498,0,0,1,1,2
2026-07-22,2026-07-21,Ghaziabad,G_SQUARE_HARMONICS+MODEL_F,02,08,8,09,72,NEUTRAL,2,4,3,0.21770283963557066,1,2,2,0.18016989547838877,-1,-2,-1,-0.03753294415718189,-0.1655564963989622,0,0,1,1,2
2026-07-22,2026-07-21,Gali,RASHI_FAMILY,11,75,6,40,45,NEUTRAL,7,7,6,0.9249741293026699,1,2,2,0.09697692076230569,-6,-5,-4,-0.8279972085403642,-5.273937254670158,0,0,1,1,1
2026-07-22,2026-07-21,Gali,RASHI_FAMILY,11,80,7,40,45,NEUTRAL,7,7,6,0.9249741293026699,1,6,6,0.19285369729180993,-6,-1,0,-0.73212043201086,-4.696259866819415,0,0,1,1,1
2026-07-22,2026-07-21,Gali,RASHI_FAMILY,11,18,8,40,45,NEUTRAL,7,7,6,0.9249741293026699,1,2,2,0.12684232925062472,-6,-5,-4,-0.7981318000520452,-5.121695131985717,0,0,1,1,1
2026-07-23,2026-07-22,Deshawar,ECHO_7,24,42,6,20,4,NEUTRAL,1,1,1,0.08860284983463179,0,1,1,0.059137497461558074,-1,0,0,-0.029465352373073718,-0.18174673349683795,1,1,0,0,1
2026-07-23,2026-07-22,Deshawar,ECHO_7,24,71,7,20,4,NEUTRAL,1,1,1,0.08860284983463179,0,2,2,0.0749971186842955,-1,1,1,-0.013605731150336295,-0.08953724974762317,1,1,1,1,1
2026-07-23,2026-07-22,Deshawar,ECHO_7,24,97,8,20,4,NEUTRAL,1,1,1,0.08860284983463179,0,1,1,0.04854995907768728,-1,0,0,-0.040052890756944515,-0.2449335738620549,1,1,0,0,1
2026-07-23,2026-07-22,Faridabad,DATE_TRIAD,90,99,6,39,43,NEUTRAL,2,2,2,0.11365021709605545,3,4,4,0.5811547967569017,1,2,2,0.4675045796608463,2.6874633165067,0,0,1,1,1
2026-07-23,2026-07-22,Faridabad,DATE_TRIAD,90,01,7,39,43,NEUTRAL,2,2,2,0.11365021709605545,1,5,4,0.17954795872391005,-1,3,2,0.0658977416278546,0.5112449734462521,0,0,1,1,1
2026-07-23,2026-07-22,Faridabad,DATE_TRIAD,90,02,8,39,43,NEUTRAL,2,2,2,0.11365021709605545,1,4,3,0.17754429603398936,-1,2,1,0.0638940789379339,0.5318674472765734,0,0,1,1,1
2026-07-23,2026-07-22,Ghaziabad,G_SQUARE_HARMONICS+MODEL_F,45,32,6,54,21,NEUTRAL,3,4,4,0.25901918359357473,3,4,4,0.2775289089160266,0,0,0,0.018509725322451875,0.17886300175197012,0,0,1,1,2
2026-07-23,2026-07-22,Ghaziabad,G_SQUARE_HARMONICS+MODEL_F,45,79,7,54,21,NEUTRAL,3,4,4,0.25901918359357473,1,1,1,0.06463060058219929,-2,-3,-3,-0.19438858301137546,-1.1677410574764227,0,0,0,0,2
2026-07-23,2026-07-22,Ghaziabad,G_SQUARE_HARMONICS+MODEL_F,45,07,8,54,21,NEUTRAL,3,4,4,0.25901918359357473,0,1,1,0.10527795609908133,-3,-3,-3,-0.1537412274944934,-0.9189259724143208,0,0,0,0,2
2026-07-23,2026-07-22,Gali,G_SQUARE,64,00,6,43,63,NEUTRAL,1,1,1,0.06417356634502759,3,7,6,0.35244193811539437,2,6,5,0.2882683717703668,1.7497579243233576,1,1,1,1,1
2026-07-23,2026-07-22,Gali,G_SQUARE,64,55,7,43,63,NEUTRAL,1,1,1,0.06417356634502759,0,1,1,0.0631170311686043,-1,0,0,-0.00105653517642329,-0.0036159886163504296,1,1,0,0,1
2026-07-23,2026-07-22,Gali,G_SQUARE,64,66,8,43,63,NEUTRAL,1,1,1,0.06417356634502759,0,2,2,0.08557764778126051,-1,1,1,0.021404081436232916,0.12839847493470485,1,1,1,1,1
2026-07-24,2026-07-23,Deshawar,ECHO_7,39,93,6,69,72,NEUTRAL,1,1,1,0.09774045949924244,0,1,1,0.06308966069775661,-1,0,0,-0.03465079880148583,-0.21030082163021968,1,1,0,0,1
2026-07-24,2026-07-23,Deshawar,ECHO_7,39,67,7,69,72,NEUTRAL,1,1,1,0.09774045949924244,1,2,2,0.13753389983240838,0,1,1,0.03979344033316594,0.28113009875096817,1,1,1,1,1
2026-07-24,2026-07-23,Deshawar,ECHO_7,39,73,8,69,72,NEUTRAL,1,1,1,0.09774045949924244,3,4,4,0.3132588948327438,2,3,3,0.21551843533350135,1.2636038725575212,1,1,1,1,1
2026-07-24,2026-07-23,Faridabad,HARUF_PYRAMID+DATE_TRIAD,00,19,6,76,46,NEUTRAL,4,6,5,0.3865506204494781,1,1,1,0.15429064922230046,-3,-5,-4,-0.23225997122717762,-1.4233474633474177,0,0,0,0,2
2026-07-24,2026-07-23,Faridabad,HARUF_PYRAMID+DATE_TRIAD,00,03,7,76,46,NEUTRAL,4,6,5,0.3865506204494781,3,6,5,0.275979146362718,-1,0,0,-0.1105714740867601,-0.6472168583805316,0,0,1,1,2
2026-07-24,2026-07-23,Faridabad,HARUF_PYRAMID+DATE_TRIAD,00,62,8,76,46,NEUTRAL,4,6,5,0.3865506204494781,1,2,2,0.13786253887897182,-3,-4,-3,-0.24868808157050626,-1.5193150027924718,0,0,1,1,2
2026-07-24,2026-07-23,Ghaziabad,G_SQUARE_HARMONICS+MODEL_F,00,49,6,73,90,NEUTRAL,3,6,6,0.4244935688990251,1,3,2,0.12585672049386779,-2,-3,-4,-0.29863684840515736,-1.7162751832432792,0,0,1,1,2
2026-07-24,2026-07-23,Ghaziabad,G_SQUARE_HARMONICS+MODEL_F,00,11,7,73,90,NEUTRAL,3,6,6,0.4244935688990251,2,4,4,0.315548556584276,-1,-2,-2,-0.10894501231474912,-0.5166108956539557,0,0,1,1,2
2026-07-24,2026-07-23,Ghaziabad,G_SQUARE_HARMONICS+MODEL_F,00,99,8,73,90,NEUTRAL,3,6,6,0.4244935688990251,1,3,2,0.23845511031966599,-2,-3,-4,-0.18603845857935913,-1.0644012035446937,0,0,1,1,2
2026-07-24,2026-07-23,Gali,G_SQUARE,77,88,6,72,90,NEUTRAL,3,3,3,0.2942645999916421,0,2,2,0.09895056265872362,-3,-1,-1,-0.1953140373329185,-1.1940097892704802,0,0,1,1,1
2026-07-24,2026-07-23,Gali,G_SQUARE,77,19,7,72,90,NEUTRAL,3,3,3,0.2942645999916421,1,3,3,0.16272931709970562,-2,0,0,-0.1315352828919365,-0.8185534158930987,0,0,1,1,1
2026-07-24,2026-07-23,Gali,G_SQUARE,77,89,8,72,90,NEUTRAL,3,3,3,0.2942645999916421,0,1,1,0.068089130455729,-3,-2,-2,-0.2261754695359131,-1.385001750039971,0,0,0,0,1
2026-07-25,2026-07-24,Deshawar,ECHO_7,91,19,6,89,91,NEUTRAL,1,1,1,0.06947751570460191,0,1,1,0.08739069608366495,-1,0,0,0.017913180379063046,0.12059103576990388,1,1,0,0,1
2026-07-25,2026-07-24,Deshawar,ECHO_7,91,14,7,89,91,NEUTRAL,1,1,1,0.06947751570460191,1,3,3,0.1322539503377337,0,2,2,0.0627764346331318,0.42408853913040495,1,1,1,1,1
2026-07-25,2026-07-24,Deshawar,ECHO_7,91,46,8,89,91,NEUTRAL,1,1,1,0.06947751570460191,0,1,1,0.06269392211880499,-1,0,0,-0.006783593585796915,-0.026935315439194252,1,1,0,0,1
2026-07-25,2026-07-24,Faridabad,HARUF_PYRAMID+DATE_TRIAD,42,32,6,32,6,RESCUE,0,2,2,0.11198278817993386,3,6,6,0.2469495521469395,3,4,4,0.13496676396700563,0.8324160418687103,0,0,1,1,2
2026-07-25,2026-07-24,Faridabad,HARUF_PYRAMID+DATE_TRIAD,42,92,7,32,6,NEUTRAL,0,2,2,0.11198278817993386,0,2,2,0.11096720223510995,0,0,0,-0.001015585944823913,0.019233122461066454,0,0,1,1,2
2026-07-25,2026-07-24,Faridabad,HARUF_PYRAMID+DATE_TRIAD,42,31,8,32,6,NEUTRAL,0,2,2,0.11198278817993386,3,3,3,0.2010473256215014,3,1,1,0.08906453744156755,0.5809026789875196,0,0,1,1,2
2026-07-25,2026-07-24,Ghaziabad,G_SQUARE_HARMONICS+MODEL_F,26,33,6,70,35,NEUTRAL,2,4,3,0.1722681412455383,3,3,3,0.34429351262887115,1,-1,0,0.17202537138333285,0.9579606490472361,0,0,1,1,2
2026-07-25,2026-07-24,Ghaziabad,G_SQUARE_HARMONICS+MODEL_F,26,32,7,70,35,NEUTRAL,2,4,3,0.1722681412455383,3,4,4,0.24442261587986938,1,0,1,0.07215447463433108,0.45542367842909726,0,0,1,1,2
2026-07-25,2026-07-24,Ghaziabad,G_SQUARE_HARMONICS+MODEL_F,26,00,8,70,35,NEUTRAL,2,4,3,0.1722681412455383,1,5,5,0.3382886908117342,-1,1,2,0.16602054956619589,0.9822552633816306,0,0,1,1,2
2026-07-25,2026-07-24,Gali,HARUF_PYRAMID,34,43,6,58,85,NEUTRAL,2,2,2,0.11696004093943056,3,4,4,0.22375667751674053,1,2,2,0.10679663657730996,0.7535898457806003,0,0,1,1,1
2026-07-25,2026-07-24,Gali,HARUF_PYRAMID,34,45,7,58,85,NEUTRAL,2,2,2,0.11696004093943056,2,4,4,0.16737424943664708,0,2,2,0.05041420849721652,0.35191029960443676,0,0,1,1,1
2026-07-25,2026-07-24,Gali,HARUF_PYRAMID,34,54,8,58,85,NEUTRAL,2,2,2,0.11696004093943056,0,4,4,0.10742904955167953,-2,2,2,-0.009530991387751028,-0.03408030122415018,0,0,1,1,1
2026-07-26,2026-07-25,Deshawar,ECHO_7,23,32,6,65,69,NEUTRAL,2,3,3,0.25093829405453577,0,2,2,0.098611965555392,-2,-1,-1,-0.15232632849914376,-0.9929848697113873,0,0,1,1,1
2026-07-26,2026-07-25,Deshawar,ECHO_7,23,83,7,65,69,NEUTRAL,2,3,3,0.25093829405453577,0,2,2,0.0914438218284839,-2,-1,-1,-0.15949447222605187,-1.0359860526566225,0,0,1,1,1
2026-07-26,2026-07-25,Deshawar,ECHO_7,23,73,8,65,69,NEUTRAL,2,3,3,0.25093829405453577,2,4,4,0.2982208922692083,0,1,1,0.04728259821467251,0.1953961374062012,0,0,1,1,1
2026-07-26,2026-07-25,Faridabad,HARUF_PYRAMID+DATE_TRIAD,27,66,6,22,66,NEUTRAL,1,1,1,0.1551213372765586,0,2,2,0.08101875737309494,-1,1,1,-0.07410257990346367,-0.3891219345214534,1,1,1,1,2
2026-07-26,2026-07-25,Faridabad,HARUF_PYRAMID+DATE_TRIAD,27,42,7,22,66,NEUTRAL,1,1,1,0.1551213372765586,1,1,1,0.08602229594459808,0,0,0,-0.06909904133196053,-0.3594736729482044,1,1,0,0,2
2026-07-26,2026-07-25,Faridabad,HARUF_PYRAMID+DATE_TRIAD,27,69,8,22,66,NEUTRAL,1,1,1,0.1551213372765586,1,1,1,0.10344507775311719,0,0,0,-0.05167625952344142,-0.2497492627909843,1,1,0,0,2
2026-07-26,2026-07-25,Ghaziabad,G_SQUARE_HARMONICS+MODEL_F,27,17,6,84,92,NEUTRAL,2,6,5,0.23784463890809404,1,1,1,0.12029433713356986,-1,-5,-4,-0.11755030177452418,-0.7282893695812283,0,0,0,0,2
2026-07-26,2026-07-25,Ghaziabad,G_SQUARE_HARMONICS+MODEL_F,27,72,7,84,92,NEUTRAL,2,6,5,0.23784463890809404,1,4,4,0.1480009084426981,-1,-2,-1,-0.08984373046539595,-0.5348456981907194,0,0,1,1,2
2026-07-26,2026-07-25,Ghaziabad,G_SQUARE_HARMONICS+MODEL_F,27,00,8,84,92,NEUTRAL,2,6,5,0.23784463890809404,2,6,5,0.2662684908346057,0,0,0,0.028423851926511645,0.1598421234011269,0,0,1,1,2
2026-07-27,2026-07-26,Deshawar,ECHO_7,60,16,6,06,4,NEUTRAL,1,1,1,0.06665874192229007,2,4,4,0.24044848169483546,1,3,3,0.1737897397725454,1.038262462985577,1,1,1,1,1
2026-07-27,2026-07-26,Deshawar,ECHO_7,60,33,7,06,4,NEUTRAL,1,1,1,0.06665874192229007,1,2,2,0.10097847774573025,0,1,1,0.03431973582344018,0.23515545323550158,1,1,1,1,1
2026-07-27,2026-07-26,Deshawar,ECHO_7,60,93,8,06,4,NEUTRAL,1,1,1,0.06665874192229007,0,1,1,0.048602939154746644,-1,0,0,-0.018055802767543427,-0.10409263019305287,1,1,0,0,1
2026-07-27,2026-07-26,Faridabad,HARUF_PYRAMID+DATE_TRIAD,36,30,6,74,90,NEUTRAL,1,1,1,0.1180402117624014,1,2,2,0.14677049065661082,0,1,1,0.028730278894209427,0.19842506126488535,1,1,1,1,2
2026-07-27,2026-07-26,Faridabad,HARUF_PYRAMID+DATE_TRIAD,36,69,7,74,90,NEUTRAL,1,1,1,0.1180402117624014,0,2,2,0.09634874193154022,-1,1,1,-0.021691469830861176,-0.08938306594912893,1,1,1,1,2
2026-07-27,2026-07-26,Faridabad,HARUF_PYRAMID+DATE_TRIAD,36,39,8,74,90,NEUTRAL,1,1,1,0.1180402117624014,4,5,5,0.2409315142235091,3,4,4,0.12289130246110772,0.8127545621669228,1,1,1,1,2
2026-07-27,2026-07-26,Ghaziabad,MODEL_F,55,73,6,07,18,NEUTRAL,2,3,3,0.2658726890265802,3,5,5,0.19359316817271247,1,2,2,-0.07227952085386771,-0.3798642549755653,0,0,1,1,1
2026-07-27,2026-07-26,Ghaziabad,MODEL_F,55,48,7,07,18,NEUTRAL,2,3,3,0.2658726890265802,3,5,4,0.2873922598221739,1,2,1,0.021519570795593745,0.1642137095841012,0,0,1,1,1
2026-07-27,2026-07-26,Ghaziabad,MODEL_F,55,33,8,07,18,NEUTRAL,2,3,3,0.2658726890265802,1,3,3,0.1380380510554607,-1,0,0,-0.1278346379711195,-0.7188958588692413,0,0,1,1,1
2026-07-27,2026-07-26,Gali,MODEL_F,58,72,6,72,6,RESCUE,3,3,3,0.15127613945286592,2,4,4,0.17195927089759003,-1,1,1,0.020683131444724112,0.1436177148635096,0,0,1,1,1
2026-07-27,2026-07-26,Gali,MODEL_F,58,40,7,72,6,NEUTRAL,3,3,3,0.15127613945286592,0,3,3,0.11367756596678667,-3,0,0,-0.03759857348607924,-0.2797191221509441,0,0,1,1,1
2026-07-27,2026-07-26,Gali,MODEL_F,58,43,8,72,6,NEUTRAL,3,3,3,0.15127613945286592,1,3,3,0.10819745729216174,-2,0,0,-0.04307868216070418,-0.29678030262406196,0,0,1,1,1
2026-07-28,2026-07-27,Deshawar,ECHO_7,91,80,6,75,78,NEUTRAL,1,1,1,0.06371819035926166,0,1,1,0.06451079271680588,-1,0,0,0.0007926023575442198,0.019456580645057564,1,1,0,0,1
2026-07-28,2026-07-27,Deshawar,ECHO_7,91,00,7,75,78,NEUTRAL,1,1,1,0.06371819035926166,1,5,4,0.15828310690976788,0,4,3,0.09456491655050622,0.6282005298518365,1,1,1,1,1
2026-07-28,2026-07-27,Deshawar,ECHO_7,91,01,8,75,78,NEUTRAL,1,1,1,0.06371819035926166,0,3,3,0.13021701683321646,-1,2,2,0.0664988264739548,0.44365090931199785,1,1,1,1,1
2026-07-28,2026-07-27,Faridabad,HARUF_PYRAMID+DATE_TRIAD,64,55,6,27,62,NEUTRAL,1,1,1,0.0959058882575184,2,2,2,0.30117042558197427,1,1,1,0.20526453732445588,1.1945518892648332,1,1,1,1,2
2026-07-28,2026-07-27,Faridabad,HARUF_PYRAMID+DATE_TRIAD,64,46,7,27,62,NEUTRAL,1,1,1,0.0959058882575184,1,2,2,0.0924150271616377,0,1,1,-0.003490861095880704,-0.014325524691945368,1,1,1,1,2
2026-07-28,2026-07-27,Faridabad,HARUF_PYRAMID+DATE_TRIAD,64,07,8,27,62,NEUTRAL,1,1,1,0.0959058882575184,1,1,1,0.1493283899862858,0,0,0,0.053422501728767405,0.31301848116713427,1,1,0,0,2
2026-07-28,2026-07-27,Ghaziabad,MODEL_F,73,77,6,67,91,NEUTRAL,3,4,4,0.1818791570155331,3,4,3,0.47763591574831793,0,0,-1,0.29575675873278484,1.6523214323036188,0,0,1,1,1
2026-07-28,2026-07-27,Ghaziabad,MODEL_F,73,54,7,67,91,NEUTRAL,3,4,4,0.1818791570155331,2,4,4,0.3070366046814324,-1,0,0,0.1251574476658993,0.8268958112249334,0,0,1,1,1
2026-07-28,2026-07-27,Ghaziabad,MODEL_F,73,37,8,67,91,NEUTRAL,3,4,4,0.1818791570155331,1,4,4,0.2048409662366516,-2,0,0,0.022961809221118512,0.13072257396820475,0,0,1,1,1
2026-07-28,2026-07-27,Gali,MODEL_F,27,39,6,02,25,NEUTRAL,5,6,5,0.4789125536980653,2,3,3,0.20106385774391916,-3,-3,-2,-0.27784869595414613,-1.7476653856950837,0,0,1,1,1
2026-07-28,2026-07-27,Gali,MODEL_F,27,33,7,02,25,NEUTRAL,5,6,5,0.4789125536980653,2,3,3,0.25598219055731747,-3,-3,-2,-0.22293036314074782,-1.5274857150814845,0,0,1,1,1
2026-07-28,2026-07-27,Gali,MODEL_F,27,22,8,02,25,NEUTRAL,5,6,5,0.4789125536980653,2,3,2,0.3042080191719498,-3,-3,-3,-0.1747045345261155,-1.2229021474308663,0,0,1,1,1
2026-07-29,2026-07-28,Deshawar,ECHO_7,53,35,6,16,3,NEUTRAL,1,2,2,0.09602774521242705,0,1,1,0.06301587901209921,-1,-1,-1,-0.03301186620032784,-0.17502444653652988,0,0,0,0,1
2026-07-29,2026-07-28,Deshawar,ECHO_7,53,94,7,16,3,NEUTRAL,1,2,2,0.09602774521242705,0,1,1,0.04974830104000065,-1,-1,-1,-0.046279444172426396,-0.25574506755408893,0,0,0,0,1
2026-07-29,2026-07-28,Deshawar,ECHO_7,53,83,8,16,3,NEUTRAL,1,2,2,0.09602774521242705,0,2,2,0.0802502522300134,-1,0,0,-0.01577749298241364,-0.07405141217358663,0,0,1,1,1
2026-07-29,2026-07-28,Faridabad,HARUF_PYRAMID+DATE_TRIAD,36,40,6,60,11,NEUTRAL,2,2,2,0.1964742603743735,1,1,1,0.09441008069645503,-1,-1,-1,-0.10206417967791846,-0.6481241794507812,0,0,0,0,2
2026-07-29,2026-07-28,Faridabad,HARUF_PYRAMID+DATE_TRIAD,36,48,7,60,11,NEUTRAL,2,2,2,0.1964742603743735,1,1,1,0.10343924992027406,-1,-1,-1,-0.09303501045409943,-0.5745974308648459,0,0,0,0,2
2026-07-29,2026-07-28,Faridabad,HARUF_PYRAMID+DATE_TRIAD,36,09,8,60,11,NEUTRAL,2,2,2,0.1964742603743735,0,1,1,0.12451687863951125,-2,-1,-1,-0.07195738173486224,-0.43904998010479734,0,0,0,0,2
2026-07-29,2026-07-28,Ghaziabad,MODEL_F,77,11,6,09,35,NEUTRAL,6,6,5,0.541477769802062,1,2,2,0.26914625261023095,-5,-4,-3,-0.272331517191831,-1.53833796449691,0,0,1,1,1
2026-07-29,2026-07-28,Ghaziabad,MODEL_F,77,75,7,09,35,NEUTRAL,6,6,5,0.541477769802062,2,3,3,0.16920527041287303,-4,-3,-2,-0.37227249938918894,-2.104729616898351,0,0,1,1,1
2026-07-29,2026-07-28,Ghaziabad,MODEL_F,77,57,8,09,35,NEUTRAL,6,6,5,0.541477769802062,1,4,4,0.1971133803231874,-5,-2,-1,-0.3443643894788746,-1.9619410799459742,0,0,1,1,1
2026-07-29,2026-07-28,Gali,RASHI_FAMILY,27,45,6,16,29,NEUTRAL,4,4,4,0.2913481039470081,0,2,2,0.07943139912002582,-4,-2,-2,-0.21191670482698227,-1.3507675039829934,0,0,1,1,1
2026-07-29,2026-07-28,Gali,RASHI_FAMILY,27,02,7,16,29,NEUTRAL,4,4,4,0.2913481039470081,6,8,7,0.5650359692526673,2,4,3,0.2736878653056592,1.7173931741375958,0,0,1,1,1
2026-07-29,2026-07-28,Gali,RASHI_FAMILY,27,39,8,16,29,NEUTRAL,4,4,4,0.2913481039470081,2,4,4,0.16661678632792545,-2,0,0,-0.12473131761908265,-0.7627594436370209,0,0,1,1,1
2026-07-30,2026-07-29,Deshawar,ECHO_7,79,71,6,67,72,NEUTRAL,2,2,2,0.0951912554005862,0,1,1,0.08217296890646732,-2,-1,-1,-0.013018286494118889,-0.0841382824680581,0,0,0,0,1
2026-07-30,2026-07-29,Deshawar,ECHO_7,79,97,7,67,72,NEUTRAL,2,2,2,0.0951912554005862,1,3,3,0.09607890080800487,-1,1,1,0.0008876454074186607,0.01454048238242367,0,0,1,1,1
2026-07-30,2026-07-29,Deshawar,ECHO_7,79,00,8,67,72,NEUTRAL,2,2,2,0.0951912554005862,1,3,3,0.16567956469933606,-1,1,1,0.07048830929874986,0.49156357096130743,0,0,1,1,1
2026-07-30,2026-07-29,Faridabad,HARUF_PYRAMID+DATE_TRIAD,39,60,6,40,7,NEUTRAL,4,6,6,0.42315854627791794,8,9,8,0.8858772847972847,4,3,2,0.46271873851936673,2.988628035382923,0,0,1,1,2
2026-07-30,2026-07-29,Faridabad,HARUF_PYRAMID+DATE_TRIAD,39,40,7,40,7,RESCUE,4,6,6,0.42315854627791794,1,1,1,0.09827176181236526,-3,-5,-5,-0.3248867844655527,-2.0490563456384137,0,0,0,0,2
2026-07-30,2026-07-29,Faridabad,HARUF_PYRAMID+DATE_TRIAD,39,58,8,40,7,NEUTRAL,4,6,6,0.42315854627791794,1,1,1,0.10765698005040104,-3,-5,-5,-0.3155015662275169,-1.974589793599543,0,0,0,0,2
2026-07-30,2026-07-29,Ghaziabad,MODEL_F,99,67,6,52,27,NEUTRAL,4,5,4,0.4788440403713375,2,3,3,0.16758526208793323,-2,-2,-1,-0.31125877828340426,-1.7425175425526487,0,0,1,1,1
2026-07-30,2026-07-29,Ghaziabad,MODEL_F,99,70,7,52,27,NEUTRAL,4,5,4,0.4788440403713375,2,6,6,0.2089670139922457,-2,1,2,-0.2698770263790918,-1.49647387523368,0,0,1,1,1
2026-07-30,2026-07-29,Ghaziabad,MODEL_F,99,54,8,52,27,NEUTRAL,4,5,4,0.4788440403713375,3,4,4,0.5160738091900696,-1,-1,0,0.037229768818732134,0.2109142928780967,0,0,1,1,1
2026-07-30,2026-07-29,Gali,RASHI_FAMILY,93,34,6,86,48,NEUTRAL,1,4,4,0.11903317364897084,1,2,2,0.14574731756989628,0,-2,-2,0.026714143920925443,0.13221520288313193,0,0,1,1,1
2026-07-30,2026-07-29,Gali,RASHI_FAMILY,93,61,7,86,48,NEUTRAL,1,4,4,0.11903317364897084,2,4,4,0.21425640672103105,1,0,0,0.09522323307206021,0.5841344827282544,0,0,1,1,1
2026-07-30,2026-07-29,Gali,RASHI_FAMILY,93,02,8,86,48,NEUTRAL,1,4,4,0.11903317364897084,4,6,6,0.28906390174682484,3,2,2,0.170030728097854,1.0973627603355998,0,0,1,1,1
2026-07-31,2026-07-30,Deshawar,ECHO_7,26,62,6,05,15,NEUTRAL,2,2,2,0.13121089265923996,0,1,1,0.07084397567962708,-2,-1,-1,-0.060366916979612883,-0.3381078472391932,0,0,0,0,1
2026-07-31,2026-07-30,Deshawar,ECHO_7,26,30,7,05,15,NEUTRAL,2,2,2,0.13121089265923996,0,1,1,0.0686852766967131,-2,-1,-1,-0.06252561596252687,-0.3476874462750332,0,0,0,0,1
2026-07-31,2026-07-30,Deshawar,ECHO_7,26,67,8,05,15,NEUTRAL,2,2,2,0.13121089265923996,3,5,5,0.49021215259789575,1,3,3,0.3590012599386558,2.0858586887694766,0,0,1,1,1
2026-08-01,2026-07-31,Faridabad,HARUF_PYRAMID+DATE_TRIAD,81,91,6,57,84,NEUTRAL,1,1,1,0.10390592645423836,0,1,1,0.08150633828536702,-1,0,0,-0.022399588168871346,-0.10903382630657688,1,1,0,0,2
2026-08-01,2026-07-31,Faridabad,HARUF_PYRAMID+DATE_TRIAD,81,78,7,57,84,NEUTRAL,1,1,1,0.10390592645423836,1,1,1,0.08224062166231963,0,0,0,-0.021665304791918735,-0.09664112884629517,1,1,0,0,2
2026-08-01,2026-07-31,Faridabad,HARUF_PYRAMID+DATE_TRIAD,81,59,8,57,84,NEUTRAL,1,1,1,0.10390592645423836,3,6,5,0.24525803626293982,2,5,4,0.14135210980870144,0.948022878969053,1,1,1,1,2
2026-08-01,2026-07-31,Ghaziabad,TRANSITION_MARKOV,19,49,6,23,39,NEUTRAL,1,1,1,0.08639688397639506,0,1,1,0.06339582381285161,-1,0,0,-0.023001060163543446,-0.1344560053048462,1,1,0,0,1
2026-08-01,2026-07-31,Ghaziabad,TRANSITION_MARKOV,19,24,7,23,39,NEUTRAL,1,1,1,0.08639688397639506,0,2,2,0.09876104381887368,-1,1,1,0.012364159842478628,0.06539878588200243,1,1,1,1,1
2026-08-01,2026-07-31,Ghaziabad,TRANSITION_MARKOV,19,44,8,23,39,NEUTRAL,1,1,1,0.08639688397639506,0,1,1,0.05965681204005553,-1,0,0,-0.026740071936339524,-0.15627607996568277,1,1,0,0,1
2026-08-01,2026-07-31,Gali,RASHI_FAMILY,04,34,6,92,98,NEUTRAL,1,2,2,0.12773048637071968,0,1,1,0.07501958986722436,-1,-1,-1,-0.05271089650349532,-0.3254356176890557,0,0,0,0,1
2026-08-01,2026-07-31,Gali,RASHI_FAMILY,04,61,7,92,98,NEUTRAL,1,2,2,0.12773048637071968,1,3,3,0.11034811849557336,0,1,1,-0.017382367875146326,-0.09755070634442875,0,0,1,1,1
2026-08-01,2026-07-31,Gali,RASHI_FAMILY,04,68,8,92,98,NEUTRAL,1,2,2,0.12773048637071968,2,6,5,0.24919361279112448,1,4,3,0.1214631264204048,0.7652696542601024,0,0,1,1,1
2026-08-02,2026-08-01,Deshawar,ECHO_7,53,35,6,31,39,NEUTRAL,1,2,2,0.09884691189115649,0,1,1,0.06502723995516335,-1,-1,-1,-0.03381967193599314,-0.17634860630636895,0,0,0,0,1
2026-08-02,2026-08-01,Deshawar,ECHO_7,53,10,7,31,39,NEUTRAL,1,2,2,0.09884691189115649,0,1,1,0.10012641818785492,-1,-1,-1,0.0012795062966984294,0.05475857943838758,0,0,0,0,1
2026-08-02,2026-08-01,Deshawar,ECHO_7,53,14,8,31,39,NEUTRAL,1,2,2,0.09884691189115649,0,2,2,0.10224003320169935,-1,0,0,0.0033931213105428543,0.06764860503253811,0,0,1,1,1
2026-08-02,2026-08-01,Faridabad,HARUF_PYRAMID+DATE_TRIAD,26,18,6,06,14,NEUTRAL,3,4,4,0.18464495642450102,1,1,1,0.1224835517999236,-2,-3,-3,-0.06216140462457742,-0.36823730116092834,0,0,0,0,2
2026-08-02,2026-08-01,Faridabad,HARUF_PYRAMID+DATE_TRIAD,26,09,7,06,14,NEUTRAL,3,4,4,0.18464495642450102,1,1,1,0.17574092894352192,-2,-3,-3,-0.008904027480979099,-0.05163271327628194,0,0,0,0,2
2026-08-02,2026-08-01,Faridabad,HARUF_PYRAMID+DATE_TRIAD,26,16,8,06,14,NEUTRAL,3,4,4,0.18464495642450102,1,1,1,0.11609048578347564,-2,-3,-3,-0.06855447064102538,-0.419302112937865,0,0,0,0,2
2026-08-02,2026-08-01,Ghaziabad,TRANSITION_MARKOV,18,11,6,15,2,NEUTRAL,2,3,3,0.18025962562587833,3,5,4,0.5189513507251242,1,2,1,0.3386917250992459,1.9278963085367862,0,0,1,1,1
2026-08-02,2026-08-01,Ghaziabad,TRANSITION_MARKOV,18,12,7,15,2,NEUTRAL,2,3,3,0.18025962562587833,1,2,2,0.1813316123486847,-1,-1,-1,0.0010719867228063673,-0.03822640300675095,0,0,1,1,1
2026-08-02,2026-08-01,Ghaziabad,TRANSITION_MARKOV,18,13,8,15,2,NEUTRAL,2,3,3,0.18025962562587833,1,2,2,0.1366537096315243,-1,-1,-1,-0.04360591599435404,-0.29172271367108915,0,0,1,1,1
2026-08-02,2026-08-01,Gali,RASHI_FAMILY,61,68,6,31,20,NEUTRAL,1,3,3,0.10763379582381027,1,3,3,0.10054611306323348,0,0,0,-0.007087682760576794,-0.0370294826238351,0,0,1,1,1
2026-08-02,2026-08-01,Gali,RASHI_FAMILY,61,93,7,31,20,NEUTRAL,1,3,3,0.10763379582381027,0,1,1,0.045895132285425744,-1,-2,-2,-0.06173866353838453,-0.4019177231205355,0,0,0,0,1
2026-08-02,2026-08-01,Gali,RASHI_FAMILY,61,07,8,31,20,NEUTRAL,1,3,3,0.10763379582381027,1,3,3,0.13143314245921497,0,0,0,0.0237993466354047,0.12567342910981583,0,0,1,1,1
2026-08-03,2026-08-02,Deshawar,ECHO_7,26,62,6,74,76,NEUTRAL,2,4,4,0.16827688433270221,0,2,2,0.09133240582782415,-2,-2,-2,-0.07694447850487807,-0.4591413140104216,0,0,1,1,1
2026-08-03,2026-08-02,Deshawar,ECHO_7,26,34,7,74,76,NEUTRAL,2,4,4,0.16827688433270221,1,4,4,0.15051268112711025,-1,0,0,-0.017764203205591966,-0.0843255394663669,0,0,1,1,1
2026-08-03,2026-08-02,Deshawar,ECHO_7,26,83,8,74,76,NEUTRAL,2,4,4,0.16827688433270221,0,1,1,0.07802510074526006,-2,-3,-3,-0.09025178358744215,-0.553418273499686,0,0,0,0,1
2026-08-03,2026-08-02,Faridabad,HARUF_PYRAMID+DATE_TRIAD,92,20,6,95,66,NEUTRAL,1,1,1,0.1089610363813354,1,2,2,0.13448185486873065,0,1,1,0.02552081848739525,0.18484230445733785,1,1,1,1,2
2026-08-03,2026-08-02,Faridabad,HARUF_PYRAMID+DATE_TRIAD,92,66,7,95,66,NEUTRAL,1,1,1,0.1089610363813354,6,6,4,0.687306963105523,5,5,3,0.5783459267241876,3.555145232541051,1,1,1,1,2
2026-08-03,2026-08-02,Faridabad,HARUF_PYRAMID+DATE_TRIAD,92,65,8,95,66,NEUTRAL,1,1,1,0.1089610363813354,1,1,1,0.09891094145940917,0,0,0,-0.01005009492192624,-0.017142924485934574,1,1,0,0,2
2026-08-03,2026-08-02,Ghaziabad,TRANSITION_MARKOV,13,71,6,60,62,NEUTRAL,1,1,1,0.09155522453488957,0,1,1,0.05970037584073472,-1,0,0,-0.03185484869415485,-0.1863385570018221,1,1,0,0,1
2026-08-03,2026-08-02,Ghaziabad,TRANSITION_MARKOV,13,76,7,60,62,NEUTRAL,1,1,1,0.09155522453488957,1,3,3,0.12100280423496748,0,2,2,0.029447579700077914,0.17585204722588288,1,1,1,1,1
2026-08-03,2026-08-02,Ghaziabad,TRANSITION_MARKOV,13,77,8,60,62,NEUTRAL,1,1,1,0.09155522453488957,1,3,3,0.2412750534000325,0,2,2,0.14971982886514293,0.8579415908079813,1,1,1,1,1
2026-08-03,2026-08-02,Gali,RASHI_FAMILY,34,61,6,59,29,NEUTRAL,2,3,3,0.14847237310339997,0,3,3,0.09365331268754455,-2,0,0,-0.05481906041585542,-0.32636550550910637,0,0,1,1,1
2026-08-03,2026-08-02,Gali,RASHI_FAMILY,34,93,7,59,29,NEUTRAL,2,3,3,0.14847237310339997,1,2,2,0.12659427270758536,-1,-1,-1,-0.021878100395814615,-0.15094280287593775,0,0,1,1,1
2026-08-03,2026-08-02,Gali,RASHI_FAMILY,34,07,8,59,29,NEUTRAL,2,3,3,0.14847237310339997,4,7,7,0.4363608605317321,2,4,4,0.2878884874283322,1.8888605838605836,0,0,1,1,1
2026-08-04,2026-08-03,Deshawar,ECHO_7,38,93,6,31,38,NEUTRAL,1,1,1,0.07737426123098406,0,1,1,0.06211836525517801,-1,0,0,-0.015255895975806053,-0.0846793559787391,1,1,0,0,1
2026-08-04,2026-08-03,Deshawar,ECHO_7,38,16,7,31,38,NEUTRAL,1,1,1,0.07737426123098406,3,5,5,0.3884048558586993,2,4,4,0.31103059462771526,1.7955050845557632,1,1,1,1,1
2026-08-04,2026-08-03,Deshawar,ECHO_7,38,33,8,31,38,NEUTRAL,1,1,1,0.07737426123098406,1,2,2,0.0919202670210514,0,1,1,0.014546005790067332,0.14047022228654216,1,1,1,1,1
2026-08-04,2026-08-03,Faridabad,HARUF_PYRAMID+DATE_TRIAD,67,68,6,12,49,NEUTRAL,1,1,1,0.111562392597721,1,1,1,0.1160688307518319,0,0,0,0.004506438154110906,0.07580195044015647,1,1,0,0,2
2026-08-04,2026-08-03,Faridabad,HARUF_PYRAMID+DATE_TRIAD,67,76,7,12,49,NEUTRAL,1,1,1,0.111562392597721,1,1,1,0.09514987744526242,0,0,0,-0.016412515152458576,-0.07798025906686257,1,1,0,0,2
2026-08-04,2026-08-03,Faridabad,HARUF_PYRAMID+DATE_TRIAD,67,17,8,12,49,NEUTRAL,1,1,1,0.111562392597721,1,1,1,0.09614440453157189,0,0,0,-0.015417988066149108,-0.04275634205805101,1,1,0,0,2
2026-08-04,2026-08-03,Ghaziabad,TRANSITION_MARKOV,08,10,6,24,32,NEUTRAL,1,1,1,0.12077767061146305,0,1,1,0.09953778383209995,-1,0,0,-0.0212398867793631,-0.11883122969521687,1,1,0,0,1
2026-08-04,2026-08-03,Ghaziabad,TRANSITION_MARKOV,08,15,7,24,32,NEUTRAL,1,1,1,0.12077767061146305,4,5,5,0.4355830201944686,3,4,4,0.31480534958300554,1.9162793489501226,1,1,1,1,1
2026-08-04,2026-08-03,Ghaziabad,TRANSITION_MARKOV,08,17,8,24,32,NEUTRAL,1,1,1,0.12077767061146305,1,2,2,0.12682168393468962,0,1,1,0.006044013323226571,0.05371360483204479,1,1,1,1,1
2026-08-04,2026-08-03,Gali,RASHI_FAMILY,40,20,6,27,4,NEUTRAL,5,7,5,0.272555698990435,0,1,1,0.08522210589036168,-5,-6,-4,-0.18733359310007336,-1.199917069893078,0,0,0,0,1
2026-08-04,2026-08-03,Gali,RASHI_FAMILY,40,93,7,27,4,NEUTRAL,5,7,5,0.272555698990435,0,1,1,0.04313412847390008,-5,-6,-4,-0.22942157051653495,-1.4596195552608653,0,0,0,0,1
2026-08-04,2026-08-03,Gali,RASHI_FAMILY,40,04,8,27,4,NEUTRAL,5,7,5,0.272555698990435,2,6,5,0.2929172478613072,-3,-1,0,0.02036154887087216,0.0832042416913501,0,0,1,1,1
2026-08-05,2026-08-04,Deshawar,ECHO_7,24,26,6,93,94,NEUTRAL,2,3,3,0.14062399374385884,0,2,2,0.10636863133502937,-2,-1,-1,-0.03425536240882947,-0.2270040334475193,0,0,1,1,1
2026-08-05,2026-08-04,Deshawar,ECHO_7,24,00,7,93,94,NEUTRAL,2,3,3,0.14062399374385884,2,5,5,0.30087592281786973,0,2,2,0.1602519290740109,1.0553933903579795,0,0,1,1,1
2026-08-05,2026-08-04,Deshawar,ECHO_7,24,01,8,93,94,NEUTRAL,2,3,3,0.14062399374385884,0,3,3,0.1277203870993355,-2,0,0,-0.012903606644523336,-0.05770349753875992,0,0,1,1,1
2026-08-05,2026-08-04,Faridabad,HARUF_PYRAMID+DATE_TRIAD,39,42,6,57,23,NEUTRAL,2,4,4,0.33439827505922787,1,1,1,0.12993582979937746,-1,-3,-3,-0.2044624452598504,-1.1479541226586598,0,0,0,0,2
2026-08-05,2026-08-04,Faridabad,HARUF_PYRAMID+DATE_TRIAD,39,92,7,57,23,NEUTRAL,2,4,4,0.33439827505922787,1,1,1,0.0918882094945364,-1,-3,-3,-0.24251006556469146,-1.4141517134938673,0,0,0,0,2
2026-08-05,2026-08-04,Faridabad,HARUF_PYRAMID+DATE_TRIAD,39,22,8,57,23,NEUTRAL,2,4,4,0.33439827505922787,3,4,4,0.26641128500365635,1,0,0,-0.06798699005557152,-0.2984369546571026,0,0,1,1,2
2026-08-05,2026-08-04,Ghaziabad,TRANSITION_MARKOV,16,17,6,22,93,NEUTRAL,1,2,2,0.10667225820704293,0,3,3,0.11754631519194682,-1,1,1,0.010874056984903888,0.06852949600675684,0,0,1,1,1
2026-08-05,2026-08-04,Ghaziabad,TRANSITION_MARKOV,16,33,7,22,93,NEUTRAL,1,2,2,0.10667225820704293,2,3,3,0.2725029847716462,1,1,1,0.16583072656460326,1.0393708016747725,0,0,1,1,1
2026-08-05,2026-08-04,Ghaziabad,TRANSITION_MARKOV,16,73,8,22,93,NEUTRAL,1,2,2,0.10667225820704293,0,1,1,0.054755014711322166,-1,-1,-1,-0.051917243495720765,-0.3051734668051624,0,0,0,0,1
2026-08-05,2026-08-04,Gali,DATE_TRIAD+PREVIOUS_DAY,42,00,6,85,87,NEUTRAL,1,1,1,0.09081102984118193,0,3,3,0.14806891353452456,-1,2,2,0.05725788369334263,0.3659814493554081,1,1,1,1,2
2026-08-05,2026-08-04,Gali,DATE_TRIAD+PREVIOUS_DAY,42,97,7,85,87,NEUTRAL,1,1,1,0.09081102984118193,1,2,2,0.12300190528791596,0,1,1,0.03219087544673403,0.19568618575771368,1,1,1,1,2
2026-08-05,2026-08-04,Gali,DATE_TRIAD+PREVIOUS_DAY,42,01,8,85,87,NEUTRAL,1,1,1,0.09081102984118193,0,3,3,0.12169775054795186,-1,2,2,0.030886720706769927,0.19830980714035973,1,1,1,1,2
2026-08-06,2026-08-05,Deshawar,ECHO_7,83,94,6,51,55,NEUTRAL,1,2,2,0.09918686667446298,0,1,1,0.06618537671749769,-1,-1,-1,-0.033001489956965294,-0.19797319920495166,0,0,0,0,1
2026-08-06,2026-08-05,Deshawar,ECHO_7,83,00,7,51,55,NEUTRAL,1,2,2,0.09918686667446298,1,4,4,0.25919909480106673,0,2,2,0.16001222812660376,1.0696560232648147,0,0,1,1,1
2026-08-06,2026-08-05,Deshawar,ECHO_7,83,01,8,51,55,NEUTRAL,1,2,2,0.09918686667446298,0,3,3,0.11617156144132007,-1,1,1,0.016984694766857086,0.12773291864007663,0,0,1,1,1
2026-08-06,2026-08-05,Faridabad,HARUF_PYRAMID+DATE_TRIAD,55,49,6,22,65,NEUTRAL,0,4,4,0.12218332137928324,1,1,1,0.11512896697963883,1,-3,-3,-0.007054354399644414,-0.06629635126404743,0,0,0,0,2
2026-08-06,2026-08-05,Faridabad,HARUF_PYRAMID+DATE_TRIAD,55,53,7,22,65,NEUTRAL,0,4,4,0.12218332137928324,1,1,1,0.10015777720507743,1,-3,-3,-0.02202554417420581,-0.13343764337350494,0,0,0,0,2
2026-08-06,2026-08-05,Faridabad,HARUF_PYRAMID+DATE_TRIAD,55,47,8,22,65,NEUTRAL,0,4,4,0.12218332137928324,0,1,1,0.10469273145068668,0,-3,-3,-0.01749058992859656,-0.08913616815976844,0,0,0,0,2
2026-08-06,2026-08-05,Ghaziabad,TRANSITION_MARKOV,11,15,6,89,10,NEUTRAL,1,1,1,0.11209538711090136,2,5,5,0.2539457807859863,1,4,4,0.14185039367508492,0.8492118405447605,1,1,1,1,1
2026-08-06,2026-08-05,Ghaziabad,TRANSITION_MARKOV,11,16,7,89,10,NEUTRAL,1,1,1,0.11209538711090136,0,1,1,0.0890577945681489,-1,0,0,-0.023037592542752464,-0.1330063852375042,1,1,0,0,1
2026-08-06,2026-08-05,Ghaziabad,TRANSITION_MARKOV,11,17,8,89,10,NEUTRAL,1,1,1,0.11209538711090136,0,1,1,0.08276078614174905,-1,0,0,-0.029334600969152316,-0.17158587555186317,1,1,0,0,1
2026-08-06,2026-08-05,Gali,DATE_TRIAD+PREVIOUS_DAY,58,53,6,80,83,NEUTRAL,2,2,2,0.20258465013589036,2,4,3,0.1497530002031058,0,2,1,-0.05283164993278455,-0.3530100860703578,0,0,1,1,2
2026-08-06,2026-08-05,Gali,DATE_TRIAD+PREVIOUS_DAY,58,00,7,80,83,NEUTRAL,2,2,2,0.20258465013589036,0,4,4,0.13322840665187968,-2,2,2,-0.06935624348401068,-0.45267734748795974,0,0,1,1,2
2026-08-06,2026-08-05,Gali,DATE_TRIAD+PREVIOUS_DAY,58,14,8,80,83,NEUTRAL,2,2,2,0.20258465013589036,1,3,2,0.12452392903153048,-1,1,0,-0.07806072110435988,-0.48856089105287337,0,0,1,1,2
2026-08-07,2026-08-06,Deshawar,ECHO_7,28,82,6,83,84,NEUTRAL,2,2,2,0.12723151363215018,1,2,2,0.08351022112087814,-1,0,0,-0.04372129251127205,-0.25703149659091373,0,0,1,1,1
2026-08-07,2026-08-06,Deshawar,ECHO_7,28,32,7,83,84,NEUTRAL,2,2,2,0.12723151363215018,0,1,1,0.07033352345072412,-2,-1,-1,-0.056897990181426064,-0.3468566815638703,0,0,0,0,1
2026-08-07,2026-08-06,Deshawar,ECHO_7,28,79,8,83,84,NEUTRAL,2,2,2,0.12723151363215018,0,1,1,0.060055596748393864,-2,-1,-1,-0.06717591688375632,-0.411978571238376,0,0,0,0,1
2026-08-07,2026-08-06,Faridabad,HARUF_PYRAMID+DATE_TRIAD,95,47,6,26,40,NEUTRAL,2,4,4,0.1742845232496332,1,1,1,0.1397847263789887,-1,-3,-3,-0.0344997968706445,-0.19615100479404257,0,0,0,0,2
2026-08-07,2026-08-06,Faridabad,HARUF_PYRAMID+DATE_TRIAD,95,64,7,26,40,NEUTRAL,2,4,4,0.1742845232496332,1,1,1,0.08410209516186086,-1,-3,-3,-0.09018242808777234,-0.5156963335006192,0,0,0,0,2
2026-08-07,2026-08-06,Faridabad,HARUF_PYRAMID+DATE_TRIAD,95,09,8,26,40,NEUTRAL,2,4,4,0.1742845232496332,0,1,1,0.117587381110584,-2,-3,-3,-0.056697142139049195,-0.3194907457844858,0,0,0,0,2
2026-08-07,2026-08-06,Ghaziabad,TRANSITION_MARKOV,72,84,6,60,86,NEUTRAL,2,2,2,0.13543097814867974,0,1,1,0.06916982832983748,-2,-1,-1,-0.06626114981884226,-0.37295095142821955,0,0,0,0,1
2026-08-07,2026-08-06,Ghaziabad,TRANSITION_MARKOV,72,12,7,60,86,NEUTRAL,2,2,2,0.13543097814867974,0,1,1,0.09505182509703733,-2,-1,-1,-0.040379153051642414,-0.22176792417049906,0,0,0,0,1
2026-08-07,2026-08-06,Ghaziabad,TRANSITION_MARKOV,72,54,8,60,86,NEUTRAL,2,2,2,0.13543097814867974,1,3,3,0.1284871308699978,-1,1,1,-0.006943847278681942,-0.028001042090182504,0,0,1,1,1
2026-08-07,2026-08-06,Gali,DATE_TRIAD+PREVIOUS_DAY,19,47,6,35,19,NEUTRAL,1,2,2,0.11977945714974922,1,2,2,0.12364351872730518,0,0,0,0.0038640615775559634,-0.002325902553246717,0,0,1,1,2
2026-08-07,2026-08-06,Gali,DATE_TRIAD+PREVIOUS_DAY,19,00,7,35,19,NEUTRAL,1,2,2,0.11977945714974922,2,6,5,0.18747184317819177,1,4,3,0.06769238602844255,0.4117208394389743,0,0,1,1,2
2026-08-07,2026-08-06,Gali,DATE_TRIAD+PREVIOUS_DAY,19,01,8,35,19,NEUTRAL,1,2,2,0.11977945714974922,0,3,3,0.1342629890262574,-1,1,1,0.014483531876508193,0.0796140928640614,0,0,1,1,2
2026-08-08,2026-08-07,Deshawar,ECHO_7,32,23,6,96,4,NEUTRAL,1,1,1,0.07795735598698428,0,1,1,0.07824626767851318,-1,0,0,0.0002889116915289064,0.006613197577191976,1,1,0,0,1
2026-08-08,2026-08-07,Deshawar,ECHO_7,32,94,7,96,4,NEUTRAL,1,1,1,0.07795735598698428,0,1,1,0.04858377520437352,-1,0,0,-0.029373580782610757,-0.16928051808076694,1,1,0,0,1
2026-08-08,2026-08-07,Deshawar,ECHO_7,32,30,8,96,4,NEUTRAL,1,1,1,0.07795735598698428,0,1,1,0.05935365053838846,-1,0,0,-0.01860370544859582,-0.09744649889344315,1,1,0,0,1
2026-08-08,2026-08-07,Faridabad,HARUF_PYRAMID+DATE_TRIAD,19,95,6,81,93,NEUTRAL,0,2,2,0.12017498086455822,2,4,4,0.16299781499623997,2,2,2,0.04282283413168175,0.22819663311598803,0,0,1,1,2
2026-08-08,2026-08-07,Faridabad,HARUF_PYRAMID+DATE_TRIAD,19,29,7,81,93,NEUTRAL,0,2,2,0.12017498086455822,1,1,1,0.10163431279892529,1,-1,-1,-0.018540668065632926,-0.12428529776167185,0,0,0,0,2
2026-08-08,2026-08-07,Faridabad,HARUF_PYRAMID+DATE_TRIAD,19,75,8,81,93,NEUTRAL,0,2,2,0.12017498086455822,3,5,5,0.2493471511092019,3,3,3,0.12917217024464367,0.7909201626585297,0,0,1,1,2
2026-08-08,2026-08-07,Ghaziabad,TRANSITION_MARKOV,11,74,6,99,100,NEUTRAL,1,2,2,0.1251384711595062,0,1,1,0.05252297445449661,-1,-1,-1,-0.07261549670500958,-0.42134813149514583,0,0,0,0,1
2026-08-08,2026-08-07,Ghaziabad,TRANSITION_MARKOV,11,04,7,99,100,NEUTRAL,1,2,2,0.1251384711595062,0,2,1,0.13323002565410275,-1,0,-1,0.008091554494596559,0.055146503187887386,0,0,1,0,1
2026-08-08,2026-08-07,Ghaziabad,TRANSITION_MARKOV,11,08,8,99,100,NEUTRAL,1,2,2,0.1251384711595062,1,2,2,0.13878348224719483,0,0,0,0.013645011087688647,0.09142978391600454,0,0,1,1,1
2026-08-08,2026-08-07,Gali,DATE_TRIAD+PREVIOUS_DAY,38,75,6,93,94,NEUTRAL,1,2,2,0.1245137145280524,1,2,2,0.10946288800211827,0,0,0,-0.015050826525934133,-0.10696866893650059,0,0,1,1,2
2026-08-08,2026-08-07,Gali,DATE_TRIAD+PREVIOUS_DAY,38,08,7,93,94,NEUTRAL,1,2,2,0.1245137145280524,4,6,6,0.2739124578126198,3,4,4,0.1493987432845674,0.9423994668965237,0,0,1,1,2
2026-08-08,2026-08-07,Gali,DATE_TRIAD+PREVIOUS_DAY,38,00,8,93,94,NEUTRAL,1,2,2,0.1245137145280524,2,6,5,0.19491268325656333,1,4,3,0.07039896872851092,0.45488529290402124,0,0,1,1,2
2026-08-09,2026-08-08,Deshawar,ECHO_7,85,58,6,16,23,NEUTRAL,1,1,1,0.06731301845910041,0,1,1,0.057440337460370354,-1,0,0,-0.009872680998730059,-0.048158924131357306,1,1,0,0,1
2026-08-09,2026-08-08,Deshawar,ECHO_7,85,68,7,16,23,NEUTRAL,1,1,1,0.06731301845910041,0,3,3,0.10776294363060963,-1,2,2,0.04044992517150922,0.2757007907756713,1,1,1,1,1
2026-08-09,2026-08-08,Deshawar,ECHO_7,85,10,8,16,23,NEUTRAL,1,1,1,0.06731301845910041,0,1,1,0.08954557741144234,-1,0,0,0.022232558952341927,0.15968604711786266,1,1,0,0,1
2026-08-09,2026-08-08,Faridabad,HARUF_PYRAMID+DATE_TRIAD,95,29,6,63,73,NEUTRAL,1,2,2,0.1438815954357418,1,1,1,0.10088260009821068,0,-1,-1,-0.042998995337531126,-0.24196580331454998,0,0,0,0,2
2026-08-09,2026-08-08,Faridabad,HARUF_PYRAMID+DATE_TRIAD,95,83,7,63,73,NEUTRAL,1,2,2,0.1438815954357418,1,1,1,0.10761549315590162,0,-1,-1,-0.03626610227984019,-0.18114842675374665,0,0,0,0,2
2026-08-09,2026-08-08,Faridabad,HARUF_PYRAMID+DATE_TRIAD,95,39,8,63,73,NEUTRAL,1,2,2,0.1438815954357418,1,2,2,0.13281058541823493,0,0,0,-0.011071010017506877,-0.02418252027699863,0,0,1,1,2
2026-08-09,2026-08-08,Ghaziabad,TRANSITION_MARKOV,74,84,6,53,17,NEUTRAL,1,1,1,0.058115771204749124,1,2,2,0.10260127932180053,0,1,1,0.04448550811705141,0.25952602395706226,1,1,1,1,1
2026-08-09,2026-08-08,Ghaziabad,TRANSITION_MARKOV,74,14,7,53,17,NEUTRAL,1,1,1,0.058115771204749124,0,1,1,0.08818431160027512,-1,0,0,0.030068540395526,0.18000101040297678,1,1,0,0,1
2026-08-09,2026-08-08,Ghaziabad,TRANSITION_MARKOV,74,34,8,53,17,NEUTRAL,1,1,1,0.058115771204749124,0,1,1,0.06902705625751714,-1,0,0,0.010911285052768012,0.0680878742141165,1,1,0,0,1
2026-08-09,2026-08-08,Gali,DATE_TRIAD+PREVIOUS_DAY,23,83,6,97,98,NEUTRAL,1,1,1,0.11834497689799779,1,1,1,0.09654260220217584,0,0,0,-0.021802374695821955,-0.15290587695658053,1,1,0,0,2
2026-08-09,2026-08-08,Gali,DATE_TRIAD+PREVIOUS_DAY,23,06,7,97,98,NEUTRAL,1,1,1,0.11834497689799779,2,3,3,0.14627998834951841,1,2,2,0.027935011451520622,0.16989266246245238,1,1,1,1,2
2026-08-09,2026-08-08,Gali,DATE_TRIAD+PREVIOUS_DAY,23,00,8,97,98,NEUTRAL,1,1,1,0.11834497689799779,2,6,6,0.4432425036726213,1,5,5,0.3248975267746235,1.9802615810248838,1,1,1,1,2
2026-08-10,2026-08-09,Deshawar,ECHO_7,16,61,6,64,68,NEUTRAL,5,7,7,0.8346023176669487,2,6,6,0.2668877291991006,-3,-1,-1,-0.5677145884678481,-3.156013377149214,0,0,1,1,1
2026-08-10,2026-08-09,Deshawar,ECHO_7,16,25,7,64,68,NEUTRAL,5,7,7,0.8346023176669487,0,1,1,0.08198828209833847,-5,-6,-6,-0.7526140355686102,-4.2676731957082525,0,0,0,0,1
2026-08-10,2026-08-09,Deshawar,ECHO_7,16,34,8,64,68,NEUTRAL,5,7,7,0.8346023176669487,0,1,1,0.06441652537409223,-5,-6,-6,-0.7701857922928564,-4.374559811336777,0,0,0,0,1
2026-08-10,2026-08-09,Faridabad,HARUF_PYRAMID+DATE_TRIAD,10,12,6,58,78,NEUTRAL,1,1,1,0.14037586308452993,1,2,2,0.14050149452197067,0,1,1,0.00012563143744073746,0.03658055970940621,1,1,1,1,2
2026-08-10,2026-08-09,Faridabad,HARUF_PYRAMID+DATE_TRIAD,10,86,7,58,78,NEUTRAL,1,1,1,0.14037586308452993,1,1,1,0.11269174859728764,0,0,0,-0.027684114487242284,-0.10855595293795639,1,1,0,0,2
2026-08-10,2026-08-09,Faridabad,HARUF_PYRAMID+DATE_TRIAD,10,15,8,58,78,NEUTRAL,1,1,1,0.14037586308452993,1,1,1,0.11159143132561833,0,0,0,-0.0287844317589116,-0.12700291345644688,1,1,0,0,2
2026-08-10,2026-08-09,Ghaziabad,TRANSITION_MARKOV,20,24,6,69,55,NEUTRAL,1,1,1,0.08961812293395327,1,3,3,0.12445000827149412,0,2,2,0.03483188533754085,0.21361299168744596,1,1,1,1,1
2026-08-10,2026-08-09,Ghaziabad,TRANSITION_MARKOV,20,28,7,69,55,NEUTRAL,1,1,1,0.08961812293395327,2,3,2,0.15412467732024587,1,2,1,0.0645065543862926,0.3687527252095625,1,1,1,1,1
2026-08-10,2026-08-09,Ghaziabad,TRANSITION_MARKOV,20,10,8,69,55,NEUTRAL,1,1,1,0.08961812293395327,0,1,1,0.0997523933669008,-1,0,0,0.010134270432947526,0.06297815594050593,1,1,0,0,1
2026-08-10,2026-08-09,Gali,DATE_TRIAD+PREVIOUS_DAY,02,86,6,57,66,NEUTRAL,2,5,5,0.22741958788039507,1,1,1,0.11355675275675177,-1,-4,-4,-0.1138628351236433,-0.7197417271253339,0,0,0,0,2
2026-08-10,2026-08-09,Gali,DATE_TRIAD+PREVIOUS_DAY,02,67,7,57,66,NEUTRAL,2,5,5,0.22741958788039507,1,1,1,0.09253292191201076,-1,-4,-4,-0.1348866659683843,-0.8428861484448386,0,0,0,0,2
2026-08-10,2026-08-09,Gali,DATE_TRIAD+PREVIOUS_DAY,02,00,8,57,66,NEUTRAL,2,5,5,0.22741958788039507,1,4,4,0.2662300046143549,-1,-1,-1,0.03881041673395985,0.23003593118200083,0,0,1,1,2
2026-08-11,2026-08-10,Deshawar,ECHO_7,83,38,6,88,90,NEUTRAL,3,5,5,0.20870743782410597,1,3,3,0.16074445140007243,-2,-2,-2,-0.047962986424033544,-0.17346514843125593,0,0,1,1,1
2026-08-11,2026-08-10,Deshawar,ECHO_7,83,68,7,88,90,NEUTRAL,3,5,5,0.20870743782410597,0,2,2,0.07686476349526287,-3,-3,-3,-0.1318426743288431,-0.6961278081480045,0,0,1,1,1
2026-08-11,2026-08-10,Deshawar,ECHO_7,83,93,8,88,90,NEUTRAL,3,5,5,0.20870743782410597,0,1,1,0.06171932169184037,-3,-4,-4,-0.1469881161322656,-0.8139464029958543,0,0,0,0,1
2026-08-11,2026-08-10,Faridabad,HARUF_PYRAMID,97,22,6,58,26,NEUTRAL,1,1,1,0.06942190293785833,3,5,5,0.30141998441555795,2,4,4,0.23199808147769962,1.4434244561494602,1,1,1,1,1
2026-08-11,2026-08-10,Faridabad,HARUF_PYRAMID,97,27,7,58,26,NEUTRAL,1,1,1,0.06942190293785833,0,1,1,0.10016217217424699,-1,0,0,0.03074026923638866,0.20792409984005844,1,1,0,0,1
2026-08-11,2026-08-10,Faridabad,HARUF_PYRAMID,97,72,8,58,26,NEUTRAL,1,1,1,0.06942190293785833,0,1,1,0.06505706738082037,-1,0,0,-0.004364835557037955,0.0014866531067226907,1,1,0,0,1
2026-08-11,2026-08-10,Ghaziabad,TRANSITION_MARKOV,74,04,6,31,63,NEUTRAL,1,1,1,0.06057554101716824,0,2,2,0.11818136414978728,-1,1,1,0.057605823132619034,0.3547406048749057,1,1,1,1,1
2026-08-11,2026-08-10,Ghaziabad,TRANSITION_MARKOV,74,13,7,31,63,NEUTRAL,1,1,1,0.06057554101716824,0,3,3,0.12626771478462948,-1,2,2,0.06569217376746123,0.38813091710807895,1,1,1,1,1
2026-08-11,2026-08-10,Ghaziabad,TRANSITION_MARKOV,74,24,8,31,63,NEUTRAL,1,1,1,0.06057554101716824,2,3,3,0.2763392039498447,1,2,2,0.21576366293267643,1.273978984385427,1,1,1,1,1
2026-08-11,2026-08-10,Gali,DATE_TRIAD+HARUF_PYRAMID,08,18,6,92,95,NEUTRAL,3,3,3,0.32931763676939513,1,1,1,0.11270078946670677,-2,-2,-2,-0.21661684730268838,-1.3359114006165398,0,0,0,0,2
2026-08-11,2026-08-10,Gali,DATE_TRIAD+HARUF_PYRAMID,08,89,7,92,95,NEUTRAL,3,3,3,0.32931763676939513,1,1,1,0.0724020278088673,-2,-2,-2,-0.25691560896052784,-1.5915185024875511,0,0,0,0,2
2026-08-11,2026-08-10,Gali,DATE_TRIAD+HARUF_PYRAMID,08,14,8,92,95,NEUTRAL,3,3,3,0.32931763676939513,1,1,1,0.09966991972821794,-2,-2,-2,-0.2296477170411772,-1.4109355360621654,0,0,0,0,2
2026-08-12,2026-08-11,Deshawar,ECHO_7,73,37,6,19,28,NEUTRAL,1,2,2,0.10712297336629394,0,3,3,0.1043102978902302,-1,1,1,-0.0028126754760637307,0.015474522604798757,0,0,1,1,1
2026-08-12,2026-08-11,Deshawar,ECHO_7,73,06,7,19,28,NEUTRAL,1,2,2,0.10712297336629394,3,7,7,0.27878254462262636,2,5,5,0.1716595712563324,1.1246015800110136,0,0,1,1,1
2026-08-12,2026-08-11,Deshawar,ECHO_7,73,24,8,19,28,NEUTRAL,1,2,2,0.10712297336629394,0,1,1,0.09080149342181631,-1,-1,-1,-0.01632147994447762,-0.06579788688579258,0,0,0,0,1
2026-08-12,2026-08-11,Faridabad,HARUF_PYRAMID,47,52,6,75,11,NEUTRAL,1,1,1,0.08026711621180217,0,1,1,0.06573237543330089,-1,0,0,-0.014534740778501282,-0.07745281863158043,1,1,0,0,1
2026-08-12,2026-08-11,Faridabad,HARUF_PYRAMID,47,55,7,75,11,NEUTRAL,1,1,1,0.08026711621180217,0,2,2,0.09089398239141358,-1,1,1,0.010626866179611408,0.07569699798818774,1,1,1,1,1
2026-08-12,2026-08-11,Faridabad,HARUF_PYRAMID,47,57,8,75,11,NEUTRAL,1,1,1,0.08026711621180217,2,4,4,0.3257090170295196,1,3,3,0.24544190081771744,1.5042830522083004,1,1,1,1,1
2026-08-12,2026-08-11,Ghaziabad,TRANSITION_MARKOV,05,73,6,63,35,NEUTRAL,1,1,1,0.11818953746101613,0,1,1,0.05993642641946254,-1,0,0,-0.05825311104155358,-0.35016534912454034,1,1,0,0,1
2026-08-12,2026-08-11,Ghaziabad,TRANSITION_MARKOV,05,75,7,63,35,NEUTRAL,1,1,1,0.11818953746101613,0,1,1,0.06229759837901472,-1,0,0,-0.05589193908200141,-0.33617183975177184,1,1,0,0,1
2026-08-12,2026-08-11,Ghaziabad,TRANSITION_MARKOV,05,00,8,63,35,NEUTRAL,1,1,1,0.11818953746101613,1,6,5,0.3090227851917592,0,5,4,0.19083324773074306,1.234424936520591,1,1,1,1,1
2026-08-12,2026-08-11,Gali,DATE_TRIAD+HARUF_PYRAMID,09,50,6,36,67,NEUTRAL,2,2,2,0.19310366104764867,1,1,1,0.10116565267824888,-1,-1,-1,-0.09193800836939979,-0.5629805374855118,0,0,0,0,2
2026-08-12,2026-08-11,Gali,DATE_TRIAD+HARUF_PYRAMID,09,35,7,36,67,NEUTRAL,2,2,2,0.19310366104764867,4,4,4,0.17998164263268185,2,2,2,-0.013122018414966824,-0.027895379927846964,0,0,1,1,2
2026-08-12,2026-08-11,Gali,DATE_TRIAD+HARUF_PYRAMID,09,03,8,36,67,NEUTRAL,2,2,2,0.19310366104764867,0,3,3,0.11427425614892454,-2,1,1,-0.07882940489872413,-0.49172761511438234,0,0,1,1,2
2026-08-13,2026-08-12,Deshawar,ECHO_7,05,50,6,79,82,NEUTRAL,2,3,3,0.1503145117516316,0,1,1,0.06257050497615148,-2,-2,-2,-0.08774400677548012,-0.5090011956184411,0,0,0,0,1
2026-08-13,2026-08-12,Deshawar,ECHO_7,05,48,7,79,82,NEUTRAL,2,3,3,0.1503145117516316,0,1,1,0.06518142480339831,-2,-2,-2,-0.0851330869482333,-0.4859534318241717,0,0,0,0,1
2026-08-13,2026-08-12,Deshawar,ECHO_7,05,83,8,79,82,NEUTRAL,2,3,3,0.1503145117516316,2,6,6,0.20698598075804805,0,3,3,0.05667146900641645,0.3277142104077089,0,0,1,1,1
2026-08-13,2026-08-12,Faridabad,HARUF_PYRAMID,37,72,6,54,87,NEUTRAL,1,1,1,0.08342505001434353,1,3,3,0.14427794026153976,0,2,2,0.06085289024719623,0.3579584141820984,1,1,1,1,1
2026-08-13,2026-08-12,Faridabad,HARUF_PYRAMID,37,73,7,54,87,NEUTRAL,1,1,1,0.08342505001434353,0,1,1,0.06597715339737964,-1,0,0,-0.017447896616963887,-0.08145085252312251,1,1,0,0,1
2026-08-13,2026-08-12,Faridabad,HARUF_PYRAMID,37,99,8,54,87,NEUTRAL,1,1,1,0.08342505001434353,0,1,1,0.049065779798281535,-1,0,0,-0.03435927021606199,-0.18299910497264404,1,1,0,0,1
2026-08-13,2026-08-12,Ghaziabad,TRANSITION_MARKOV,14,18,6,79,21,NEUTRAL,1,1,1,0.09542492876367775,0,1,1,0.09919513335977678,-1,0,0,0.0037702045960990305,0.02211100910621111,1,1,0,0,1
2026-08-13,2026-08-12,Ghaziabad,TRANSITION_MARKOV,14,19,7,79,21,NEUTRAL,1,1,1,0.09542492876367775,0,1,1,0.0816176878491959,-1,0,0,-0.01380724091448185,-0.08487570866360428,1,1,0,0,1
2026-08-13,2026-08-12,Ghaziabad,TRANSITION_MARKOV,14,25,8,79,21,NEUTRAL,1,1,1,0.09542492876367775,0,1,1,0.06899597239341405,-1,0,0,-0.026428956370263698,-0.15500470465419736,1,1,0,0,1
2026-08-13,2026-08-12,Gali,DATE_TRIAD+HARUF_PYRAMID,59,16,6,61,15,NEUTRAL,1,5,5,0.1515640406646839,2,4,4,0.2364494294726679,1,-1,-1,0.08488538880798399,0.4948382748170521,0,0,1,1,2
2026-08-13,2026-08-12,Gali,DATE_TRIAD+HARUF_PYRAMID,59,20,7,61,15,NEUTRAL,1,5,5,0.1515640406646839,1,1,1,0.12340363286409313,0,-4,-4,-0.028160407800590773,-0.2006555065596074,0,0,0,0,2
2026-08-13,2026-08-12,Gali,DATE_TRIAD+HARUF_PYRAMID,59,00,8,61,15,NEUTRAL,1,5,5,0.1515640406646839,2,4,4,0.16137767685210916,1,-1,-1,0.009813636187425256,0.05336530768619041,0,0,1,1,2
2026-08-14,2026-08-13,Deshawar,ECHO_7,20,02,6,12,21,NEUTRAL,2,4,4,0.1508241188713898,1,4,4,0.187240761974854,-1,0,0,0.03641664310346421,0.2899718117882596,0,0,1,1,1
2026-08-14,2026-08-13,Deshawar,ECHO_7,20,16,7,12,21,NEUTRAL,2,4,4,0.1508241188713898,1,4,4,0.30920470699686375,-1,0,0,0.15838058812547395,0.7973521239464031,0,0,1,1,1
2026-08-14,2026-08-13,Deshawar,ECHO_7,20,32,8,12,21,NEUTRAL,2,4,4,0.1508241188713898,0,1,1,0.06373663608500982,-2,-3,-3,-0.08708748278637998,-0.5199010638740899,0,0,0,0,1
2026-08-14,2026-08-13,Faridabad,HARUF_PYRAMID,57,75,6,49,40,NEUTRAL,3,5,5,0.2647948871859601,3,5,5,0.19204075037304297,0,0,0,-0.07275413681291715,-0.429306970214703,0,0,1,1,1
2026-08-14,2026-08-13,Faridabad,HARUF_PYRAMID,57,88,7,49,40,NEUTRAL,3,5,5,0.2647948871859601,0,1,1,0.06207122554743257,-3,-4,-4,-0.20272366163852754,-1.2214254228668526,0,0,0,0,1
2026-08-14,2026-08-13,Faridabad,HARUF_PYRAMID,57,25,8,49,40,NEUTRAL,3,5,5,0.2647948871859601,0,2,2,0.09052414977714333,-3,-3,-3,-0.17427073740881677,-1.031869070045762,0,0,1,1,1
2026-08-14,2026-08-13,Ghaziabad,TRANSITION_MARKOV,22,72,6,38,54,NEUTRAL,5,5,5,0.6295812526443687,0,1,1,0.07445879724396401,-5,-4,-4,-0.5551224554004047,-3.2896460103787075,0,0,0,0,1
2026-08-14,2026-08-13,Ghaziabad,TRANSITION_MARKOV,22,93,7,38,54,NEUTRAL,5,5,5,0.6295812526443687,0,1,1,0.057966177731659206,-5,-4,-4,-0.5716150749127095,-3.3835536820935985,0,0,0,0,1
2026-08-14,2026-08-13,Ghaziabad,TRANSITION_MARKOV,22,21,8,38,54,NEUTRAL,5,5,5,0.6295812526443687,0,1,1,0.06596768885085728,-5,-4,-4,-0.5636135637935115,-3.331391725142511,0,0,0,0,1
2026-08-14,2026-08-13,Gali,DATE_TRIAD+HARUF_PYRAMID,31,42,6,71,83,NEUTRAL,1,2,2,0.11953079981752664,1,1,1,0.11478440259165784,0,-1,-1,-0.004746397225868795,-0.014420621989184479,0,0,0,0,2
2026-08-14,2026-08-13,Gali,DATE_TRIAD+HARUF_PYRAMID,31,04,7,71,83,NEUTRAL,1,2,2,0.11953079981752664,0,2,2,0.11742214612045407,-1,0,0,-0.0021086536970725683,-0.011465101236083575,0,0,1,1,2
2026-08-14,2026-08-13,Gali,DATE_TRIAD+HARUF_PYRAMID,31,13,8,71,83,NEUTRAL,1,2,2,0.11953079981752664,1,2,2,0.10957189206052212,0,0,0,-0.009958907757004518,-0.07023855524983436,0,0,1,1,2
2026-08-15,2026-08-14,Deshawar,HOT_RECENCY,12,05,6,49,76,NEUTRAL,4,5,5,0.5433988201431895,1,2,2,0.16195340112232126,-3,-3,-3,-0.38144541902086826,-2.2491733203079516,0,0,1,1,1
2026-08-15,2026-08-14,Deshawar,HOT_RECENCY,12,79,7,49,76,NEUTRAL,4,5,5,0.5433988201431895,1,3,3,0.17193405474531875,-3,-2,-2,-0.37146476539787077,-2.198520607775195,0,0,1,1,1
2026-08-15,2026-08-14,Deshawar,HOT_RECENCY,12,88,8,49,76,NEUTRAL,4,5,5,0.5433988201431895,2,3,3,0.17038174863492977,-2,-2,-2,-0.37301707150825975,-2.1201094803892344,0,0,1,1,1
2026-08-15,2026-08-14,Faridabad,HARUF_PYRAMID,70,47,6,58,24,NEUTRAL,1,1,1,0.07144493275333903,0,1,1,0.0706683121423908,-1,0,0,-0.0007766206109482282,0.0003850534693153329,1,1,0,0,1
2026-08-15,2026-08-14,Faridabad,HARUF_PYRAMID,70,74,7,58,24,NEUTRAL,1,1,1,0.07144493275333903,0,1,1,0.06781657391537707,-1,0,0,-0.003628358837961962,-0.005270705444265944,1,1,0,0,1
2026-08-15,2026-08-14,Faridabad,HARUF_PYRAMID,70,57,8,58,24,NEUTRAL,1,1,1,0.07144493275333903,3,7,7,0.3331402210890398,2,6,6,0.26169528833570077,1.5727299253700053,1,1,1,1,1
2026-08-15,2026-08-14,Ghaziabad,TRANSITION_MARKOV,50,60,6,40,4,NEUTRAL,1,1,1,0.07147353777627981,1,3,3,0.24333175515093214,0,2,2,0.17185821737465234,1.0567260184501537,1,1,1,1,1
2026-08-15,2026-08-14,Ghaziabad,TRANSITION_MARKOV,50,01,7,40,4,NEUTRAL,1,1,1,0.07147353777627981,1,6,5,0.22332169416144748,0,5,4,0.1518481563851677,0.9431896918504573,1,1,1,1,1
2026-08-15,2026-08-14,Ghaziabad,TRANSITION_MARKOV,50,02,8,40,4,NEUTRAL,1,1,1,0.07147353777627981,0,4,3,0.12207052761577346,-1,3,2,0.05059698983949365,0.3130842779731138,1,1,1,1,1
2026-08-15,2026-08-14,Gali,DATE_TRIAD+HARUF_PYRAMID,05,36,6,71,78,NEUTRAL,1,2,2,0.14025685049406333,3,4,4,0.3062179249124011,2,2,2,0.16596107441833774,1.1622108172935381,0,0,1,1,2
2026-08-15,2026-08-14,Gali,DATE_TRIAD+HARUF_PYRAMID,05,06,7,71,78,NEUTRAL,1,2,2,0.14025685049406333,1,2,2,0.12648437813670194,0,0,0,-0.013772472357361398,-0.08312008741694676,0,0,1,1,2
2026-08-15,2026-08-14,Gali,DATE_TRIAD+HARUF_PYRAMID,05,42,8,71,78,NEUTRAL,1,2,2,0.14025685049406333,1,1,1,0.09958222054607667,0,-1,-1,-0.040674629947986665,-0.23440417649840317,0,0,0,0,2
2026-08-16,2026-08-15,Deshawar,HOT_RECENCY,49,12,6,57,80,NEUTRAL,4,5,5,0.529550973635897,3,4,4,0.266779315593927,-1,-1,-1,-0.26277165804197,-1.532303009347345,0,0,1,1,1
2026-08-16,2026-08-15,Deshawar,HOT_RECENCY,49,05,7,57,80,NEUTRAL,4,5,5,0.529550973635897,0,1,1,0.12274536339912295,-4,-4,-4,-0.40680561023677403,-2.357088685249063,0,0,0,0,1
2026-08-16,2026-08-15,Deshawar,HOT_RECENCY,49,79,8,57,80,NEUTRAL,4,5,5,0.529550973635897,1,2,2,0.1035025340940784,-3,-3,-3,-0.4260484395418186,-2.500353063567142,0,0,1,1,1
2026-08-16,2026-08-15,Faridabad,DATE_TRIAD+MODEL_F+ECHO_7,46,06,6,90,95,NEUTRAL,1,1,1,0.13315031317055315,1,2,2,0.15583389650668705,0,1,1,0.022683583336133906,0.20681378377599957,1,1,1,1,3
2026-08-16,2026-08-15,Faridabad,DATE_TRIAD+MODEL_F+ECHO_7,46,04,7,90,95,NEUTRAL,1,1,1,0.13315031317055315,1,1,1,0.1331784927459917,0,0,0,2.817957543854721e-05,0.0323228398108254,1,1,0,0,3
2026-08-16,2026-08-15,Faridabad,DATE_TRIAD+MODEL_F+ECHO_7,46,57,8,90,95,NEUTRAL,1,1,1,0.13315031317055315,2,3,3,0.22287462687579945,1,2,2,0.0897243137052463,0.6197507695831463,1,1,1,1,3
2026-08-16,2026-08-15,Ghaziabad,TRANSITION_MARKOV,00,05,6,99,92,NEUTRAL,2,9,7,0.21746704225545183,0,2,1,0.13542816846173353,-2,-7,-6,-0.0820388737937183,-0.4794200550806249,0,0,1,0,1
2026-08-16,2026-08-15,Ghaziabad,TRANSITION_MARKOV,00,07,7,99,92,NEUTRAL,2,9,7,0.21746704225545183,0,2,2,0.12821080394574785,-2,-7,-5,-0.08925623830970397,-0.5170361866976605,0,0,1,1,1
2026-08-16,2026-08-15,Ghaziabad,TRANSITION_MARKOV,00,02,8,99,92,NEUTRAL,2,9,7,0.21746704225545183,1,5,4,0.23195380556382664,-1,-4,-3,0.014486763308374812,0.07775360067712689,0,0,1,1,1
2026-08-16,2026-08-15,Gali,DATE_TRIAD+HARUF_PYRAMID,00,53,6,59,73,NEUTRAL,2,5,5,0.19279520477465606,2,2,2,0.16012461596162356,0,-3,-3,-0.0326705888130325,-0.19822832161288306,0,0,1,1,2
2026-08-16,2026-08-15,Gali,DATE_TRIAD+HARUF_PYRAMID,00,20,7,59,73,NEUTRAL,2,5,5,0.19279520477465606,1,2,2,0.12568856499027387,-1,-3,-3,-0.0671066397843822,-0.39537328827755835,0,0,1,1,2
2026-08-16,2026-08-15,Gali,DATE_TRIAD+HARUF_PYRAMID,00,04,8,59,73,NEUTRAL,2,5,5,0.19279520477465606,1,2,2,0.1387679902406183,-1,-3,-3,-0.05402721453403775,-0.329917824717604,0,0,1,1,2
2026-08-17,2026-08-16,Deshawar,HOT_RECENCY,19,49,6,40,36,NEUTRAL,1,2,2,0.12532362856655527,2,4,4,0.24988414326919775,1,2,2,0.12456051470264248,0.7108968345711872,0,0,1,1,1
2026-08-17,2026-08-16,Deshawar,HOT_RECENCY,19,12,7,40,36,NEUTRAL,1,2,2,0.12532362856655527,1,3,3,0.1362933968964108,0,1,1,0.010969768329855523,0.05891277640465509,0,0,1,1,1
2026-08-17,2026-08-16,Deshawar,HOT_RECENCY,19,05,8,40,36,NEUTRAL,1,2,2,0.12532362856655527,0,2,2,0.11912959045892038,-1,0,0,-0.006194038107634886,-0.015207828282603586,0,0,1,1,1
2026-08-17,2026-08-16,Faridabad,DATE_TRIAD+MODEL_F+ECHO_7,07,03,6,46,17,NEUTRAL,1,3,3,0.1671513348955961,2,5,5,0.26840032675967834,1,2,2,0.10124899186408223,0.5240115214263854,0,0,1,1,3
2026-08-17,2026-08-16,Faridabad,DATE_TRIAD+MODEL_F+ECHO_7,07,22,7,46,17,NEUTRAL,1,3,3,0.1671513348955961,2,2,2,0.1643628494588488,1,-1,-1,-0.002788485436747312,0.03773230275352524,0,0,1,1,3
2026-08-17,2026-08-16,Faridabad,DATE_TRIAD+MODEL_F+ECHO_7,07,90,8,46,17,NEUTRAL,1,3,3,0.1671513348955961,6,6,5,0.5088656322754929,5,3,2,0.3417142973798968,2.094202126179202,0,0,1,1,3
2026-08-17,2026-08-16,Ghaziabad,TRANSITION_MARKOV,44,51,6,20,77,NEUTRAL,2,4,4,0.20326260453889292,0,1,1,0.06845024455627932,-2,-3,-3,-0.1348123599826136,-0.8038105896084647,0,0,0,0,1
2026-08-17,2026-08-16,Ghaziabad,TRANSITION_MARKOV,44,74,7,20,77,NEUTRAL,2,4,4,0.20326260453889292,0,1,1,0.05149337467051126,-2,-3,-3,-0.15176922986838165,-0.9044895484215464,0,0,0,0,1
2026-08-17,2026-08-16,Ghaziabad,TRANSITION_MARKOV,44,84,8,20,77,NEUTRAL,2,4,4,0.20326260453889292,2,3,3,0.17277363809084972,0,-1,-1,-0.030488966448043192,-0.1479835494420847,0,0,1,1,1
2026-08-17,2026-08-16,Gali,DATE_TRIAD+HARUF_PYRAMID,04,35,6,15,43,NEUTRAL,4,5,4,0.37090088859972054,1,4,4,0.17790208226005916,-3,-1,0,-0.19299880633966138,-1.247350221199842,0,0,1,1,2
2026-08-17,2026-08-16,Gali,DATE_TRIAD+HARUF_PYRAMID,04,40,7,15,43,NEUTRAL,4,5,4,0.37090088859972054,6,8,6,0.31476889076066894,2,3,2,-0.056131997839051595,-0.32097162851505545,0,0,1,1,2
2026-08-17,2026-08-16,Gali,DATE_TRIAD+HARUF_PYRAMID,04,00,8,15,43,NEUTRAL,4,5,4,0.37090088859972054,1,8,7,0.20228887176934798,-3,3,3,-0.16861201683037255,-1.0760811538241557,0,0,1,1,2
2026-08-18,2026-08-17,Deshawar,HOT_RECENCY,57,19,6,29,65,NEUTRAL,2,4,4,0.17959574191818134,1,4,4,0.1966782581439057,-1,0,0,0.017082516225724348,0.20170232586158665,0,0,1,1,1
2026-08-18,2026-08-17,Deshawar,HOT_RECENCY,57,49,7,29,65,NEUTRAL,2,4,4,0.17959574191818134,3,7,6,0.22297445647430136,1,3,2,0.043378714556120024,0.34167923944005407,0,0,1,1,1
2026-08-18,2026-08-17,Deshawar,HOT_RECENCY,57,05,8,29,65,NEUTRAL,2,4,4,0.17959574191818134,0,2,2,0.12082069277552744,-2,-2,-2,-0.0587750491426539,-0.30779107920442605,0,0,1,1,1
2026-08-18,2026-08-17,Faridabad,DATE_TRIAD+MODEL_F+ECHO_7,46,85,6,22,15,NEUTRAL,4,4,4,0.5827639274137149,2,3,3,0.1805832177007121,-2,-1,-1,-0.4021807097130028,-2.4261604479379173,0,0,1,1,3
2026-08-18,2026-08-17,Faridabad,DATE_TRIAD+MODEL_F+ECHO_7,46,45,7,22,15,NEUTRAL,4,4,4,0.5827639274137149,2,3,3,0.1637360719646191,-2,-1,-1,-0.41902785544909577,-2.5843251890666834,0,0,1,1,3
2026-08-18,2026-08-17,Faridabad,DATE_TRIAD+MODEL_F+ECHO_7,46,12,8,22,15,NEUTRAL,4,4,4,0.5827639274137149,1,2,2,0.14715496160037791,-3,-2,-2,-0.43560896581333697,-2.629294170091634,0,0,1,1,3
2026-08-18,2026-08-17,Ghaziabad,TRANSITION_MARKOV,10,15,6,32,53,NEUTRAL,2,2,2,0.18748330094629256,2,4,4,0.23602776190329494,0,2,2,0.04854446095700238,0.2553906230854708,0,0,1,1,1
2026-08-18,2026-08-17,Ghaziabad,TRANSITION_MARKOV,10,17,7,32,53,NEUTRAL,2,2,2,0.18748330094629256,0,2,2,0.10831689773903926,-2,0,0,-0.07916640320725331,-0.49918468162642715,0,0,1,1,1
2026-08-18,2026-08-17,Ghaziabad,TRANSITION_MARKOV,10,19,8,32,53,NEUTRAL,2,2,2,0.18748330094629256,0,1,1,0.0838207224160699,-2,-1,-1,-0.10366257853022266,-0.6483882731985289,0,0,0,0,1
2026-08-18,2026-08-17,Gali,DATE_TRIAD+HARUF_PYRAMID,10,40,6,88,96,NEUTRAL,1,1,1,0.16104931819535867,2,4,4,0.26934197740499966,1,3,3,0.10829265920964098,0.8577748058874674,1,1,1,1,2
2026-08-18,2026-08-17,Gali,DATE_TRIAD+HARUF_PYRAMID,10,54,7,88,96,NEUTRAL,1,1,1,0.16104931819535867,1,1,1,0.09728353644761084,0,0,0,-0.06376578174774783,-0.36244624225596833,1,1,0,0,2
2026-08-18,2026-08-17,Gali,DATE_TRIAD+HARUF_PYRAMID,10,34,8,88,96,NEUTRAL,1,1,1,0.16104931819535867,1,1,1,0.08201391408761977,0,0,0,-0.0790354041077389,-0.4555377928309555,1,1,0,0,2
2026-08-19,2026-08-18,Deshawar,HOT_RECENCY,83,57,6,40,3,NEUTRAL,1,1,1,0.07680226362862232,1,3,3,0.14126340612597316,0,2,2,0.06446114249735084,0.36856213829081197,1,1,1,1,1
2026-08-19,2026-08-18,Deshawar,HOT_RECENCY,83,19,7,40,3,NEUTRAL,1,1,1,0.07680226362862232,3,4,4,0.37165393309616424,2,3,3,0.29485166946754193,1.7320412333854902,1,1,1,1,1
2026-08-19,2026-08-18,Deshawar,HOT_RECENCY,83,49,8,40,3,NEUTRAL,1,1,1,0.07680226362862232,0,2,2,0.09216620766706773,-1,1,1,0.015363944038445418,0.10470863263872654,1,1,1,1,1
2026-08-19,2026-08-18,Faridabad,DATE_TRIAD+MODEL_F+ECHO_7,13,75,6,59,74,NEUTRAL,1,2,2,0.16362940115053848,1,2,2,0.2140510680222676,0,0,0,0.05042166687172911,0.37271005650653866,0,0,1,1,3
2026-08-19,2026-08-18,Faridabad,DATE_TRIAD+MODEL_F+ECHO_7,13,57,7,59,74,NEUTRAL,1,2,2,0.16362940115053848,2,2,2,0.16842040203703623,1,0,0,0.004791000886497754,0.1307623901053354,0,0,1,1,3
2026-08-19,2026-08-18,Faridabad,DATE_TRIAD+MODEL_F+ECHO_7,13,27,8,59,74,NEUTRAL,1,2,2,0.16362940115053848,2,2,2,0.20268596266335462,1,0,0,0.03905656151281614,0.28845411336874793,0,0,1,1,3
2026-08-19,2026-08-18,Ghaziabad,TRANSITION_MARKOV,19,59,6,58,65,NEUTRAL,1,3,2,0.12811437853669458,0,2,2,0.10978665073741525,-1,-1,0,-0.018327727799279325,-0.09896281846700605,0,0,1,1,1
2026-08-19,2026-08-18,Ghaziabad,TRANSITION_MARKOV,19,69,7,58,65,NEUTRAL,1,3,2,0.12811437853669458,1,4,4,0.1466590809589574,0,1,2,0.018544702422262832,0.1251027676027675,0,0,1,1,1
2026-08-19,2026-08-18,Ghaziabad,TRANSITION_MARKOV,19,89,8,58,65,NEUTRAL,1,3,2,0.12811437853669458,0,1,1,0.07076299104481307,-1,-2,-1,-0.05735138749188151,-0.32659550681533966,0,0,0,0,1
2026-08-19,2026-08-18,Gali,ECHO_7,02,20,6,56,61,NEUTRAL,1,3,3,0.14833613004949764,0,1,1,0.07569124489788068,-1,-2,-2,-0.07264488515161696,-0.4426432525229936,0,0,0,0,1
2026-08-19,2026-08-18,Gali,ECHO_7,02,14,7,56,61,NEUTRAL,1,3,3,0.14833613004949764,0,1,1,0.09185914634336122,-1,-2,-2,-0.05647698370613642,-0.33744352359476026,0,0,0,0,1
2026-08-19,2026-08-18,Gali,ECHO_7,02,97,8,56,61,NEUTRAL,1,3,3,0.14833613004949764,0,1,1,0.07152192162153395,-1,-2,-2,-0.07681420842796369,-0.45656659547637,0,0,0,0,1
2026-08-20,2026-08-19,Deshawar,HOT_RECENCY,83,57,6,08,49,NEUTRAL,1,2,2,0.10825976370078588,0,2,2,0.11336536621260689,-1,0,0,0.005105602511821003,0.0329099438842414,0,0,1,1,1
2026-08-20,2026-08-19,Deshawar,HOT_RECENCY,83,19,7,08,49,NEUTRAL,1,2,2,0.10825976370078588,0,2,2,0.09596160294827635,-1,0,0,-0.01229816075250953,-0.03937852786106544,0,0,1,1,1
2026-08-20,2026-08-19,Deshawar,HOT_RECENCY,83,05,8,08,49,NEUTRAL,1,2,2,0.10825976370078588,0,2,2,0.12117527509772039,-1,0,0,0.012915511396934504,0.1304953375895168,0,0,1,1,1
2026-08-20,2026-08-19,Faridabad,DATE_TRIAD+MODEL_F+ECHO_7,54,58,6,91,94,NEUTRAL,2,4,4,0.21726598508458406,3,5,5,0.3262723046156784,1,1,1,0.10900631953109435,0.7391586848713165,0,0,1,1,3
2026-08-20,2026-08-19,Faridabad,DATE_TRIAD+MODEL_F+ECHO_7,54,04,7,91,94,NEUTRAL,2,4,4,0.21726598508458406,2,4,3,0.2793148408852848,0,0,-1,0.06204885580070074,0.38873830378581875,0,0,1,1,3
2026-08-20,2026-08-19,Faridabad,DATE_TRIAD+MODEL_F+ECHO_7,54,06,8,91,94,NEUTRAL,2,4,4,0.21726598508458406,1,3,3,0.14092095498044144,-1,-1,-1,-0.07634503010414262,-0.4315530525815726,0,0,1,1,3
2026-08-20,2026-08-19,Ghaziabad,TRANSITION_MARKOV,60,21,6,22,7,NEUTRAL,2,2,2,0.12026984785867467,0,1,1,0.09302307958621903,-2,-1,-1,-0.027246768272455646,-0.16345759490174672,0,0,0,0,1
2026-08-20,2026-08-19,Ghaziabad,TRANSITION_MARKOV,60,22,7,22,7,RESCUE,2,2,2,0.12026984785867467,1,3,3,0.2681813894587413,-1,1,1,0.14791154160006664,0.8913204234219333,0,0,1,1,1
2026-08-20,2026-08-19,Ghaziabad,TRANSITION_MARKOV,60,28,8,22,7,NEUTRAL,2,2,2,0.12026984785867467,1,2,2,0.14878379309737044,-1,0,0,0.02851394523869577,0.17428556053872923,0,0,1,1,1
2026-08-20,2026-08-19,Gali,ECHO_7,38,19,6,53,57,NEUTRAL,1,2,2,0.09382222048250675,1,2,2,0.11344209897581477,0,0,0,0.019619878493308013,0.1298612695789395,0,0,1,1,1
2026-08-20,2026-08-19,Gali,ECHO_7,38,83,7,53,57,NEUTRAL,1,2,2,0.09382222048250675,1,2,2,0.11715287374681622,0,0,0,0.02333065326430947,0.18548701163065784,0,0,1,1,1
2026-08-20,2026-08-19,Gali,ECHO_7,38,00,8,53,57,NEUTRAL,1,2,2,0.09382222048250675,0,4,4,0.13998328961779133,-1,2,2,0.046161069135284574,0.279239312035516,0,0,1,1,1
2026-08-21,2026-08-20,Deshawar,HOT_RECENCY,29,83,6,18,61,NEUTRAL,2,4,4,0.16455500611675164,1,2,2,0.13784164059157789,-1,-2,-2,-0.026713365525173755,-0.17941111671104026,0,0,1,1,1
2026-08-21,2026-08-20,Deshawar,HOT_RECENCY,29,57,7,18,61,NEUTRAL,2,4,4,0.16455500611675164,0,4,4,0.10994637370587934,-2,0,0,-0.0546086324108723,-0.3111573989635614,0,0,1,1,1
2026-08-21,2026-08-20,Deshawar,HOT_RECENCY,29,19,8,18,61,NEUTRAL,2,4,4,0.16455500611675164,1,4,4,0.16335230322743782,-1,0,0,-0.001202702889313817,0.06465322184066613,0,0,1,1,1
2026-08-21,2026-08-20,Faridabad,DATE_TRIAD+MODEL_F+ECHO_7,91,19,6,34,53,NEUTRAL,4,5,5,0.4472558215986163,5,5,5,0.3169711401348955,1,0,0,-0.1302846814637208,-0.811290105429441,0,0,1,1,3
2026-08-21,2026-08-20,Faridabad,DATE_TRIAD+MODEL_F+ECHO_7,91,49,7,34,53,NEUTRAL,4,5,5,0.4472558215986163,1,2,2,0.2336071671437657,-3,-3,-3,-0.21364865445485062,-1.2674317121701393,0,0,1,1,3
2026-08-21,2026-08-20,Faridabad,DATE_TRIAD+MODEL_F+ECHO_7,91,26,8,34,53,NEUTRAL,4,5,5,0.4472558215986163,1,1,1,0.11393671381503233,-3,-4,-4,-0.333319107783584,-1.9950260620793434,0,0,0,0,3
2026-08-21,2026-08-20,Ghaziabad,TRANSITION_MARKOV,79,10,6,50,68,NEUTRAL,1,1,1,0.08982785444837015,0,1,1,0.10192734425074841,-1,0,0,0.012099489802378266,0.07841517795719044,1,1,0,0,1
2026-08-21,2026-08-20,Ghaziabad,TRANSITION_MARKOV,79,11,7,50,68,NEUTRAL,1,1,1,0.08982785444837015,2,3,3,0.3092844669368948,1,2,2,0.21945661248852466,1.2577901693804772,1,1,1,1,1
2026-08-21,2026-08-20,Ghaziabad,TRANSITION_MARKOV,79,15,8,50,68,NEUTRAL,1,1,1,0.08982785444837015,0,1,1,0.10456064901855391,-1,0,0,0.014732794570183769,0.09267650126116345,1,1,0,0,1
2026-08-21,2026-08-20,Gali,ECHO_7,86,68,6,34,41,NEUTRAL,1,1,1,0.06992815481080156,0,1,1,0.06477553604741228,-1,0,0,-0.00515261876338928,-0.033111648370705904,1,1,0,0,1
2026-08-21,2026-08-20,Gali,ECHO_7,86,28,7,34,41,NEUTRAL,1,1,1,0.06992815481080156,2,3,3,0.14457525383692343,1,2,2,0.07464709902612188,0.4751495505149355,1,1,1,1,1
2026-08-21,2026-08-20,Gali,ECHO_7,86,64,8,34,41,NEUTRAL,1,1,1,0.06992815481080156,0,1,1,0.056060769877945484,-1,0,0,-0.013867384932856074,-0.0854470038767971,1,1,0,0,1
2026-08-22,2026-08-21,Deshawar,HOT_RECENCY,08,29,6,08,5,DAMAGE,3,3,3,0.1989373442734286,0,2,2,0.11368064765395017,-3,-1,-1,-0.08525669661947843,-0.49322047505871014,0,0,1,1,1
2026-08-22,2026-08-21,Deshawar,HOT_RECENCY,08,83,7,08,5,DAMAGE,3,3,3,0.1989373442734286,0,1,1,0.0615056709502681,-3,-2,-2,-0.1374316733231605,-0.792991966528579,0,0,0,0,1
2026-08-22,2026-08-21,Deshawar,HOT_RECENCY,08,05,8,08,5,DAMAGE,3,3,3,0.1989373442734286,0,3,3,0.12352288114144037,-3,0,0,-0.07541446313198823,-0.4157679769436817,0,0,1,1,1
2026-08-22,2026-08-21,Faridabad,DATE_TRIAD+MODEL_F+ECHO_7,09,77,6,41,27,NEUTRAL,4,5,5,0.3768104147642087,4,6,6,0.3470476054488676,0,1,1,-0.029762809315341088,-0.20912222492314037,0,0,1,1,3
2026-08-22,2026-08-21,Faridabad,DATE_TRIAD+MODEL_F+ECHO_7,09,90,7,41,27,NEUTRAL,4,5,5,0.3768104147642087,1,4,4,0.13332941076494867,-3,-1,-1,-0.24348100399926,-1.4993134128268535,0,0,1,1,3
2026-08-22,2026-08-21,Faridabad,DATE_TRIAD+MODEL_F+ECHO_7,09,34,8,41,27,NEUTRAL,4,5,5,0.3768104147642087,5,5,5,0.5069426395194407,1,0,0,0.13013222475523206,0.8254283694031401,0,0,1,1,3
2026-08-22,2026-08-21,Ghaziabad,TRANSITION_MARKOV,14,18,6,11,14,NEUTRAL,1,1,1,0.11910920175685985,0,1,1,0.08695125192617806,-1,0,0,-0.03215794983068179,-0.19016022649907305,1,1,0,0,1
2026-08-22,2026-08-21,Ghaziabad,TRANSITION_MARKOV,14,20,7,11,14,NEUTRAL,1,1,1,0.11910920175685985,0,4,4,0.15514280562036376,-1,3,3,0.036033603863503905,0.2135242635537965,1,1,1,1,1
2026-08-22,2026-08-21,Ghaziabad,TRANSITION_MARKOV,14,22,8,11,14,NEUTRAL,1,1,1,0.11910920175685985,6,7,7,0.8616428147883466,5,6,6,0.7425336130314868,4.439370771146931,1,1,1,1,1
2026-08-22,2026-08-21,Gali,ECHO_7,92,29,6,82,85,NEUTRAL,3,3,3,0.14295520555924862,0,1,1,0.06763180405185171,-3,-2,-2,-0.07532340150739691,-0.5326568741298783,0,0,0,0,1
2026-08-22,2026-08-21,Gali,ECHO_7,92,28,7,82,85,NEUTRAL,3,3,3,0.14295520555924862,0,1,1,0.05923009074501227,-3,-2,-2,-0.08372511481423635,-0.5838303571651798,0,0,0,0,1
2026-08-22,2026-08-21,Gali,ECHO_7,92,06,8,82,85,NEUTRAL,3,3,3,0.14295520555924862,0,2,2,0.11172413731945625,-3,-1,-1,-0.031231068239792367,-0.24037133564868762,0,0,1,1,1
2026-08-23,2026-08-22,Deshawar,HOT_RECENCY,18,29,6,41,72,NEUTRAL,4,5,5,0.3563777385014336,0,3,3,0.11345554129447569,-4,-2,-2,-0.24292219720695793,-1.4933690251857699,0,0,1,1,1
2026-08-23,2026-08-22,Deshawar,HOT_RECENCY,18,83,7,41,72,NEUTRAL,4,5,5,0.3563777385014336,0,2,2,0.08594035328050001,-4,-3,-3,-0.27043738522093363,-1.6583629213586852,0,0,1,1,1
2026-08-23,2026-08-22,Deshawar,HOT_RECENCY,18,05,8,41,72,NEUTRAL,4,5,5,0.3563777385014336,0,3,3,0.11620019854459088,-4,-2,-2,-0.24017753995684274,-1.443327688710984,0,0,1,1,1
2026-08-23,2026-08-22,Faridabad,DATE_TRIAD+MODEL_F+ECHO_7,02,25,6,88,27,NEUTRAL,1,5,5,0.16261424326117474,1,2,2,0.13695972311118698,0,-3,-3,-0.02565452014998776,-0.1321120516031059,0,0,1,1,3
2026-08-23,2026-08-22,Faridabad,DATE_TRIAD+MODEL_F+ECHO_7,02,09,7,88,27,NEUTRAL,1,5,5,0.16261424326117474,2,2,2,0.31270614921212586,1,-3,-3,0.15009190595095112,0.9886874293859693,0,0,1,1,3
2026-08-23,2026-08-22,Faridabad,DATE_TRIAD+MODEL_F+ECHO_7,02,00,8,88,27,NEUTRAL,1,5,5,0.16261424326117474,1,7,6,0.20053244657361446,0,2,1,0.037918203312439724,0.2286795385380791,0,0,1,1,3
2026-08-23,2026-08-22,Ghaziabad,TRANSITION_MARKOV,72,75,6,99,93,NEUTRAL,2,2,2,0.21470466928361814,0,1,1,0.06678037676390432,-2,-1,-1,-0.14792429251971384,-0.9511292799801687,0,0,0,0,1
2026-08-23,2026-08-22,Ghaziabad,TRANSITION_MARKOV,72,02,7,99,93,NEUTRAL,2,2,2,0.21470466928361814,3,8,7,0.3735176628131597,1,6,5,0.15881299352954154,0.9246710164513103,0,0,1,1,1
2026-08-23,2026-08-22,Ghaziabad,TRANSITION_MARKOV,72,05,8,99,93,NEUTRAL,2,2,2,0.21470466928361814,2,6,5,0.21662409227367999,0,4,3,0.001919422990061842,-0.02759454206424805,0,0,1,1,1
2026-08-23,2026-08-22,Gali,ECHO_7,31,13,6,83,86,NEUTRAL,1,2,2,0.10200176730804182,1,2,2,0.10961583940553424,0,0,0,0.007614072097492416,0.04077233393535151,0,0,1,1,1
2026-08-23,2026-08-22,Gali,ECHO_7,31,40,7,83,86,NEUTRAL,1,2,2,0.10200176730804182,0,1,1,0.07087798353697612,-1,-1,-1,-0.0311237837710657,-0.19571214048972901,0,0,0,0,1
2026-08-23,2026-08-22,Gali,ECHO_7,31,02,8,83,86,NEUTRAL,1,2,2,0.10200176730804182,3,6,5,0.24472929712322417,2,4,3,0.14272752981518233,0.8593532736484044,0,0,1,1,1
2026-08-24,2026-08-23,Deshawar,HOT_RECENCY,31,18,6,16,3,NEUTRAL,3,3,3,0.15742842033665894,0,2,2,0.12257570285601989,-3,-1,-1,-0.03485271748063905,-0.24889622047635862,0,0,1,1,1
2026-08-24,2026-08-23,Deshawar,HOT_RECENCY,31,29,7,16,3,NEUTRAL,3,3,3,0.15742842033665894,0,1,1,0.06386155828481634,-3,-2,-2,-0.0935668620518426,-0.5904512003144371,0,0,0,0,1
2026-08-24,2026-08-23,Deshawar,HOT_RECENCY,31,83,8,16,3,NEUTRAL,3,3,3,0.15742842033665894,0,1,1,0.06183126331385646,-3,-2,-2,-0.09559715702280247,-0.5941088038363558,0,0,0,0,1
2026-08-24,2026-08-23,Faridabad,DATE_TRIAD+MODEL_F+ECHO_7,46,33,6,77,32,NEUTRAL,1,2,2,0.22774130252998662,3,3,3,0.41423280844674343,2,1,1,0.1864915059167568,0.9454386690806174,0,0,1,1,3
2026-08-24,2026-08-23,Faridabad,DATE_TRIAD+MODEL_F+ECHO_7,46,28,7,77,32,NEUTRAL,1,2,2,0.22774130252998662,1,3,3,0.1567146920889074,0,1,1,-0.07102661044107922,-0.47436833766014197,0,0,1,1,3
2026-08-24,2026-08-23,Faridabad,DATE_TRIAD+MODEL_F+ECHO_7,46,58,8,77,32,NEUTRAL,1,2,2,0.22774130252998662,2,5,5,0.28326991590813333,1,3,3,0.05552861337814671,0.43029537330031076,0,0,1,1,3
2026-08-24,2026-08-23,Ghaziabad,TRANSITION_MARKOV,52,44,6,95,98,NEUTRAL,1,1,1,0.07285469633062723,1,3,3,0.1760852740546894,0,2,2,0.10323057772406218,0.6032666321463274,1,1,1,1,1
2026-08-24,2026-08-23,Ghaziabad,TRANSITION_MARKOV,52,50,7,95,98,NEUTRAL,1,1,1,0.07285469633062723,1,4,4,0.13881497582704294,0,3,3,0.06596027949641571,0.4115746400715596,1,1,1,1,1
2026-08-24,2026-08-23,Ghaziabad,TRANSITION_MARKOV,52,51,8,95,98,NEUTRAL,1,1,1,0.07285469633062723,0,1,1,0.06687542369564736,-1,0,0,-0.005979272634979868,-0.03164055005982214,1,1,0,0,1
2026-08-24,2026-08-23,Gali,ECHO_7,59,95,6,75,4,NEUTRAL,2,2,2,0.13845327551837863,0,1,1,0.05510784905211667,-2,-1,-1,-0.08334542646626196,-0.5663127884232275,0,0,0,0,1
2026-08-24,2026-08-23,Gali,ECHO_7,59,84,7,75,4,NEUTRAL,2,2,2,0.13845327551837863,1,2,2,0.2202784761922718,-1,0,0,0.08182520067389318,0.4421531768468605,0,0,1,1,1
2026-08-24,2026-08-23,Gali,ECHO_7,59,42,8,75,4,NEUTRAL,2,2,2,0.13845327551837863,0,1,1,0.05706771195994068,-2,-1,-1,-0.08138556355843796,-0.5493233721993569,0,0,0,0,1
2026-08-25,2026-08-24,Deshawar,HOT_RECENCY,41,18,6,36,70,NEUTRAL,2,2,2,0.12807044460715442,1,3,3,0.15946424866528958,-1,1,1,0.03139380405813516,0.26042274470451254,0,0,1,1,1
2026-08-25,2026-08-24,Deshawar,HOT_RECENCY,41,83,7,36,70,NEUTRAL,2,2,2,0.12807044460715442,1,4,3,0.264362559928939,-1,2,1,0.13629211532178456,0.8862252269487172,0,0,1,1,1
2026-08-25,2026-08-24,Deshawar,HOT_RECENCY,41,29,8,36,70,NEUTRAL,2,2,2,0.12807044460715442,2,4,4,0.23738602898172853,0,2,2,0.10931558437457412,0.7327177121441513,0,0,1,1,1
2026-08-25,2026-08-24,Faridabad,DATE_TRIAD+MODEL_F+ECHO_7,58,42,6,71,80,NEUTRAL,2,4,4,0.30552862941225695,1,1,1,0.13793020986063698,-1,-3,-3,-0.16759841955161997,-1.1494225496004038,0,0,0,0,3
2026-08-25,2026-08-24,Faridabad,DATE_TRIAD+MODEL_F+ECHO_7,58,00,7,71,80,NEUTRAL,2,4,4,0.30552862941225695,2,6,6,0.33647413731378817,0,2,2,0.030945507901531222,0.07958364570939569,0,0,1,1,3
2026-08-25,2026-08-24,Faridabad,DATE_TRIAD+MODEL_F+ECHO_7,58,31,8,71,80,NEUTRAL,2,4,4,0.30552862941225695,2,4,4,0.1868107364265036,0,0,0,-0.11871789298575336,-0.8078904118209822,0,0,1,1,3
2026-08-25,2026-08-24,Ghaziabad,TRANSITION_MARKOV,51,56,6,53,3,NEUTRAL,1,1,1,0.07009989176372737,0,1,1,0.06422850693088414,-1,0,0,-0.005871384832843232,-0.03296745035200699,1,1,0,0,1
2026-08-25,2026-08-24,Ghaziabad,TRANSITION_MARKOV,51,57,7,53,3,NEUTRAL,1,1,1,0.07009989176372737,0,2,2,0.08574243947272804,-1,1,1,0.01564254770900067,0.11209594836505427,1,1,1,1,1
2026-08-25,2026-08-24,Ghaziabad,TRANSITION_MARKOV,51,43,8,53,3,NEUTRAL,1,1,1,0.07009989176372737,0,1,1,0.05433648723488179,-1,0,0,-0.01576340452884558,-0.08629979859914311,1,1,0,0,1
2026-08-25,2026-08-24,Gali,ECHO_7,72,11,6,89,91,NEUTRAL,2,4,4,0.13928803077891125,0,1,1,0.09567548646530526,-2,-3,-3,-0.04361254431360599,-0.2708686714451952,0,0,0,0,1
2026-08-25,2026-08-24,Gali,ECHO_7,72,07,7,89,91,NEUTRAL,2,4,4,0.13928803077891125,0,1,1,0.087109113521588,-2,-3,-3,-0.05217891725732325,-0.3304060195881723,0,0,0,0,1
2026-08-25,2026-08-24,Gali,ECHO_7,72,00,8,89,91,NEUTRAL,2,4,4,0.13928803077891125,0,5,5,0.14888043807849935,-2,1,1,0.009592407299588102,0.06312775070956256,0,0,1,1,1
2026-08-26,2026-08-25,Deshawar,HOT_RECENCY,31,41,6,80,89,NEUTRAL,1,2,2,0.10889887222506835,3,4,4,0.18355030651929044,2,2,2,0.0746514342942221,0.45639464156571274,0,0,1,1,1
2026-08-26,2026-08-25,Deshawar,HOT_RECENCY,31,18,7,80,89,NEUTRAL,1,2,2,0.10889887222506835,0,4,4,0.14262504425619704,-1,2,2,0.033726172031128696,0.22618863042203996,0,0,1,1,1
2026-08-26,2026-08-25,Deshawar,HOT_RECENCY,31,83,8,80,89,NEUTRAL,1,2,2,0.10889887222506835,1,2,2,0.12445731293921997,0,0,0,0.01555844071415162,0.11190203479674554,0,0,1,1,1
2026-08-26,2026-08-25,Faridabad,DATE_TRIAD+MODEL_F+ECHO_7,22,53,6,49,75,NEUTRAL,5,6,5,0.5847891570875311,1,1,1,0.11786316697965486,-4,-5,-4,-0.4669259901078762,-2.8120155534504034,0,0,0,0,3
2026-08-26,2026-08-25,Faridabad,DATE_TRIAD+MODEL_F+ECHO_7,22,88,7,49,75,NEUTRAL,5,6,5,0.5847891570875311,5,6,5,0.39736363116786055,0,0,0,-0.18742552591967054,-1.166126273159362,0,0,1,1,3
2026-08-26,2026-08-25,Faridabad,DATE_TRIAD+MODEL_F+ECHO_7,22,35,8,49,75,NEUTRAL,5,6,5,0.5847891570875311,2,2,2,0.17203905331646316,-3,-4,-3,-0.4127501037710679,-2.4104552645954804,0,0,1,1,3
2026-08-26,2026-08-25,Ghaziabad,TRANSITION_MARKOV,29,19,6,90,84,NEUTRAL,1,1,1,0.07612723082969028,0,1,1,0.08397304446412425,-1,0,0,0.00784581363443397,0.04844086061275793,1,1,0,0,1
2026-08-26,2026-08-25,Ghaziabad,TRANSITION_MARKOV,29,20,7,90,84,NEUTRAL,1,1,1,0.07612723082969028,0,1,1,0.1001950693996343,-1,0,0,0.024067838569944017,0.15012787001200784,1,1,0,0,1
2026-08-26,2026-08-25,Ghaziabad,TRANSITION_MARKOV,29,24,8,90,84,NEUTRAL,1,1,1,0.07612723082969028,0,1,1,0.06702698189280039,-1,0,0,-0.00910024893688989,-0.04764160960568675,1,1,0,0,1
2026-08-26,2026-08-25,Gali,ECHO_7,85,58,6,77,79,NEUTRAL,1,2,2,0.09171634651668582,1,2,2,0.11138800826447352,0,0,0,0.0196716617477877,0.13430850599697564,0,0,1,1,1
2026-08-26,2026-08-25,Gali,ECHO_7,85,43,7,77,79,NEUTRAL,1,2,2,0.09171634651668582,2,3,3,0.27123242434546113,1,1,1,0.17951607782877532,1.1588033670135762,0,0,1,1,1
2026-08-26,2026-08-25,Gali,ECHO_7,85,14,8,77,79,NEUTRAL,1,2,2,0.09171634651668582,0,1,1,0.07526922565207371,-1,-1,-1,-0.016447120864612114,-0.0985432887735801,0,0,0,0,1
2026-08-27,2026-08-26,Deshawar,HOT_RECENCY,36,31,6,99,100,NEUTRAL,2,3,3,0.13673747094625155,0,1,1,0.07532998765027678,-2,-2,-2,-0.06140748329597477,-0.33739862741200605,0,0,0,0,1
2026-08-27,2026-08-26,Deshawar,HOT_RECENCY,36,41,7,99,100,NEUTRAL,2,3,3,0.13673747094625155,0,2,2,0.09864935439200602,-2,-1,-1,-0.03808811655424553,-0.20613413409660386,0,0,1,1,1
2026-08-27,2026-08-26,Deshawar,HOT_RECENCY,36,18,8,99,100,NEUTRAL,2,3,3,0.13673747094625155,2,3,3,0.17129940108165595,0,0,0,0.0345619301354044,0.27185457395483104,0,0,1,1,1
2026-08-27,2026-08-26,Faridabad,DATE_TRIAD+MODEL_F+ECHO_7,91,37,6,61,76,NEUTRAL,1,2,2,0.22751693042625462,1,1,1,0.1114511804015327,0,-1,-1,-0.11606575002472191,-0.7365779242182688,0,0,0,0,3
2026-08-27,2026-08-26,Faridabad,DATE_TRIAD+MODEL_F+ECHO_7,91,88,7,61,76,NEUTRAL,1,2,2,0.22751693042625462,5,5,5,0.41877523625998203,4,3,3,0.1912583058337274,1.0150789597278989,0,0,1,1,3
2026-08-27,2026-08-26,Faridabad,DATE_TRIAD+MODEL_F+ECHO_7,91,19,8,61,76,NEUTRAL,1,2,2,0.22751693042625462,2,3,3,0.18304075396550581,1,1,1,-0.044476176460748806,-0.26426235574413903,0,0,1,1,3
2026-08-27,2026-08-26,Ghaziabad,TRANSITION_MARKOV,52,55,6,93,95,NEUTRAL,1,1,1,0.08130002913171491,1,4,4,0.1650753675759556,0,3,3,0.08377533844424068,0.5399915637149304,1,1,1,1,1
2026-08-27,2026-08-26,Ghaziabad,TRANSITION_MARKOV,52,57,7,93,95,NEUTRAL,1,1,1,0.08130002913171491,0,1,1,0.058661352198019705,-1,0,0,-0.022638676933695208,-0.12916984381942415,1,1,0,0,1
2026-08-27,2026-08-26,Ghaziabad,TRANSITION_MARKOV,52,59,8,93,95,NEUTRAL,1,1,1,0.08130002913171491,0,3,3,0.11592010858543067,-1,2,2,0.03462007945371576,0.21868689993656565,1,1,1,1,1
2026-08-27,2026-08-26,Gali,ECHO_7,80,08,6,63,65,NEUTRAL,1,2,2,0.0911293519171625,0,1,1,0.10765263960792384,-1,-1,-1,0.01652328769076135,0.08232835123437432,0,0,0,0,1
2026-08-27,2026-08-26,Gali,ECHO_7,80,46,7,63,65,NEUTRAL,1,2,2,0.0911293519171625,1,2,2,0.09129905212012919,0,0,0,0.00016970020296669386,-0.03063682548673785,0,0,1,1,1
2026-08-27,2026-08-26,Gali,ECHO_7,80,38,8,63,65,NEUTRAL,1,2,2,0.0911293519171625,1,3,3,0.13115275765970036,0,1,1,0.04002340574253786,0.2564575394014835,0,0,1,1,1
2026-08-28,2026-08-27,Deshawar,HOT_RECENCY,80,36,6,27,67,NEUTRAL,6,7,7,0.40014314934992073,1,2,2,0.117305331659466,-5,-5,-5,-0.28283781769045474,-1.7986940790186239,0,0,1,1,1
2026-08-28,2026-08-27,Deshawar,HOT_RECENCY,80,31,7,27,67,NEUTRAL,6,7,7,0.40014314934992073,1,2,2,0.14537253666768274,-5,-5,-5,-0.254770612682238,-1.5836086903280528,0,0,1,1,1
2026-08-28,2026-08-27,Deshawar,HOT_RECENCY,80,41,8,27,67,NEUTRAL,6,7,7,0.40014314934992073,0,2,2,0.08016687831319677,-6,-5,-5,-0.319976271036724,-2.0075603332329175,0,0,1,1,1
2026-08-28,2026-08-27,Faridabad,G_SQUARE_HARMONICS,79,89,6,23,54,NEUTRAL,1,1,1,0.06282664626127128,0,1,1,0.06438117467023784,-1,0,0,0.0015545284089665545,0.011305955491212105,1,1,0,0,1
2026-08-28,2026-08-27,Faridabad,G_SQUARE_HARMONICS,79,91,7,23,54,NEUTRAL,1,1,1,0.06282664626127128,0,1,1,0.0657535201094581,-1,0,0,0.002926873848186823,0.018921971411313354,1,1,0,0,1
2026-08-28,2026-08-27,Faridabad,G_SQUARE_HARMONICS,79,93,8,23,54,NEUTRAL,1,1,1,0.06282664626127128,0,1,1,0.05017584970550214,-1,0,0,-0.012650796555769145,-0.07543573890528338,1,1,0,0,1
2026-08-28,2026-08-27,Ghaziabad,TRANSITION_MARKOV,54,58,6,59,3,NEUTRAL,2,2,2,0.13572649825121202,0,2,2,0.09111665903305088,-2,0,0,-0.04460983921816114,-0.2964401210074201,0,0,1,1,1
2026-08-28,2026-08-27,Ghaziabad,TRANSITION_MARKOV,54,45,7,59,3,NEUTRAL,2,2,2,0.13572649825121202,1,2,2,0.09802098032194893,-1,0,0,-0.03770551792926309,-0.2329273181881869,0,0,1,1,1
2026-08-28,2026-08-27,Ghaziabad,TRANSITION_MARKOV,54,51,8,59,3,NEUTRAL,2,2,2,0.13572649825121202,0,1,1,0.05593249758715316,-2,-1,-1,-0.07979400066405887,-0.5005871185260643,0,0,0,0,1
2026-08-28,2026-08-27,Gali,ECHO_7,35,53,6,86,87,NEUTRAL,1,3,3,0.1124634088163368,0,2,2,0.08866939090744617,-1,-1,-1,-0.02379401790889063,-0.14446263985915997,0,0,1,1,1
2026-08-28,2026-08-27,Gali,ECHO_7,35,65,7,86,87,NEUTRAL,1,3,3,0.1124634088163368,1,2,2,0.13982707175432793,0,-1,-1,0.027363662937991126,0.1915527310784474,0,0,1,1,1
2026-08-28,2026-08-27,Gali,ECHO_7,35,28,8,86,87,NEUTRAL,1,3,3,0.1124634088163368,0,2,2,0.07577324462743193,-1,-1,-1,-0.036690164188904875,-0.2191715848749481,0,0,1,1,1
2026-08-29,2026-08-28,Deshawar,HOT_RECENCY,99,80,6,31,7,NEUTRAL,4,5,5,0.35985737203436,3,5,5,0.2907250190575999,-1,0,0,-0.06913235297676013,-0.39341945225798414,0,0,1,1,1
2026-08-29,2026-08-28,Deshawar,HOT_RECENCY,99,31,7,31,7,RESCUE,4,5,5,0.35985737203436,0,1,1,0.08157463150126902,-4,-4,-4,-0.278282740533091,-1.6067664017334478,0,0,0,0,1
2026-08-29,2026-08-28,Deshawar,HOT_RECENCY,99,36,8,31,7,NEUTRAL,4,5,5,0.35985737203436,0,2,2,0.10469125587761897,-4,-3,-3,-0.25516611615674106,-1.4768682875583894,0,0,1,1,1
2026-08-29,2026-08-28,Faridabad,G_SQUARE_HARMONICS,16,17,6,62,30,NEUTRAL,3,4,4,0.2384629324889255,0,4,3,0.14179252581468466,-3,0,-1,-0.09667040667424084,-0.5788206830962588,0,0,1,1,1
2026-08-29,2026-08-28,Faridabad,G_SQUARE_HARMONICS,16,19,7,62,30,NEUTRAL,3,4,4,0.2384629324889255,0,3,2,0.13205030757938044,-3,-1,-2,-0.10641262490954506,-0.6511604152666206,0,0,1,1,1
2026-08-29,2026-08-28,Faridabad,G_SQUARE_HARMONICS,16,21,8,62,30,NEUTRAL,3,4,4,0.2384629324889255,0,1,1,0.08885478894154385,-3,-3,-3,-0.14960814354738167,-0.8905066426650867,0,0,0,0,1
